patientId,AGE,AJCC_METASTASIS_PATHOLOGIC_PM,AJCC_NODES_PATHOLOGIC_PN,AJCC_PATHOLOGIC_TUMOR_STAGE,AJCC_STAGING_EDITION,AJCC_TUMOR_PATHOLOGIC_PT,BRACHYTHERAPY_TOTAL_DOSE_POINT_A,CENT17_COPY_NUMBER,DAYS_TO_INITIAL_PATHOLOGIC_DIAGNOSIS,DFS_MONTHS,DFS_STATUS,DISEASE_CODE,ER_POSITIVITY_SCALE_OTHER,ER_POSITIVITY_SCALE_USED,ER_STATUS_BY_IHC,ER_STATUS_IHC_PERCENT_POSITIVE,ETHNICITY,FIRST_SURGICAL_PROCEDURE_OTHER,FORM_COMPLETION_DATE,HER2_AND_CENT17_CELLS_COUNT,HER2_AND_CENT17_SCALE_OTHER,HER2_CENT17_RATIO,HER2_COPY_NUMBER,HER2_FISH_METHOD,HER2_FISH_STATUS,HER2_IHC_PERCENT_POSITIVE,HER2_IHC_SCORE,HER2_POSITIVITY_METHOD_TEXT,HER2_POSITIVITY_SCALE_OTHER,HISTOLOGICAL_DIAGNOSIS,HISTOLOGICAL_SUBTYPE,HISTORY_NEOADJUVANT_TRTYN,HISTORY_OTHER_MALIGNANCY,ICD_10,ICD_O_3_HISTOLOGY,ICD_O_3_SITE,IHC_HER2,IHC_SCORE,INFORMED_CONSENT_VERIFIED,INITIAL_PATHOLOGIC_DX_YEAR,LYMPH_NODES_EXAMINED,LYMPH_NODES_EXAMINED_HE_COUNT,LYMPH_NODES_EXAMINED_IHC_COUNT,LYMPH_NODE_EXAMINED_COUNT,MARGIN_STATUS_REEXCISION,MENOPAUSE_STATUS,METASTATIC_SITE_OTHER,METASTATIC_SITE_PATIENT,METASTATIC_TUMOR_INDICATOR,METHOD_OF_INITIAL_SAMPLE_PROCUREMENT,METHOD_OF_INITIAL_SAMPLE_PROCUREMENT_OTHER,MICROMET_DETECTION_BY_IHC,NEW_TUMOR_EVENT_AFTER_INITIAL_TREATMENT,NTE_CENT_17_HER2_RATIO,NTE_ER_IHC_INTENSITY_SCORE,NTE_ER_STATUS,NTE_ER_STATUS_IHC_POSITIVE,NTE_HER2_FISH_STATUS,NTE_HER2_POSITIVITY_IHC_SCORE,NTE_HER2_STATUS,NTE_HER2_STATUS_IHC_POSITIVE,NTE_PR_IHC_INTENSITY_SCORE,NTE_PR_STATUS_BY_IHC,NTE_PR_STATUS_IHC_POSITIVE,OS_MONTHS,OS_STATUS,OTHER_PATIENT_ID,PATH_MARGIN,PHARMACEUTICAL_TX_ADJUVANT,PRIMARY_SITE_PATIENT,PROJECT_CODE,PROSPECTIVE_COLLECTION,PR_POSITIVITY_DEFINE_METHOD,PR_POSITIVITY_IHC_INTENSITY_SCORE,PR_POSITIVITY_SCALE_OTHER,PR_POSITIVITY_SCALE_USED,PR_STATUS_BY_IHC,PR_STATUS_IHC_PERCENT_POSITIVE,RACE,RADIATION_TREATMENT_ADJUVANT,RETROSPECTIVE_COLLECTION,SAMPLE_COUNT,SEX,SITE_OF_TUMOR_TISSUE,STAGING_SYSTEM,STAGING_SYSTEM_OTHER,SURGERY_FOR_POSITIVE_MARGINS,SURGERY_FOR_POSITIVE_MARGINS_OTHER,SURGICAL_PROCEDURE_FIRST,TISSUE_SOURCE_SITE,TUMOR_STATUS
TCGA-3C-AAAU,55,MX,NX,Stage X,6th,TX,,,0,59.4,1:Recurred/Progressed,,,,Positive,50-59%,NOT HISPANIC OR LATINO,,1/13/14,,,,,,[Not Evaluated],,,,,Infiltrating Lobular Carcinoma,,No,No,C50.9,8520/3,C50.9,Negative,,YES,2004,YES,4,,13,,Pre (<6 months since LMP AND no prior bilateral ovariectomy AND not on estrogen replacement),,,,,,YES,NO,,,,,,,,,,,,132.95,0:LIVING,6E7D5EC6-A469-467C-B748-237353C23416,Negative,YES,Left Lower Outer Quadrant,,NO,,,,,Positive,50-59%,WHITE,NO,YES,1,Female,Breast,Sentinel lymph node biopsy plus axillary dissection,,,,Modified Radical Mastectomy,3C,WITH TUMOR
TCGA-3C-AALI,50,M0,N1a,Stage IIB,6th,T2,,,0,131.57,0:DiseaseFree,,,,Positive,<10%,NOT HISPANIC OR LATINO,,7/28/14,,,,,,,,,,,Infiltrating Ductal Carcinoma,,No,No,C50.9,8500/3,C50.9,Positive,,YES,2003,YES,1,,15,,Post (prior bilateral ovariectomy OR >12 mo since LMP with no prior hysterectomy),,,,Core needle biopsy,,,NO,,,,,,,,,,,,131.57,0:LIVING,55262FCB-1B01-4480-B322-36570430C917,Negative,YES,Right Upper Outer Quadrant,,NO,,,,,Positive,<10%,BLACK OR AFRICAN AMERICAN,YES,YES,1,Female,Breast,Sentinel lymph node biopsy plus axillary dissection,,,,Lumpectomy,3C,TUMOR FREE
TCGA-3C-AALJ,62,M0,N1a,Stage IIB,7th,T2,,,0,48.42,0:DiseaseFree,,,,Positive,90-99%,NOT HISPANIC OR LATINO,,7/28/14,,,,,,,,,,,Infiltrating Ductal Carcinoma,,No,No,C50.9,8500/3,C50.9,Indeterminate,,YES,2011,YES,1,,23,,Post (prior bilateral ovariectomy OR >12 mo since LMP with no prior hysterectomy),,,,Core needle biopsy,,,NO,,,,,,,,,,,,48.42,0:LIVING,427D0648-3F77-4FFC-B52C-89855426D647,Negative,YES,Right,,NO,,,,,Positive,30-39%,BLACK OR AFRICAN AMERICAN,NO,YES,1,Female,Breast,,,,,Modified Radical Mastectomy,3C,TUMOR FREE
TCGA-3C-AALK,52,M0,N0 (i+),Stage IA,7th,T1c,,,0,47.57,0:DiseaseFree,,,,Positive,70-79%,NOT HISPANIC OR LATINO,,7/28/14,,,,,,,,,,,Infiltrating Ductal Carcinoma,,No,No,C50.9,8500/3,C50.9,Positive,,YES,2011,YES,0,1,2,,,,,,Core needle biopsy,,YES,NO,,,,,,,,,,,,47.57,0:LIVING,C31900A4-5DCD-4022-97AC-638E86E889E4,Close,YES,Right,,NO,,,,,Positive,80-89%,BLACK OR AFRICAN AMERICAN,,YES,1,Female,Breast,Sentinel node biopsy alone,,,,Simple Mastectomy,3C,TUMOR FREE
TCGA-4H-AAAK,50,M0,N2a,Stage IIIA,7th,T2,,,0,11.43,0:DiseaseFree,,,3 Point Scale,Positive,60-69%,NOT HISPANIC OR LATINO,,11/13/14,,,,,,,10-19%,2,,,Infiltrating Lobular Carcinoma,,No,No,C50.9,8520/3,C50.9,Equivocal,2,YES,2013,YES,4,,14,,Post (prior bilateral ovariectomy OR >12 mo since LMP with no prior hysterectomy),,,,Core needle biopsy,,NO,NO,,,,,,,,,,,,11.43,0:LIVING,6623FC5E-00BE-4476-967A-CBD55F676EA6,Negative,YES,Left|Left Upper Outer Quadrant,,YES,,2+,,3 Point Scale,Positive,70-79%,WHITE,NO,NO,1,Female,Breast,Axillary lymph node dissection alone,,,,Modified Radical Mastectomy,4H,TUMOR FREE
TCGA-5L-AAT0,42,M0,N0,Stage IIA,7th,T2,,,0,48.52,0:DiseaseFree,,,,Positive,70-79%,HISPANIC OR LATINO,,8/15/14,,,,,,,,1,,,Infiltrating Lobular Carcinoma,,No,Yes,C50.9,8520/3,C50.9,Negative,,YES,2010,YES,0,0,8,,Post (prior bilateral ovariectomy OR >12 mo since LMP with no prior hysterectomy),,,,Incisional Biopsy,,NO,NO,,,,,,,,,,,,48.52,0:LIVING,86C6F993-327F-4525-9983-29C55625593A,Positive,YES,Right|Right Lower Outer Quadrant,,NO,,,,,Positive,50-59%,WHITE,YES,YES,1,Female,Breast,Axillary lymph node dissection alone,,,,Modified Radical Mastectomy,5L,TUMOR FREE
TCGA-5L-AAT1,63,M1,N0,Stage IV,7th,T2,,,0,48.32,0:DiseaseFree,,,,Positive,80-89%,HISPANIC OR LATINO,,8/15/14,,,,,,,,2,CISH,CISH,Infiltrating Lobular Carcinoma,,No,Yes,C50.9,8520/3,C50.9,Equivocal,,YES,2010,YES,0,,1,,Post (prior bilateral ovariectomy OR >12 mo since LMP with no prior hysterectomy),,Bone,,Tumor resection,,NO,NO,,,,,,,,,,,,48.32,0:LIVING,16FC3677-0393-4ED1-AD3F-C8355F056369,Negative,YES,Left,,NO,,,,,Positive,10-19%,WHITE,NO,YES,1,Female,Breast,Other (specify),Level 1 clearance,,,Simple Mastectomy,5L,WITH TUMOR
TCGA-5T-A9QA,52,MX,NX,Stage IIA,7th,T2,,,0,9.95,0:DiseaseFree,,,3 Point Scale,Positive,70-79%,NOT HISPANIC OR LATINO,,12/23/13,,,,,,Negative,10-19%,2,,,"Other, specify",,No,No,C50.9,8523/3,C50.9,Equivocal,2,YES,2013,NO,,,,,,,,,Excisional Biopsy,,NO,NO,,,,,,,,,,,,9.95,0:LIVING,2FD36838-5A83-433E-AC80-B1F77448E5AA,,,Left,,YES,,,,,Negative,,BLACK OR AFRICAN AMERICAN,,NO,1,Female,Breast,No axillary staging,,,,,5T,
TCGA-A1-A0SB,70,M0,N0,Stage I,6th,T1c,,,0,8.51,0:DiseaseFree,,,,Positive,70-79%,NOT HISPANIC OR LATINO,,6/30/11,,,,,,,,,,,"Other, specify",,No,No,C50.9,8200/3,C50.9,Negative,,YES,2008,YES,0,,2,,Post (prior bilateral ovariectomy OR >12 mo since LMP with no prior hysterectomy),,,NO,Fine needle aspiration biopsy,,,,,,,,,,,,,,,8.51,0:LIVING,0045349c-69d9-4306-a403-c9c1fa836644,Negative,,Left,,NO,,,,,Negative,,WHITE,,YES,1,Female,Breast,Sentinel node biopsy alone,,,,Lumpectomy,A1,TUMOR FREE
TCGA-A1-A0SD,59,M0,N0,Stage IIA,6th,T2,,,0,14.36,0:DiseaseFree,,,,Positive,90-99%,NOT HISPANIC OR LATINO,,9/7/11,,,,,,,,,,,Infiltrating Ductal Carcinoma,,No,No,C50.9,8500/3,C50.9,Negative,,YES,2005,YES,0,0,3,Negative,,,,,Core needle biopsy,,,,,,,,,,,,,,,14.36,0:LIVING,c462e422-eb8d-4daf-9897-2a9c6cbd783a,Positive,,Left,,NO,,,,,Positive,90-99%,WHITE,,YES,1,Female,Breast,Sentinel lymph node biopsy plus axillary dissection,,Lumpectomy,,Lumpectomy,A1,
TCGA-A1-A0SE,56,M0,N0 (i-),Stage I,6th,T1c,,2,0,43.4,0:DiseaseFree,,,,Positive,80-89%,NOT HISPANIC OR LATINO,,12/6/10,,,1,2,,Negative,,1,,,Mixed Histology (please specify),invasive ductal and lobular carcinoma,No,No,C50.9,8522/3,C50.9,Negative,3,YES,2005,,0,,8,,Pre (<6 months since LMP AND no prior bilateral ovariectomy AND not on estrogen replacement),,,,Core needle biopsy,,,,,,,,,,,,,,,43.4,0:LIVING,c397e6c2-ba3a-4f5e-a258-c140611192fe,Negative,,Left Upper Outer Quadrant,,NO,,3+,,,Positive,90-99%,WHITE,,YES,1,Female,Breast,Sentinel lymph node biopsy plus axillary dissection,,,,Modified Radical Mastectomy,A1,TUMOR FREE
TCGA-A1-A0SF,54,M0,N0,Stage IIA,6th,T2,,,0,48.06,0:DiseaseFree,,,,Positive,90-99%,NOT HISPANIC OR LATINO,,5/24/11,,,,,,,,,,,Infiltrating Ductal Carcinoma,,No,No,C50.9,8500/3,C50.9,Negative,,YES,2006,YES,0,,2,,Pre (<6 months since LMP AND no prior bilateral ovariectomy AND not on estrogen replacement),,,NO,Fine needle aspiration biopsy,,,,,,,,,,,,,,,48.06,0:LIVING,4b620966-b4c7-4615-bf58-ca9d3226b9bd,Negative,,Left,,NO,,,,,Positive,90-99%,WHITE,,YES,1,Female,Breast,Sentinel lymph node biopsy plus axillary dissection,,,,Modified Radical Mastectomy,A1,TUMOR FREE
TCGA-A1-A0SG,61,M0,N1a,Stage IIB,6th,T2,,,0,14.26,0:DiseaseFree,,,,Positive,90-99%,NOT HISPANIC OR LATINO,,5/31/11,,,,,,,,,,,"Other, specify",,No,No,C50.9,8507/3,C50.9,Negative,,YES,2006,YES,1,,11,,Post (prior bilateral ovariectomy OR >12 mo since LMP with no prior hysterectomy),,,,Core needle biopsy,,,,,,,,,,,,,,,14.26,0:LIVING,0ed9ad26-7fdc-4d75-93f9-d029eee94993,Negative,,Right,,NO,,,,,Positive,90-99%,WHITE,,YES,1,Female,Breast,Sentinel lymph node biopsy plus axillary dissection,,,,Lumpectomy,A1,
TCGA-A1-A0SH,39,M0,N0 (i-),Stage IIA,6th,T2,,1.8,0,47.21,0:DiseaseFree,,,,Negative,,NOT HISPANIC OR LATINO,,12/6/10,,,1.4,2.5,,Negative,,2,,,Infiltrating Ductal Carcinoma,,No,No,C50.9,8500/3,C50.9,Equivocal,,YES,2006,,0,,2,,Pre (<6 months since LMP AND no prior bilateral ovariectomy AND not on estrogen replacement),,,,Fine needle aspiration biopsy,,,,,,,,,,,,,,,47.21,0:LIVING,a6a863d9-b39d-4965-b47f-79a1bcf3c976,Negative,,Left Upper Inner Quadrant,,NO,,,,,Positive,90-99%,WHITE,,YES,1,Female,Breast,Sentinel node biopsy alone,,,,Lumpectomy,A1,TUMOR FREE
TCGA-A1-A0SI,52,M0,N1a,Stage IIB,6th,T2,,,0,20.86,0:DiseaseFree,,,,Positive,50-59%,NOT HISPANIC OR LATINO,,6/30/11,,,,,,,,,,,Infiltrating Ductal Carcinoma,,No,No,C50.9,8500/3,C50.9,Negative,,YES,2007,YES,1,,23,,,,,NO,Fine needle aspiration biopsy,,,,,,,,,,,,,,,20.86,0:LIVING,16368c32-2118-4fcf-8693-6c89995e49d8,Negative,,Right,,NO,,,,,Positive,10-19%,WHITE,,YES,1,Female,Breast,Sentinel lymph node biopsy plus axillary dissection,,,,Lumpectomy,A1,TUMOR FREE
TCGA-A1-A0SJ,39,M0,N1a,Stage IIIA,6th,T3,,4,0,13.67,0:DiseaseFree,,,,Positive,70-79%,NOT HISPANIC OR LATINO,,12/6/10,,,1,5,,Negative,,2,,,Infiltrating Ductal Carcinoma,,No,No,C50.9,8500/3,C50.9,Equivocal,,YES,2006,,3,,19,,,,,,Core needle biopsy,,,,,,,,,,,,,,,13.67,0:LIVING,a2db9dd1-44d5-48b5-817c-a21a85fadb21,Negative,,Left,,NO,,,,,Positive,10-19%,BLACK OR AFRICAN AMERICAN,,YES,1,Female,Breast,Sentinel lymph node biopsy plus axillary dissection,,,,Modified Radical Mastectomy,A1,TUMOR FREE
TCGA-A1-A0SK,54,M0,N0 (i-),Stage IIA,6th,T2,,,0,,,,,,Negative,,NOT HISPANIC OR LATINO,,12/6/10,,,,,,,,0,,,"Other, specify",,No,No,C50.9,8013/3,C50.9,Negative,,YES,2007,,0,,4,Negative,Indeterminate (neither Pre or Postmenopausal),,,,Excisional Biopsy,,,,,,,,,,,,,,,31.77,1:DECEASED,a5b44d66-c162-46b5-9df2-86305f0385c5,Positive,,Right Upper Outer Quadrant,,NO,,,,,Negative,,ASIAN,,YES,1,Female,Breast,Sentinel lymph node biopsy plus axillary dissection,,Other,surgical resection,Lumpectomy,A1,
TCGA-A1-A0SM,77,M0,N0 (i-),Stage IIA,6th,T2,,2,0,7.95,0:DiseaseFree,,,,Positive,20-29%,NOT HISPANIC OR LATINO,,12/6/10,,,11,21,,Positive,,3,,,Infiltrating Ductal Carcinoma,,No,No,C50.9,8500/3,C50.9,Positive,,YES,2007,,0,,3,,,,,,Core needle biopsy,,,,,,,,,,,,,,,7.95,0:LIVING,784de7ac-8424-42eb-83d4-a1bebaa42b97,Negative,,Left,,NO,,,,,Negative,,WHITE,,YES,1,Male,Breast,Sentinel lymph node biopsy plus axillary dissection,,,,Modified Radical Mastectomy,A1,TUMOR FREE
TCGA-A1-A0SN,50,MX,N1,Stage IIA,6th,T1c,,,0,39.29,0:DiseaseFree,,,,Positive,90-99%,NOT HISPANIC OR LATINO,,5/23/11,,,,,,,,,,,Infiltrating Ductal Carcinoma,,No,No,C50.9,8500/3,C50.9,Positive,,YES,2007,YES,4,,13,,Post (prior bilateral ovariectomy OR >12 mo since LMP with no prior hysterectomy),,,,Core needle biopsy,,,,,,,,,,,,,,,39.29,0:LIVING,0dc337fa-da8b-42c4-b9a7-fb76d81c161f,Negative,,Left,,NO,,,,,Positive,60-69%,WHITE,,YES,1,Female,Breast,Sentinel lymph node biopsy plus axillary dissection,,,,Lumpectomy,A1,TUMOR FREE
TCGA-A1-A0SO,67,M0,N1,Stage IIB,6th,T2,,3.2,0,27.99,0:DiseaseFree,,,,Negative,,NOT HISPANIC OR LATINO,,12/6/10,,,1.6,5,,Negative,,,,,Infiltrating Ductal Carcinoma,,No,No,C50.9,8500/3,C50.9,Equivocal,,YES,2007,,1,,9,,Post (prior bilateral ovariectomy OR >12 mo since LMP with no prior hysterectomy),,,,Core needle biopsy,,,,,,,,,,,,,,,27.99,0:LIVING,6644fd4e-d2fe-4785-a73c-0f36fcc740e2,Negative,,Right,,NO,,,,,Negative,,WHITE,,YES,1,Female,Breast,Sentinel lymph node biopsy plus axillary dissection,,,,Modified Radical Mastectomy,A1,TUMOR FREE
TCGA-A1-A0SP,40,M0,N0 (i-),Stage IIA,6th,T2,,,0,19.19,0:DiseaseFree,,,,Negative,,NOT HISPANIC OR LATINO,,12/6/10,,,,,,,,0,,,Infiltrating Ductal Carcinoma,,,Yes,C50.9,8500/3,C50.9,Negative,,YES,2007,,0,,3,,,,,,Fine needle aspiration biopsy,,,,,,,,,,,,,,,19.19,0:LIVING,a9bb8159-32f0-454c-a946-b3286a52b9d5,Negative,,Right,,NO,,,,,Negative,,,,YES,1,Female,Breast,Axillary lymph node dissection alone,,,,Lumpectomy,A1,TUMOR FREE
TCGA-A1-A0SQ,45,MX,N1,Stage IIB,6th,T2,,,0,18.2,0:DiseaseFree,,,,Positive,90-99%,NOT HISPANIC OR LATINO,,6/30/11,,,,,,,,,,,Infiltrating Ductal Carcinoma,,No,No,C50.9,8500/3,C50.9,Negative,,YES,2007,YES,1,,15,,Pre (<6 months since LMP AND no prior bilateral ovariectomy AND not on estrogen replacement),,,NO,Core needle biopsy,,,,,,,,,,,,,,,18.2,0:LIVING,08de63a2-7b76-43c3-80dc-df748b1d81bc,Negative,,Left,,NO,,,,,Positive,90-99%,WHITE,,YES,1,Female,Breast,Sentinel lymph node biopsy plus axillary dissection,,,,Modified Radical Mastectomy,A1,TUMOR FREE
TCGA-A2-A04N,66,M0,N0 (i-),Stage IA,5th,T1c,,,0,143.04,0:DiseaseFree,,,,Positive,,HISPANIC OR LATINO,,1/27/11,,,1.2,,,Negative,,,,,Infiltrating Ductal Carcinoma,,No,No,C50.9,8500/3,C50.9,,,YES,2002,,0,0,6,,Post (prior bilateral ovariectomy OR >12 mo since LMP with no prior hysterectomy),,,,Fine needle aspiration biopsy,,YES,,,,,,,,,,,,,143.04,0:LIVING,197428f7-bd77-4c5f-8119-87157b5c35b9,Negative,,Right,,NO,,,,,Positive,,WHITE,,YES,1,Female,Breast,Other (specify),Sentinel lymph node biopsy plus non-sentinel lymph node biopsy,,,Lumpectomy,A2,TUMOR FREE
TCGA-A2-A04P,36,M0,N3c,Stage IIIC,6th,T2,,,0,10.28,1:Recurred/Progressed,,,,Negative,<10%,,,8/26/10,,,1.3,,,Negative,,,,,Infiltrating Ductal Carcinoma,,No,No,C50.9,8500/3,C50.9,,,YES,2003,,18,0,20,Positive,Pre (<6 months since LMP AND no prior bilateral ovariectomy AND not on estrogen replacement),,,,Excisional Biopsy,,NO,,,,,,,,,,,,,18,1:DECEASED,ccd4a24b-d8cc-4686-9dee-c98b0c5a8d21,Positive,,Left,,NO,,,,,Negative,<10%,BLACK OR AFRICAN AMERICAN,,YES,1,Female,Breast,Axillary lymph node dissection alone,,Mastectomy NOS,,Lumpectomy,A2,WITH TUMOR
TCGA-A2-A04Q,48,M0,N0 (i-),Stage IA,6th,T1,,,0,78.35,0:DiseaseFree,,,,Negative,<10%,,,8/10/10,,,1.4,,,Negative,,2,,,Infiltrating Ductal Carcinoma,,No,No,C50.9,8500/3,C50.9,Equivocal,,YES,2004,,0,0,3,,Post (prior bilateral ovariectomy OR >12 mo since LMP with no prior hysterectomy),,,,"Other method, specify:",SKIN BIOPSY,YES,,,,,,,,,,,,,78.35,0:LIVING,b5fba77b-1f50-4e71-95b2-566afba4bdd7,Negative,,Right Upper Outer Quadrant|Right,,NO,,,,,Negative,<10%,WHITE,,YES,1,Female,Breast,Other (specify),SLN AND NON-SLN BX,,,Simple Mastectomy,A2,TUMOR FREE
TCGA-A2-A04R,36,M0,N0 (i-),Stage IA,6th,T1,,,0,121.85,0:DiseaseFree,,,,Positive,60-69%,NOT HISPANIC OR LATINO,,10/8/10,,,1.1,,,Negative,,2,,,Infiltrating Ductal Carcinoma,,No,No,C50.9,8500/3,C50.9,Equivocal,,YES,2004,,0,0,1,,Pre (<6 months since LMP AND no prior bilateral ovariectomy AND not on estrogen replacement),,,,Core needle biopsy,,YES,,,,,,,,,,,,,121.85,0:LIVING,f3a058b9-fb7f-4098-8f0e-83c2acfa1ed5,Negative,,Left Upper Inner Quadrant,,NO,,,,,Positive,80-89%,BLACK OR AFRICAN AMERICAN,,YES,1,Female,Breast,Sentinel node biopsy alone,,,,Lumpectomy,A2,TUMOR FREE
TCGA-A2-A04T,62,M0,N0 (i-),Stage IIA,6th,T2,,,0,73.78,0:DiseaseFree,,,,Negative,<10%,,,8/9/10,,,1.1,,,Negative,,2,,,Infiltrating Ductal Carcinoma,,No,No,C50.9,8500/3,C50.9,Equivocal,,YES,2004,,0,0,3,,Post (prior bilateral ovariectomy OR >12 mo since LMP with no prior hysterectomy),,,,Core needle biopsy,,YES,,,,,,,,,,,,,73.78,0:LIVING,b58ad350-5140-4fa8-bc2c-24bca8395f3a,Negative,,Left Upper Inner Quadrant,,NO,,,,,Negative,<10%,WHITE,,YES,1,Female,Breast,Sentinel node biopsy alone,,,,Lumpectomy,A2,TUMOR FREE
TCGA-A2-A04U,47,M0,N0 (i+),Stage IIA,6th,T2,,,0,87.19,0:DiseaseFree,,,,Negative,<10%,NOT HISPANIC OR LATINO,,1/5/11,,,2.2,,,Positive,,1,,,Infiltrating Ductal Carcinoma,,No,No,C50.9,8500/3,C50.9,Negative,,YES,2004,,0,1,3,,Peri (6-12 months since last menstrual period),,,,Core needle biopsy,,YES,,,,,,,,,,,,,87.19,0:LIVING,1c3610f7-e0aa-48d7-9a27-0dbaf6e244f9,Negative,,Right,,NO,,,,,Negative,<10%,WHITE,,YES,1,Female,Breast,Sentinel node biopsy alone,,,,Simple Mastectomy,A2,TUMOR FREE
TCGA-A2-A04V,39,M0,N0 (i-),Stage IIA,6th,T2,,,0,48.29,1:Recurred/Progressed,,STRONG,,Positive,90-99%,NOT HISPANIC OR LATINO,,8/10/10,,,1.1,,,Negative,,2,,,Infiltrating Ductal Carcinoma,,No,No,C50.9,8500/3,C50.9,Equivocal,,YES,2005,,0,0,2,,Pre (<6 months since LMP AND no prior bilateral ovariectomy AND not on estrogen replacement),,,,Core needle biopsy,,YES,,,,,,,,,,,,,63.07,1:DECEASED,64f67506-f2df-4f0a-b7be-29b4949e986a,Negative,,Right Lower Outer Quadrant|Right,,NO,,,MODERATE,,Positive,10-19%,WHITE,,YES,1,Female,Breast,Sentinel node biopsy alone,,,,Simple Mastectomy,A2,WITH TUMOR
TCGA-A2-A04W,50,M0,N1mi,Stage IIB,6th,T2,,,0,101.91,0:DiseaseFree,,,,Negative,<10%,NOT HISPANIC OR LATINO,,1/5/11,,,3.2,,,Positive,,,,,"Other, specify",,No,No,C50.9,8401/3,C50.9,Positive,,YES,2005,,1,,19,,Pre (<6 months since LMP AND no prior bilateral ovariectomy AND not on estrogen replacement),,,,Core needle biopsy,,NO,,,,,,,,,,,,,101.91,0:LIVING,00807dae-9f4a-4fd1-aac2-82eb11bf2afb,Negative,,Right Upper Outer Quadrant,,NO,,,,,Negative,<10%,WHITE,,YES,1,Female,Breast,Axillary lymph node dissection alone,,,,Modified Radical Mastectomy,A2,TUMOR FREE
TCGA-A2-A04X,34,M0,N0 (i-),Stage IIA,6th,T2,,,0,55.39,0:DiseaseFree,,STRONG,,Positive,80-89%,,,8/9/10,,,3.2,,,Positive,,3,,,Infiltrating Ductal Carcinoma,,No,No,C50.9,8500/3,C50.9,Positive,,YES,2006,,0,0,3,,Pre (<6 months since LMP AND no prior bilateral ovariectomy AND not on estrogen replacement),,,,Core needle biopsy,,YES,,,,,,,,,,,,,55.39,0:LIVING,733a2a0f-b37a-4b81-b49e-3c0f30d1eb37,Negative,,Left,,NO,,,MODERATE,,Positive,50-59%,WHITE,,YES,1,Female,Breast,Sentinel node biopsy alone,,,,Simple Mastectomy,A2,TUMOR FREE
TCGA-A2-A04Y,53,M0,N1mi,Stage IIB,6th,T2,,,0,36.1,0:DiseaseFree,,Strong,,Positive,90-99%,,,8/9/10,,,1.13,,,Negative,,1,,,Infiltrating Ductal Carcinoma,,No,No,C50.9,8500/3,C50.9,Negative,,YES,2008,,1,0,13,,Post (prior bilateral ovariectomy OR >12 mo since LMP with no prior hysterectomy),,,,Core needle biopsy,,YES,,,,,,,,,,,,,36.1,0:LIVING,9ce7ce09-4409-4fa3-9f78-b2b24716f860,Negative,,Right Upper Outer Quadrant,,NO,,,,,Positive,10-19%,WHITE,,YES,1,Female,Breast,Sentinel lymph node biopsy plus axillary dissection,,,,Simple Mastectomy,A2,TUMOR FREE
TCGA-A2-A0CK,60,M0,N2a,Stage IIIA,5th,T3,,,0,44.81,1:Recurred/Progressed,,,3 Point Scale,Positive,40-49%,NOT HISPANIC OR LATINO,,5/21/12,,,1.1,,,Negative,,,,,Infiltrating Lobular Carcinoma,,No,No,C50.9,8520/3,C50.9,Negative,2,YES,2001,YES,4,,20,Negative,Post (prior bilateral ovariectomy OR >12 mo since LMP with no prior hysterectomy),,,NO,Excisional Biopsy,,NO,,,,,,,,,,,,,136.63,0:LIVING,5ACA16CA-4516-4E27-8249-6914029A7EBF,Positive,,Right,,NO,,3+,,3 Point Scale,Positive,80-89%,WHITE,,YES,1,Female,Breast,Sentinel lymph node biopsy plus axillary dissection,,Modified radical mastectomy,,Lumpectomy,A2,TUMOR FREE
TCGA-A2-A0CL,37,M0,N2a,Stage IIIA,6th,T3,,,0,99.05,0:DiseaseFree,,,,Positive,20-29%,NOT HISPANIC OR LATINO,,1/28/11,,,1.1,,,Negative,,1,,,Infiltrating Ductal Carcinoma,,No,No,C50.9,8500/3,C50.9,Negative,,YES,2006,,9,0,14,,Pre (<6 months since LMP AND no prior bilateral ovariectomy AND not on estrogen replacement),,,,Core needle biopsy,,NO,,,,,,,,,,,,,99.05,0:LIVING,5c8983f2-9788-4dfa-971c-3ec457b6166e,Positive,,Right Lower Outer Quadrant,,NO,,,,,Positive,<10%,BLACK OR AFRICAN AMERICAN,,YES,1,Female,Breast,Axillary lymph node dissection alone,,,,Modified Radical Mastectomy,A2,TUMOR FREE
TCGA-A2-A0CM,40,M0,N0 (i-),Stage IIA,6th,T2,,,0,12.55,1:Recurred/Progressed,,,,Negative,<10%,NOT HISPANIC OR LATINO,,9/6/10,,,,,,,<10%,0,,,Infiltrating Ductal Carcinoma,,No,No,C50.9,8500/3,C50.9,Negative,0,YES,2003,,0,0,1,,Pre (<6 months since LMP AND no prior bilateral ovariectomy AND not on estrogen replacement),,,,Excisional Biopsy,,YES,,,,,,,,,,,,,24.77,1:DECEASED,eb2dbb4f-66b6-4525-8323-431970f7a64e,Negative,,Left,,NO,,0,,,Negative,<10%,BLACK OR AFRICAN AMERICAN,,YES,1,Female,Breast,Sentinel node biopsy alone,,,,Simple Mastectomy,A2,WITH TUMOR
TCGA-A2-A0CO,85,M0,N0,Stage IIB,7th,T3,,,0,,,,,3 Point Scale,Positive,40-49%,NOT HISPANIC OR LATINO,,5/21/12,,,1.1,,,Negative,,,,,Infiltrating Lobular Carcinoma,,No,No,C50.9,8520/3,C50.9,Negative,2,YES,2002,YES,0,0,11,,Post (prior bilateral ovariectomy OR >12 mo since LMP with no prior hysterectomy),,,NO,Core needle biopsy,,NO,,,,,,,,,,,,,114.72,1:DECEASED,8E54232D-D8BB-4612-8B0E-4FEB076A60F9,Positive,,Right,,NO,,2+,,3 Point Scale,Positive,20-29%,WHITE,,YES,1,Female,Breast,Axillary lymph node dissection alone,,,,Modified Radical Mastectomy,A2,TUMOR FREE
TCGA-A2-A0CP,60,M0,N0 (i-),Stage IA,6th,T1c,,,0,92.41,0:DiseaseFree,,,,Positive,90-99%,NOT HISPANIC OR LATINO,,9/8/10,,,,,,Negative,,,,,Infiltrating Ductal Carcinoma,,No,No,C50.9,8500/3,C50.9,,,YES,2003,,0,0,2,,Post (prior bilateral ovariectomy OR >12 mo since LMP with no prior hysterectomy),,,,Core needle biopsy,,YES,,,,,,,,,,,,,92.41,0:LIVING,fe15c48b-116d-461e-9b40-68514730fd18,Negative,,Right,,NO,,,,,Positive,90-99%,WHITE,,YES,1,Female,Breast,Sentinel node biopsy alone,,,,Lumpectomy,A2,TUMOR FREE
TCGA-A2-A0CQ,62,M0,N0 (i-),Stage IA,6th,T1,,,0,88.53,0:DiseaseFree,,,,Positive,90-99%,NOT HISPANIC OR LATINO,,8/10/10,,,1.3,,,Negative,,2,,,Infiltrating Ductal Carcinoma,,No,No,C50.9,8500/3,C50.9,Equivocal,,YES,2003,,0,0,1,Negative,Post (prior bilateral ovariectomy OR >12 mo since LMP with no prior hysterectomy),,,,Core needle biopsy,,YES,,,,,,,,,,,,,88.53,0:LIVING,ab34a9a2-d72d-4106-94fb-118844b1b60b,Positive,,Right,,NO,,,,,Positive,90-99%,BLACK OR AFRICAN AMERICAN,,YES,1,Female,Breast,Sentinel node biopsy alone,,Lumpectomy,,Lumpectomy,A2,TUMOR FREE
TCGA-A2-A0CR,54,M0,N0,Stage IIB,7th,T3,,,0,107.85,0:DiseaseFree,,,3 Point Scale,Positive,60-69%,NOT HISPANIC OR LATINO,,6/5/12,,,1.2,,,Negative,,,,,Infiltrating Lobular Carcinoma,,No,No,C50.9,8520/3,C50.9,Negative,1,YES,2004,YES,0,0,16,,Post (prior bilateral ovariectomy OR >12 mo since LMP with no prior hysterectomy),,,NO,Core needle biopsy,,NO,,,,,,,,,,,,,107.85,0:LIVING,4CF0F639-7940-48B6-8EA1-2A3494097CDB,Close,,Left Upper Inner Quadrant,,NO,,3+,,3 Point Scale,Positive,80-89%,ASIAN,,YES,1,Female,Breast,Axillary lymph node dissection alone,,,,Modified Radical Mastectomy,A2,TUMOR FREE
TCGA-A2-A0CS,73,M1,N3a,Stage IV,,T4b,,,0,,,,,,Positive,80-89%,NOT HISPANIC OR LATINO,,1/27/11,,,1.3,,,Negative,,2,,,Infiltrating Ductal Carcinoma,,No,No,C50.9,8500/3,C50.9,Equivocal,,YES,2004,,12,0,15,,Post (prior bilateral ovariectomy OR >12 mo since LMP with no prior hysterectomy),Ovary,"Other, specify",,"Other method, specify:",Skin biopsy,NO,,1.09,,Positive,,Negative,,Negative,,,Positive,,77.14,1:DECEASED,d071c16b-7cee-45ed-8ec9-612418143815,Positive,,Left,,NO,,,,,Positive,80-89%,WHITE,,YES,1,Female,Breast,Axillary lymph node dissection alone,,,,Modified Radical Mastectomy,A2,TUMOR FREE
TCGA-A2-A0CT,71,M0,N0 (i-),Stage IIA,6th,T2,,,0,75.2,0:DiseaseFree,,,,Positive,90-99%,NOT HISPANIC OR LATINO,,9/9/10,,,1.3,,,Negative,,2,,,Infiltrating Ductal Carcinoma,,No,No,C50.9,8500/3,C50.9,Equivocal,,YES,2005,,0,0,2,,Post (prior bilateral ovariectomy OR >12 mo since LMP with no prior hysterectomy),,,,Core needle biopsy,,YES,,,,,,,,,,,,,75.2,0:LIVING,378778d2-b331-4867-a93b-c64028c8b4c7,Negative,,Right Upper Outer Quadrant,,NO,,0,,,Negative,<10%,WHITE,,YES,1,Female,Breast,Sentinel node biopsy alone,,,,Simple Mastectomy,A2,TUMOR FREE
TCGA-A2-A0CU,73,M0,N0 (i+),Stage IIA,6th,T2,,,0,,,,,,Positive,90-99%,NOT HISPANIC OR LATINO,,9/9/10,,,1,,,Negative,,2,,,Infiltrating Ductal Carcinoma,,No,No,C50.9,8500/3,C50.9,Equivocal,,YES,2005,,0,1,1,,Post (prior bilateral ovariectomy OR >12 mo since LMP with no prior hysterectomy),,,,Core needle biopsy,,YES,,,,,,,,,,,,,5.19,1:DECEASED,332423a7-8866-4ee3-b08f-3c8d7c16af80,Close,,Right Lower Outer Quadrant,,NO,,,,,Positive,<10%,WHITE,,YES,1,Female,Breast,Sentinel node biopsy alone,,,,Simple Mastectomy,A2,TUMOR FREE
TCGA-A2-A0CV,41,M0,N1a,Stage IIB,6th,T2,,,0,98.92,0:DiseaseFree,,,,Positive,90-99%,NOT HISPANIC OR LATINO,,1/28/11,,,1.1,,,Negative,,1,,,Infiltrating Ductal Carcinoma,,No,No,C50.9,8500/3,C50.9,Negative,,YES,2005,,4,0,18,,Post (prior bilateral ovariectomy OR >12 mo since LMP with no prior hysterectomy),,,,Core needle biopsy,,NO,,,,,,,,,,,,,98.92,0:LIVING,ad7fcc89-82a3-48aa-8461-581c1a857677,Negative,,Left Lower Outer Quadrant,,NO,,,,,Positive,90-99%,ASIAN,,YES,1,Female,Breast,Axillary lymph node dissection alone,,,,Modified Radical Mastectomy,A2,TUMOR FREE
TCGA-A2-A0CW,67,M0,N1a,Stage IIB,6th,T2,,,0,107.85,0:DiseaseFree,,,,Positive,90-99%,NOT HISPANIC OR LATINO,,1/28/11,,,0.5,,,Negative,,2,,,Infiltrating Ductal Carcinoma,,No,No,C50.9,8500/3,C50.9,Equivocal,,YES,2006,,2,0,19,,Post (prior bilateral ovariectomy OR >12 mo since LMP with no prior hysterectomy),,,,Core needle biopsy,,YES,,,,,,,,,,,,,107.85,0:LIVING,32efa6e8-6b19-480a-9d04-ace02e93318a,Negative,,Right,,NO,,,,,Positive,10-19%,WHITE,,YES,1,Female,Breast,Sentinel lymph node biopsy plus axillary dissection,,,,Lumpectomy,A2,TUMOR FREE
TCGA-A2-A0CX,52,M0,N0 (i-),Stage IIA,6th,T2,,,0,56.77,0:DiseaseFree,,,,Positive,,NOT HISPANIC OR LATINO,,9/10/10,,,,,,,,3,,,Infiltrating Ductal Carcinoma,,No,No,C50.9,8500/3,C50.9,Positive,,YES,2006,,0,0,2,,Pre (<6 months since LMP AND no prior bilateral ovariectomy AND not on estrogen replacement),,,,Core needle biopsy,,YES,,,,,,,,,,,,,56.77,0:LIVING,c744fc13-3aca-4245-9e24-abd368cc8bef,Negative,,Left,,NO,,,,,Negative,<10%,WHITE,,YES,1,Female,Breast,Sentinel node biopsy alone,,,,Lumpectomy,A2,TUMOR FREE
TCGA-A2-A0CY,63,M0,N1,Stage IIB,6th,T2,,,0,54.96,0:DiseaseFree,,,,Positive,90-99%,NOT HISPANIC OR LATINO,,9/10/10,,,0.89,,,Negative,,1,,,Infiltrating Ductal Carcinoma,,No,No,C50.9,8500/3,C50.9,Negative,,YES,2006,,1,0,22,,Post (prior bilateral ovariectomy OR >12 mo since LMP with no prior hysterectomy),,,,Core needle biopsy,,YES,,,,,,,,,,,,,54.96,0:LIVING,757df7b0-4774-4493-98bf-999ded9ac86e,Negative,,Left Lower Outer Quadrant,,NO,,,,,Positive,10-19%,WHITE,,YES,1,Female,Breast,Sentinel lymph node biopsy plus axillary dissection,,,,Simple Mastectomy,A2,TUMOR FREE
TCGA-A2-A0CZ,46,M0,N0 (i-),Stage IIA,6th,T2,,,0,53.09,0:DiseaseFree,,,,Positive,90-99%,NOT HISPANIC OR LATINO,,9/14/10,,,1.1,,,Negative,,1,,,Infiltrating Ductal Carcinoma,,No,No,C50.9,8500/3,C50.9,Negative,,YES,2007,,0,0,2,,Peri (6-12 months since last menstrual period),,,,Core needle biopsy,,YES,,,,,,,,,,,,,53.09,0:LIVING,9f93ea0a-1687-44e0-9e8a-eeb4097d471c,Positive,,Right Upper Inner Quadrant,,NO,,,,,Positive,20-29%,WHITE,,YES,1,Female,Breast,Sentinel node biopsy alone,,,,Simple Mastectomy,A2,TUMOR FREE
TCGA-A2-A0D0,60,M0,N0 (i-),Stage IIA,6th,T2,,,0,67.28,0:DiseaseFree,,,,Negative,<10%,NOT HISPANIC OR LATINO,,9/16/10,,,1.17,,,Negative,,0,,,Infiltrating Ductal Carcinoma,,No,No,C50.9,8500/3,C50.9,Negative,0,YES,2008,,0,0,8,,Post (prior bilateral ovariectomy OR >12 mo since LMP with no prior hysterectomy),,,,Core needle biopsy,,NO,,,,,,,,,,,,,67.28,0:LIVING,324bcba2-f6a4-45a6-807c-215bdffcca21,Negative,,Left Upper Outer Quadrant,,NO,,0,,,Negative,<10%,BLACK OR AFRICAN AMERICAN,,YES,1,Female,Breast,Axillary lymph node dissection alone,,,,Simple Mastectomy,A2,TUMOR FREE
TCGA-A2-A0D1,76,M0,N0 (i-),Stage IIA,6th,T2,,,0,34.53,0:DiseaseFree,,Intensity=Weak,,Negative,<10%,NOT HISPANIC OR LATINO,,9/21/10,,,5.5,,,Positive,,3,,,Infiltrating Ductal Carcinoma,,No,No,C50.9,8500/3,C50.9,Positive,,YES,2008,,0,0,2,,Post (prior bilateral ovariectomy OR >12 mo since LMP with no prior hysterectomy),,,,Core needle biopsy,,YES,,,,,,,,,,,,,34.53,0:LIVING,084c6aec-94f7-4090-8f3f-59fa9e89721a,Negative,,Left Lower Inner Quadrant,,NO,,,Intensity=Weak,,Negative,<10%,WHITE,,YES,1,Female,Breast,Sentinel node biopsy alone,,,,Lumpectomy,A2,TUMOR FREE
TCGA-A2-A0D2,45,M0,N0 (i+),Stage IIA,6th,T2,,,0,33.74,0:DiseaseFree,,,,Negative,<10%,NOT HISPANIC OR LATINO,,9/16/10,,,1.05,,,Negative,,0,,,Infiltrating Ductal Carcinoma,,No,No,C50.9,8500/3,C50.9,Negative,0,YES,2008,,0,4,5,,Pre (<6 months since LMP AND no prior bilateral ovariectomy AND not on estrogen replacement),,,,Core needle biopsy,,YES,,,,,,,,,,,,,33.74,0:LIVING,99e32c59-aa73-43fa-88c9-399ddadb2c72,Negative,,Left Lower Outer Quadrant,,NO,,0,,,Negative,<10%,WHITE,,YES,1,Female,Breast,Sentinel node biopsy alone,,,,Simple Mastectomy,A2,TUMOR FREE
TCGA-A2-A0D3,42,M0,N0 (i-),Stage IA,6th,T1c,,,0,61.53,0:DiseaseFree,,,,Positive,90-99%,NOT HISPANIC OR LATINO,,1/28/11,,,1.41,,,Negative,,1,,,Infiltrating Ductal Carcinoma,,No,No,C50.9,8500/3,C50.9,Negative,,YES,2008,,0,0,1,,Post (prior bilateral ovariectomy OR >12 mo since LMP with no prior hysterectomy),,,,Core needle biopsy,,YES,,,,,,,,,,,,,61.53,0:LIVING,4a16429b-884f-4c95-8683-feeedf0d6a55,Negative,,Left Lower Outer Quadrant,,NO,,,,,Positive,90-99%,WHITE,,YES,1,Female,Breast,Sentinel node biopsy alone,,,,Simple Mastectomy,A2,TUMOR FREE
TCGA-A2-A0D4,37,M0,N1a,Stage IIB,6th,T2,,,0,25.2,0:DiseaseFree,,Intensity=moderate,,Positive,90-99%,NOT HISPANIC OR LATINO,,9/21/10,,,1.14,,,Negative,,1,,,Infiltrating Ductal Carcinoma,,No,No,C50.9,8500/3,C50.9,Negative,,YES,2009,,1,0,23,,Pre (<6 months since LMP AND no prior bilateral ovariectomy AND not on estrogen replacement),,,,Core needle biopsy,,NO,,,,,,,,,,,,,25.2,0:LIVING,75113445-d2d6-44a0-866c-c9175e6d214b,Negative,,Left,,NO,,,Intensity=weak,,Positive,10-19%,BLACK OR AFRICAN AMERICAN,,YES,1,Female,Breast,Axillary lymph node dissection alone,,,,Lumpectomy,A2,TUMOR FREE
TCGA-A2-A0EM,73,M0,N0 (i-),Stage IA,5th,T1,,,0,101.64,0:DiseaseFree,,,,Positive,,NOT HISPANIC OR LATINO,,9/6/10,,,1.3,,,Negative,,,,,Infiltrating Ductal Carcinoma,,No,No,C50.9,8500/3,C50.9,,,YES,2002,,0,0,1,,Post (prior bilateral ovariectomy OR >12 mo since LMP with no prior hysterectomy),,,,Core needle biopsy,,YES,,,,,,,,,,,,,101.64,0:LIVING,2fdfd287-d13c-4910-9788-73987d45908a,Negative,,Right Upper Inner Quadrant,,NO,,,,,Positive,,WHITE,,YES,1,Female,Breast,Sentinel node biopsy alone,,,,Lumpectomy,A2,TUMOR FREE
TCGA-A2-A0EN,70,M0,N0 (i+),Stage IIA,6th,T2,,,0,134.3,0:DiseaseFree,,,,Positive,,NOT HISPANIC OR LATINO,,2/27/15,,,1.4,,,Negative,,2,,,Infiltrating Lobular Carcinoma,,No,No,C50.9,8520/3,C50.9,Equivocal,,YES,2003,,0,1,4,,Post (prior bilateral ovariectomy OR >12 mo since LMP with no prior hysterectomy),,,,Excisional Biopsy,,YES,,,,,,,,,,,,,134.3,0:LIVING,5e670fec-8992-44bf-8657-f7f9a272306b,Negative,,Right,,NO,,,,,Positive,50-59%,WHITE,,YES,1,Female,Breast,Sentinel node biopsy alone,,,,Lumpectomy,A2,TUMOR FREE
TCGA-A2-A0EO,54,M0,N0 (i-),Stage IA,6th,T1,,,0,80.22,0:DiseaseFree,,,,Positive,,NOT HISPANIC OR LATINO,,8/10/10,,,1.6,,,Negative,,1,,,Infiltrating Ductal Carcinoma,,No,No,C50.9,8500/3,C50.9,Negative,,YES,2003,,0,0,3,,Peri (6-12 months since last menstrual period),,,,Core needle biopsy,,YES,,,,,,,,,,,,,80.22,0:LIVING,bf88ddf5-a6d4-498c-bf7f-db9bfabff72d,Close,,Left,,NO,,,,,Positive,,WHITE,,YES,1,Female,Breast,Sentinel node biopsy alone,,,,Lumpectomy,A2,TUMOR FREE
TCGA-A2-A0EP,56,M0,N0 (i+),Stage I,6th,T1,,,0,118.36,0:DiseaseFree,,,3 Point Scale,Positive,80-89%,NOT HISPANIC OR LATINO,,8/16/12,,,1.3,,,Negative,,,,,Infiltrating Lobular Carcinoma,,No,No,C50.9,8520/3,C50.9,Negative,3,YES,2004,YES,0,1,1,,Post (prior bilateral ovariectomy OR >12 mo since LMP with no prior hysterectomy),,,,Core needle biopsy,,YES,NO,,,,,,,,,,,,118.36,0:LIVING,670F5022-5066-48F1-8472-5670129A1E0F,Negative,YES,Right Lower Inner Quadrant,,NO,,,,,Negative,,WHITE,NO,YES,1,Female,Breast,Sentinel node biopsy alone,,,,Simple Mastectomy,A2,TUMOR FREE
TCGA-A2-A0EQ,64,M0,N0 (i-),Stage IIA,6th,T2,,,0,79.7,0:DiseaseFree,,,,Negative,<10%,NOT HISPANIC OR LATINO,,8/11/10,,,1.1,,,Negative,,3,,,Infiltrating Ductal Carcinoma,,No,No,C50.9,8500/3,C50.9,Positive,0,YES,2004,,0,0,2,Negative,Post (prior bilateral ovariectomy OR >12 mo since LMP with no prior hysterectomy),,,,Core needle biopsy,,YES,,,,,,,,,,,,,79.7,0:LIVING,2192c1db-4718-4254-ba42-3ae7f30ad5a8,Positive,,Left,,NO,,0,,,Negative,<10%,BLACK OR AFRICAN AMERICAN,,YES,1,Female,Breast,Other (specify),Sentinel lymph node and non-sentinel lymph node biopsy,Lumpectomy,,Lumpectomy,A2,TUMOR FREE
TCGA-A2-A0ER,63,M0,N1mi,Stage IB,6th,T1c,,,0,74.34,0:DiseaseFree,,,,Positive,90-99%,NOT HISPANIC OR LATINO,,8/13/10,,,1,,,Negative,,2,,,Infiltrating Ductal Carcinoma,,No,No,C50.9,8500/3,C50.9,Equivocal,,YES,2005,,1,0,14,Negative,Post (prior bilateral ovariectomy OR >12 mo since LMP with no prior hysterectomy),,,,Core needle biopsy,,YES,,,,,,,,,,,,,74.34,0:LIVING,7455d832-ad66-40df-85d7-3a7051c4498d,Positive,,Right Lower Inner Quadrant,,NO,,,,,Positive,80-89%,WHITE,,YES,1,Female,Breast,Sentinel lymph node biopsy plus axillary dissection,,Lumpectomy,,Lumpectomy,A2,TUMOR FREE
TCGA-A2-A0ES,52,M0,N0 (i-),Stage IIA,6th,T2,,,0,71.94,0:DiseaseFree,,,,Positive,60-69%,NOT HISPANIC OR LATINO,,1/25/11,,,1.32,,,Negative,,1,,,Infiltrating Lobular Carcinoma,,No,No,C50.9,8520/3,C50.9,Negative,,YES,2008,,0,0,1,,Post (prior bilateral ovariectomy OR >12 mo since LMP with no prior hysterectomy),,,,Core needle biopsy,,YES,,,,,,,,,,,,,71.94,0:LIVING,a2934508-3daf-49e2-b14f-ed9b7693f96f,Negative,,Left Upper Outer Quadrant,,NO,,,,,Positive,10-19%,WHITE,,YES,1,Female,Breast,Sentinel node biopsy alone,,,,Simple Mastectomy,A2,TUMOR FREE
TCGA-A2-A0ET,58,M0,N2a,Stage IIIA,6th,T2,,,0,35.02,0:DiseaseFree,,Intensity=Strong,,Positive,90-99%,NOT HISPANIC OR LATINO,,9/20/10,,,1.09,,,Negative,,2,,,Infiltrating Ductal Carcinoma,,No,No,C50.9,8500/3,C50.9,Equivocal,,YES,2008,,5,0,15,,Post (prior bilateral ovariectomy OR >12 mo since LMP with no prior hysterectomy),,,,Core needle biopsy,,NO,,,,,,,,,,,,,35.02,0:LIVING,96f23d8a-be0f-4925-ba00-805dc293414c,Negative,,Right Upper Outer Quadrant,,NO,,,Intensity=Strong,,Positive,70-79%,WHITE,,YES,1,Female,Breast,Axillary lymph node dissection alone,,,,Lumpectomy,A2,TUMOR FREE
TCGA-A2-A0EU,79,M0,N0 (i-),Stage IA,6th,T1c,,,0,34.26,0:DiseaseFree,,Intensity=Strong,,Positive,90-99%,NOT HISPANIC OR LATINO,,8/11/10,,,0.97,,,Negative,,0,,,Infiltrating Ductal Carcinoma,,No,No,C50.9,8500/3,C50.9,Negative,,YES,2008,,0,0,1,Negative,Post (prior bilateral ovariectomy OR >12 mo since LMP with no prior hysterectomy),,,,Core needle biopsy,,YES,,,,,,,,,,,,,34.26,0:LIVING,c0427237-b476-4af4-b664-7bd479922ea5,Positive,,Right Lower Outer Quadrant,,NO,,,Intensity=Strong,,Positive,90-99%,WHITE,,YES,1,Female,Breast,Sentinel node biopsy alone,,Lumpectomy,,Lumpectomy,A2,TUMOR FREE
TCGA-A2-A0EV,80,M0,N0 (i-),Stage IA,6th,T1c,,,0,31.8,0:DiseaseFree,,,,Positive,90-99%,NOT HISPANIC OR LATINO,,8/11/10,,,1.4,,,Negative,<10%,0,,,Infiltrating Ductal Carcinoma,,No,No,C50.9,8500/3,C50.9,Negative,,YES,2008,,0,0,6,,Post (prior bilateral ovariectomy OR >12 mo since LMP with no prior hysterectomy),,,,Core needle biopsy,,YES,,,,,,,,,,,,,31.8,0:LIVING,7032ec9c-e96b-4642-a7b6-d0aee7a3add2,Negative,,Left,,NO,,,,,Positive,90-99%,WHITE,,YES,1,Female,Breast,Sentinel node biopsy alone,,,,Lumpectomy,A2,TUMOR FREE
TCGA-A2-A0EW,53,M0,N3a,Stage IIIC,6th,T1b,,,0,44.45,1:Recurred/Progressed,,,,Positive,90-99%,NOT HISPANIC OR LATINO,,1/5/11,,,1.33,,,Negative,,0,,,Infiltrating Lobular Carcinoma,,No,No,C50.9,8520/3,C50.9,Negative,,YES,2008,,26,0,,,Post (prior bilateral ovariectomy OR >12 mo since LMP with no prior hysterectomy),,,,Core needle biopsy,,YES,,,,,,,,,,,,,61.89,1:DECEASED,8d5fe6e8-d2cc-481f-a6a1-9cb6e7982cde,Positive,,Right Lower Outer Quadrant,,NO,,,,,Positive,10-19%,WHITE,,YES,1,Female,Breast,Sentinel lymph node biopsy plus axillary dissection,,,,Simple Mastectomy,A2,TUMOR FREE
TCGA-A2-A0EX,46,M0,N0 (i+),Stage IIB,6th,T3,,,0,24.7,0:DiseaseFree,,,,Positive,60-69%,NOT HISPANIC OR LATINO,,8/13/10,,,1.22,,,Negative,,1,,,Infiltrating Lobular Carcinoma,,No,No,C50.9,8520/3,C50.9,Negative,,YES,2009,,0,1,1,Negative,Post (prior bilateral ovariectomy OR >12 mo since LMP with no prior hysterectomy),,,,Core needle biopsy,,YES,,,,,,,,,,,,,24.7,0:LIVING,9d8702e1-1a36-4bca-85ab-5f11d58d7953,Positive,,Left Upper Outer Quadrant,,NO,,,,,Positive,90-99%,WHITE,,YES,1,Female,Breast,Sentinel node biopsy alone,,Mastectomy NOS,,Lumpectomy,A2,TUMOR FREE
TCGA-A2-A0EY,62,M0,N1a,Stage IIB,6th,T2,,,0,63.24,0:DiseaseFree,,,,Positive,60-69%,NOT HISPANIC OR LATINO,,9/21/10,,,7,,,Positive,,3,,,Infiltrating Ductal Carcinoma,,No,No,C50.9,8500/3,C50.9,Positive,,YES,2009,,1,0,23,,Post (prior bilateral ovariectomy OR >12 mo since LMP with no prior hysterectomy),,,,Core needle biopsy,,YES,,,,,,,,,,,,,63.24,0:LIVING,d67cd793-2931-429a-9084-2f3c4c8be7ad,Negative,,Right Upper Outer Quadrant,,NO,,,,,Negative,<10%,WHITE,,YES,1,Female,Breast,Sentinel lymph node biopsy plus axillary dissection,,,,Lumpectomy,A2,TUMOR FREE
TCGA-A2-A0ST,62,M0,N1a,Stage IIA,6th,T1c,,,0,99.11,0:DiseaseFree,,,,Negative,,NOT HISPANIC OR LATINO,,11/9/10,,,1.3,,,Negative,,,,,Infiltrating Ductal Carcinoma,,No,No,C50.9,8500/3,C50.9,,,YES,2003,,3,0,9,,Post (prior bilateral ovariectomy OR >12 mo since LMP with no prior hysterectomy),,,,Excisional Biopsy,,YES,,,,,,,,,,,,,99.11,0:LIVING,12d31787-e54d-4729-ace8-9141043c92b8,Negative,,Right Upper Outer Quadrant,,NO,,,,,Negative,,WHITE,,YES,1,Female,Breast,Sentinel lymph node biopsy plus axillary dissection,,,,Lumpectomy,A2,
TCGA-A2-A0SU,66,M0,N0 (i+),Stage IIA,,T2,,,0,54.6,0:DiseaseFree,,,,Positive,90-99%,NOT HISPANIC OR LATINO,,11/17/10,,,,,,,,1,,,Infiltrating Ductal Carcinoma,,No,No,C50.9,8500/3,C50.9,Negative,,YES,2006,,0,1,7,,Post (prior bilateral ovariectomy OR >12 mo since LMP with no prior hysterectomy),,,,Core needle biopsy,,YES,,,,,,,,,,,,,54.6,0:LIVING,c632675e-e8af-43cd-8744-5be3754c1c14,Negative,,Left,,NO,,,,,Positive,<10%,WHITE,,YES,1,Female,Breast,Sentinel node biopsy alone,,,,Simple Mastectomy,A2,TUMOR FREE
TCGA-A2-A0SV,63,M1,N2a,Stage IV,6th,T2,,,0,,,,,,Positive,90-99%,NOT HISPANIC OR LATINO,,11/15/10,,,1,,,Negative,,2,,,Infiltrating Ductal Carcinoma,,No,No,C50.9,8500/3,C50.9,Equivocal,,YES,2006,,8,,9,,Post (prior bilateral ovariectomy OR >12 mo since LMP with no prior hysterectomy),,Bone,,Core needle biopsy,,NO,,,,,,,,,,,,,27.1,1:DECEASED,ad01259b-d858-40bc-a6ba-0bb06e996afb,Positive,,Right,,NO,,,,,Positive,10-19%,WHITE,,YES,1,Female,Breast,Axillary lymph node dissection alone,,,,Simple Mastectomy,A2,WITH TUMOR
TCGA-A2-A0SW,82,M1,N2,Stage IV,,T2,,,0,21.45,1:Recurred/Progressed,,,,Positive,40-49%,NOT HISPANIC OR LATINO,,11/8/10,60,,1.2,,Enumerate 60 tumor cells; ratio HER2/Centromer 17 >= 2.1 is amplified,Negative,,,,,Infiltrating Ductal Carcinoma,,No,No,C50.9,8500/3,C50.9,,,YES,2006,,4,,15,,Post (prior bilateral ovariectomy OR >12 mo since LMP with no prior hysterectomy),,Liver,,Core needle biopsy,,NO,,,,,,,,,,,,,44.84,1:DECEASED,991e1427-3c01-423d-abfd-4584302ca72c,Negative,,Right,,NO,,,,,Negative,<10%,WHITE,,YES,1,Female,Breast,Sentinel lymph node biopsy plus axillary dissection,,,,Lumpectomy,A2,WITH TUMOR
TCGA-A2-A0SX,48,M0,N0 (i-),Stage IA,6th,T1c,,,0,40.7,1:Recurred/Progressed,,,,Negative,,NOT HISPANIC OR LATINO,,11/9/10,,,,,,,,1,,,Infiltrating Ductal Carcinoma,,No,No,C50.9,8500/3,C50.9,Negative,,YES,2007,,0,0,1,Negative,Pre (<6 months since LMP AND no prior bilateral ovariectomy AND not on estrogen replacement),,,,Core needle biopsy,,YES,,,,,,,,,,,,,50.39,0:LIVING,18d35983-ea6a-4b70-a209-9bef37595956,Positive,,Left Upper Inner Quadrant,,NO,,,,,Negative,,WHITE,,YES,1,Female,Breast,Sentinel node biopsy alone,,Lumpectomy,,Lumpectomy,A2,WITH TUMOR
TCGA-A2-A0SY,62,M0,N1,Stage IIIA,,T3,,,0,44.25,0:DiseaseFree,,,,Positive,80-89%,NOT HISPANIC OR LATINO,,11/12/10,60,,4.8,,Enumerate 60 tumor cells; ratio HER2/Centromere 17 >= 2.1 is amplified,Positive,,,,,Infiltrating Lobular Carcinoma,,No,No,C50.9,8520/3,C50.9,,,YES,2007,,1,0,14,,Post (prior bilateral ovariectomy OR >12 mo since LMP with no prior hysterectomy),,,,Core needle biopsy,,YES,,,,,,,,,,,,,44.25,0:LIVING,dc696e3c-f448-468f-a576-f4429be0338a,Negative,,Left Upper Outer Quadrant,,NO,,,,,Positive,40-49%,WHITE,,YES,1,Female,Breast,Sentinel lymph node biopsy plus axillary dissection,,,,Modified Radical Mastectomy,A2,TUMOR FREE
TCGA-A2-A0T0,59,M0,N1,Stage IIB,6th,T2,,,0,17.51,0:DiseaseFree,,,,Negative,<10%,NOT HISPANIC OR LATINO,,11/12/10,,,,,,,<10%,0,,,Infiltrating Ductal Carcinoma,,No,No,C50.9,8500/3,C50.9,Negative,,YES,2009,,2,,14,,Post (prior bilateral ovariectomy OR >12 mo since LMP with no prior hysterectomy),,,,Core needle biopsy,,NO,,,,,,,,,,,,,17.51,0:LIVING,95c53f69-0f05-4348-822a-571f3d757001,Negative,,Left Lower Outer Quadrant,,NO,,,,,Negative,<10%,WHITE,,YES,1,Female,Breast,Axillary lymph node dissection alone,,,,Lumpectomy,A2,TUMOR FREE
TCGA-A2-A0T1,55,M0,N3,Stage IIIC,,T3,,,0,17.12,0:DiseaseFree,,,,Negative,<10%,NOT HISPANIC OR LATINO,,11/12/10,,,,,,,,3,,,Infiltrating Ductal Carcinoma,,No,No,C50.9,8500/3,C50.9,Positive,,YES,2009,,10,,10,,Post (prior bilateral ovariectomy OR >12 mo since LMP with no prior hysterectomy),,,,Core needle biopsy,,NO,,,,,,,,,,,,,17.12,0:LIVING,02bed00f-bef7-4fb7-b243-540354990e45,Negative,,Right Upper Outer Quadrant,,NO,,,,,Negative,<10%,AMERICAN INDIAN OR ALASKA NATIVE,,YES,1,Female,Breast,Axillary lymph node dissection alone,,,,Lumpectomy,A2,TUMOR FREE
TCGA-A2-A0T2,66,M1,N3,Stage IV,,T3,,,0,,,,,,Negative,<10%,NOT HISPANIC OR LATINO,,11/12/10,,,,,,,,0,,,Infiltrating Ductal Carcinoma,,No,No,C50.9,8500/3,C50.9,Negative,,YES,2009,,10,,14,,Post (prior bilateral ovariectomy OR >12 mo since LMP with no prior hysterectomy),Abdomen,Liver,,Core needle biopsy,,NO,,,,,,,,,,,,,8.38,1:DECEASED,128d198e-9b22-427c-90db-3714455f3a17,Close,,Right,,NO,,,,,Negative,<10%,WHITE,,YES,1,Female,Breast,Axillary lymph node dissection alone,,,,Modified Radical Mastectomy,A2,WITH TUMOR
TCGA-A2-A0T3,37,M0,N1mi,Stage IB,7th,T1c,,2.3,0,49.8,0:DiseaseFree,,,3 Point Scale,Positive,90-99%,NOT HISPANIC OR LATINO,,2/21/11,556,,1.4,3.2,,Negative,,2,,,Infiltrating Ductal Carcinoma,,No,No,C50.9,8500/3,C50.9,Equivocal,3,YES,2009,YES,2,0,13,Negative,Pre (<6 months since LMP AND no prior bilateral ovariectomy AND not on estrogen replacement),,,NO,Core needle biopsy,,YES,,,,,,,,,,,,,49.8,0:LIVING,058dcb78-bed1-40c3-a6c2-a0cc40065531,Positive,,Right Upper Outer Quadrant,,NO,,3+,,3 Point Scale,Positive,90-99%,WHITE,,YES,1,Female,Breast,Sentinel lymph node biopsy plus axillary dissection,,Other,Margin resection,Lumpectomy,A2,TUMOR FREE
TCGA-A2-A0T4,62,M0,N0 (i-),Stage IIA,,T2,,,0,20.5,0:DiseaseFree,,,,Positive,90-99%,NOT HISPANIC OR LATINO,,11/17/10,,,1.1,,,Negative,,2,,,Infiltrating Lobular Carcinoma,,No,No,C50.9,8520/3,C50.9,Equivocal,3,YES,2009,,0,0,2,,Post (prior bilateral ovariectomy OR >12 mo since LMP with no prior hysterectomy),,,,Core needle biopsy,,YES,,,,,,,,,,,,,20.5,0:LIVING,b0f8d698-a30e-4d8d-b0a2-a5a01fac8406,Negative,,Right Upper Inner Quadrant,,NO,,2+,,,Positive,60-69%,WHITE,,YES,1,Female,Breast,Other (specify),SLN and non-SLN biopsy,,,Simple Mastectomy,A2,TUMOR FREE
TCGA-A2-A0T5,39,M0,N0 (i-),Stage IIA,,T2,,,0,17.44,0:DiseaseFree,,,,Positive,90-99%,NOT HISPANIC OR LATINO,,11/9/10,,,1.3,,,Negative,,1,,,Infiltrating Ductal Carcinoma,,No,No,C50.9,8500/3,C50.9,Negative,,YES,2009,,0,0,4,,Pre (<6 months since LMP AND no prior bilateral ovariectomy AND not on estrogen replacement),,,,Core needle biopsy,,YES,,,,,,,,,,,,,17.44,0:LIVING,36d77496-99f8-4911-ba7c-89fae32662aa,Negative,,Left,,NO,,,,,Positive,90-99%,WHITE,,YES,1,Female,Breast,Sentinel node biopsy alone,,,,Simple Mastectomy,A2,TUMOR FREE
TCGA-A2-A0T6,50,M0,N0 (i-),Stage IIB,,T3,,,0,18.89,0:DiseaseFree,,,,Positive,90-99%,NOT HISPANIC OR LATINO,,11/17/10,,,,,,,,1,,,Infiltrating Lobular Carcinoma,,No,No,C50.9,8520/3,C50.9,Negative,3,YES,2009,,0,0,3,,Pre (<6 months since LMP AND no prior bilateral ovariectomy AND not on estrogen replacement),,,,Core needle biopsy,,YES,,,,,,,,,,,,,18.89,0:LIVING,08306ede-e74b-4be9-b768-7fd98647b6ac,Negative,,Left,,NO,,3+,,,Positive,90-99%,WHITE,,YES,1,Female,Breast,Sentinel node biopsy alone,,,,Simple Mastectomy,A2,TUMOR FREE
TCGA-A2-A0T7,51,M0,N0 (i+),Stage IIA,,T2,,,0,20.73,0:DiseaseFree,,,,Positive,90-99%,NOT HISPANIC OR LATINO,,11/17/10,,,,,,,,1,,,Infiltrating Ductal Carcinoma,,No,No,C50.9,8500/3,C50.9,Negative,2,YES,2009,,0,1,2,Negative,Pre (<6 months since LMP AND no prior bilateral ovariectomy AND not on estrogen replacement),,,,Core needle biopsy,,YES,,,,,,,,,,,,,20.73,0:LIVING,43d5632e-7272-4aad-9496-7f5a99671223,Positive,,Right Upper Inner Quadrant,,NO,,2+,,,Positive,70-79%,WHITE,,YES,1,Female,Breast,Sentinel node biopsy alone,,Other,Skin excision,Modified Radical Mastectomy,A2,TUMOR FREE
TCGA-A2-A0YC,59,M0,N1mi,Stage IIB,,T2,,,0,26.22,1:Recurred/Progressed,,,,Positive,90-99%,NOT HISPANIC OR LATINO,,12/8/10,60,,1.18,,Enumerate 60 tumor cells; ratio of HER2/Centromere 17 >= 2.1 is amplified,Negative,,,,,Infiltrating Ductal Carcinoma,,No,No,C50.9,8500/3,C50.9,,,YES,2008,,1,0,3,,Post (prior bilateral ovariectomy OR >12 mo since LMP with no prior hysterectomy),,,,Core needle biopsy,,YES,,,,,,,,,,,,,32.52,0:LIVING,a1872011-b928-4189-ac02-e87506c20bca,Close,,Right Upper Inner Quadrant,,NO,,,,,Positive,90-99%,WHITE,,YES,1,Female,Breast,Other (specify),Sentinel lymph node biopsy x 2 and 1 non-sentinel lymph node biopsy,,,Lumpectomy,A2,TUMOR FREE
TCGA-A2-A0YD,63,M0,N0 (i+),Stage IIB,,T3,,,0,25.26,0:DiseaseFree,,,,Positive,90-99%,NOT HISPANIC OR LATINO,,12/8/10,60,,1.04,,Enumerate 60 tumor cells; ratio of HER2/Centromere 17 >= 2.1 is amplified,Negative,,,,,Infiltrating Lobular Carcinoma,,No,No,C50.9,8520/3,C50.9,,,YES,2009,,0,1,2,,Post (prior bilateral ovariectomy OR >12 mo since LMP with no prior hysterectomy),,,,Core needle biopsy,,YES,,,,,,,,,,,,,25.26,0:LIVING,2c6adb12-380d-4710-a7e6-93d5a0e53289,Negative,,Left Upper Outer Quadrant,,NO,,,,,Positive,80-89%,WHITE,,YES,1,Female,Breast,Sentinel node biopsy alone,,,,Simple Mastectomy,A2,TUMOR FREE
TCGA-A2-A0YE,48,M0,N1a,Stage IIB,,T2,,,0,18.2,0:DiseaseFree,,,,Negative,<10%,NOT HISPANIC OR LATINO,,12/10/10,,,,,,,<10%,0,No membrane staining or incomplete membrane staining in <10% of tumor cells is negative,,Infiltrating Ductal Carcinoma,,No,No,C50.9,8500/3,C50.9,Negative,,YES,2010,,1,,19,,Post (prior bilateral ovariectomy OR >12 mo since LMP with no prior hysterectomy),,,,Core needle biopsy,,NO,,,,,,,,,,,,,18.2,0:LIVING,84a88e8d-1e65-4b88-aae6-bf4c7a7e4c33,Negative,,Right Upper Outer Quadrant,,NO,,,,,Negative,<10%,WHITE,,YES,1,Female,Breast,Sentinel lymph node biopsy plus axillary dissection,,,,Lumpectomy,A2,TUMOR FREE
TCGA-A2-A0YF,67,M0,N0 (i+),Stage I,6th,T1b,,,0,50.43,0:DiseaseFree,,,,Positive,90-99%,NOT HISPANIC OR LATINO,,12/2/10,,,,,,,<10%,0,,,Infiltrating Ductal Carcinoma,,No,No,C50.9,8500/3,C50.9,Negative,3,YES,2009,,0,1,1,,Post (prior bilateral ovariectomy OR >12 mo since LMP with no prior hysterectomy),,,,Core needle biopsy,,YES,,,,,,,,,,,,,50.43,0:LIVING,ae8c77fe-e6c8-44d5-8265-4a38c637bbef,Negative,,Right,,NO,,0,,,Negative,<10%,BLACK OR AFRICAN AMERICAN,,YES,1,Female,Breast,Sentinel node biopsy alone,,,,Simple Mastectomy,A2,TUMOR FREE
TCGA-A2-A0YG,63,M0,N3a,Stage IIIC,,T2,,,0,21.88,0:DiseaseFree,,,,Positive,90-99%,NOT HISPANIC OR LATINO,,1/3/11,,,,,,,,3,,,Infiltrating Ductal Carcinoma,,No,No,C50.9,8500/3,C50.9,Positive,3,YES,2009,,14,,18,,Post (prior bilateral ovariectomy OR >12 mo since LMP with no prior hysterectomy),,,,Core needle biopsy,,NO,,,,,,,,,,,,,21.88,0:LIVING,c0892598-1f7b-4f23-9cd8-731f797753d5,Negative,,Left Upper Outer Quadrant,,NO,,2+,,,Positive,<10%,WHITE,,YES,1,Female,Breast,Axillary lymph node dissection alone,,,,Lumpectomy,A2,TUMOR FREE
TCGA-A2-A0YH,53,M0,N2a,Stage IIIA,,T2,,,0,21.65,0:DiseaseFree,,,,Positive,80-89%,NOT HISPANIC OR LATINO,,12/14/10,,,,,,,<10%,0,,,Infiltrating Ductal Carcinoma,,No,No,C50.9,8500/3,C50.9,Negative,3,YES,2009,,5,,28,,Post (prior bilateral ovariectomy OR >12 mo since LMP with no prior hysterectomy),,,,Core needle biopsy,,NO,,,,,,,,,,,,,21.65,0:LIVING,298d33da-15af-48cb-b30f-eaf54e7baa43,Negative,,Left Lower Outer Quadrant,,NO,,3+,,,Positive,70-79%,WHITE,,YES,1,Female,Breast,Axillary lymph node dissection alone,,,,Lumpectomy,A2,TUMOR FREE
TCGA-A2-A0YI,62,M0,N0 (i+),Stage I,6th,T1c,,,0,49.44,0:DiseaseFree,,,,Positive,90-99%,NOT HISPANIC OR LATINO,,12/14/10,,,,,,,,1,,,Infiltrating Ductal Carcinoma,,No,No,C50.9,8522/3,C50.9,Negative,3,YES,2009,,0,1,3,,Post (prior bilateral ovariectomy OR >12 mo since LMP with no prior hysterectomy),,,,Core needle biopsy,,YES,,,,,,,,,,,,,49.44,0:LIVING,72cd1b17-d349-4551-83f7-3062ce9db865,Negative,,Right Upper Outer Quadrant,,NO,,2+,,,Positive,60-69%,WHITE,,YES,1,Female,Breast,Other (specify),Sentinel Lymph node biopsy and one non-sentinel lymph node biopsy,,,Lumpectomy,A2,TUMOR FREE
TCGA-A2-A0YJ,39,M0,N2a,Stage IIIA,,T3,,,0,18.36,1:Recurred/Progressed,,,,Positive,<10%,NOT HISPANIC OR LATINO,,12/28/10,,,,,,,,0,,,Infiltrating Ductal Carcinoma,,No,No,C50.9,8500/3,C50.9,Negative,1,YES,2010,,5,,18,,Pre (<6 months since LMP AND no prior bilateral ovariectomy AND not on estrogen replacement),,,,Core needle biopsy,,NO,,,,,,,,,,,,,18.59,0:LIVING,796b593f-5886-4a27-bf94-7ea8df325e1a,Negative,,Left,,NO,,0,,,Negative,<10%,WHITE,,YES,1,Female,Breast,Axillary lymph node dissection alone,,,,Modified Radical Mastectomy,A2,TUMOR FREE
TCGA-A2-A0YK,61,M0,N0 (i-),Stage IIA,,T2,,,0,19.32,0:DiseaseFree,,,,Positive,90-99%,NOT HISPANIC OR LATINO,,12/28/10,,,,,,,,1,,,Infiltrating Lobular Carcinoma,,No,No,C50.9,8520/3,C50.9,Negative,3,YES,2009,,0,0,3,,Post (prior bilateral ovariectomy OR >12 mo since LMP with no prior hysterectomy),,,,Core needle biopsy,,YES,,,,,,,,,,,,,19.32,0:LIVING,8f34cb4c-5798-47a0-89a1-f0ee26a8ae93,Close,,Left Upper Inner Quadrant|Left Upper Outer Quadrant|Left Lower Inner Quadrant|Left Lower Outer Quadrant,,NO,,,,,Negative,<10%,WHITE,,YES,1,Female,Breast,Sentinel node biopsy alone,,,,Simple Mastectomy,A2,TUMOR FREE
TCGA-A2-A0YL,48,M0,N2a,Stage IIIA,,T3,,,0,48.42,0:DiseaseFree,,,,Positive,70-79%,NOT HISPANIC OR LATINO,,12/27/10,,,,,,,,1,,,Infiltrating Lobular Carcinoma,,No,No,C50.9,8520/3,C50.9,Negative,3,YES,2010,,4,0,29,,Pre (<6 months since LMP AND no prior bilateral ovariectomy AND not on estrogen replacement),,,,Core needle biopsy,,YES,,,,,,,,,,,,,48.42,0:LIVING,b205c89f-af62-4186-acad-ed23d243fa98,Negative,,Left Upper Inner Quadrant|Left Upper Outer Quadrant|Left Lower Inner Quadrant|Left Lower Outer Quadrant,,NO,,3+,,,Positive,90-99%,WHITE,,YES,1,Female,Breast,Sentinel lymph node biopsy plus axillary dissection,,,,Simple Mastectomy,A2,TUMOR FREE
TCGA-A2-A0YM,67,M0,N0 (i-),Stage IIA,,T2,,,0,31.7,0:DiseaseFree,,,,Negative,<10%,NOT HISPANIC OR LATINO,,12/8/10,60,,1.08,,Enumerate 60 tumor cells; ratio of HER2/Centromere >=2.1 is amplified,Negative,,,,,Infiltrating Ductal Carcinoma,,No,No,C50.9,8500/3,C50.9,,,YES,2008,,0,0,5,,Post (prior bilateral ovariectomy OR >12 mo since LMP with no prior hysterectomy),,,,Core needle biopsy,,YES,,,,,,,,,,,,,31.7,0:LIVING,5cbf0aea-ebb4-4005-bdd5-14ef2dc6826c,Negative,,Left Upper Outer Quadrant,,NO,,,,,Negative,<10%,WHITE,,YES,1,Female,Breast,Other (specify),Sentinel lymph node biopsy and non-sentinel lymph node biopsy,,,Lumpectomy,A2,TUMOR FREE
TCGA-A2-A0YT,56,M0,N2a,Stage IIIB,,T4b,,,0,,,,,,Positive,90-99%,NOT HISPANIC OR LATINO,,12/10/10,60,,1.3,,Enumerate 60 tumor cells; Ratio of HER2/Centromere 17 >=2.1 is amplified,Negative,,,,,Infiltrating Ductal Carcinoma,,Yes,No,C50.9,8500/3,C50.9,,,YES,2008,,5,,5,,Post (prior bilateral ovariectomy OR >12 mo since LMP with no prior hysterectomy),,,,Core needle biopsy,,NO,,,,,,,,,,,,,23.75,1:DECEASED,14b95463-2108-4921-afc2-e29eef52b18f,Negative,,Left Upper Outer Quadrant,,NO,,,,,Negative,<10%,WHITE,,YES,1,Female,Breast,Axillary lymph node dissection alone,,,,Modified Radical Mastectomy,A2,TUMOR FREE
TCGA-A2-A1FV,74,M0,N0 (i+),Stage IIB,7th,T3,,,0,23.46,0:DiseaseFree,,Strong,,Positive,90-99%,NOT HISPANIC OR LATINO,,5/26/11,,,0.92,,,Negative,,1,,,Infiltrating Lobular Carcinoma,,No,No,C50.9,8520/3,C50.9,Negative,,YES,2010,YES,0,1,2,,Post (prior bilateral ovariectomy OR >12 mo since LMP with no prior hysterectomy),,,NO,Core needle biopsy,,YES,,,,,,,,,,,,,23.46,0:LIVING,cd0c96a4-6414-4efb-879b-7408b62ed5b6,Negative,,Left,,YES,,,Strong,,Positive,<10%,WHITE,,NO,1,Female,Breast,Sentinel node biopsy alone,,,,Simple Mastectomy,A2,TUMOR FREE
TCGA-A2-A1FW,62,M0,N2a,Stage IIIA,7th,T3,,,0,17.35,0:DiseaseFree,,,,Positive,90-99%,NOT HISPANIC OR LATINO,,5/11/11,,,,,,,,,,,Infiltrating Ductal Carcinoma,,No,No,C50.9,8500/3,C50.9,Negative,,YES,2010,YES,5,,19,,Post (prior bilateral ovariectomy OR >12 mo since LMP with no prior hysterectomy),,,NO,Core needle biopsy,,NO,,,,,,,,,,,,,17.35,0:LIVING,54883111-d475-4515-ba3f-fece8a71e79e,Negative,,Right Upper Outer Quadrant,,YES,,,,,Negative,,WHITE,,NO,1,Female,Breast,Sentinel lymph node biopsy plus axillary dissection,,,,Modified Radical Mastectomy,A2,TUMOR FREE
TCGA-A2-A1FX,61,M0,N2a,Stage IIIA,6th,T3,,160,0,60.68,0:DiseaseFree,,,,Positive,70-79%,NOT HISPANIC OR LATINO,,5/12/11,60,,1.1,185,,Negative,,,,,Infiltrating Ductal Carcinoma,,No,No,C50.9,8500/3,C50.9,,,YES,2008,YES,6,,24,Negative,Post (prior bilateral ovariectomy OR >12 mo since LMP with no prior hysterectomy),,,NO,Core needle biopsy,,NO,,,,,,,,,,,,,60.68,0:LIVING,ac6d3ba9-f84f-4657-aa85-4d66fb7c09da,Positive,,Right Upper Outer Quadrant,,NO,,,,,Positive,60-69%,WHITE,,YES,1,Female,Breast,Sentinel lymph node biopsy plus axillary dissection,,Mastectomy NOS,,Lumpectomy,A2,TUMOR FREE
TCGA-A2-A1FZ,63,M0,N0 (i-),Stage IIA,7th,T2,,,0,22.44,0:DiseaseFree,,,3 Point Scale,Positive,90-99%,NOT HISPANIC OR LATINO,,4/21/11,,,,,,,,,,,Infiltrating Ductal Carcinoma,,No,No,C50.9,8500/3,C50.9,Negative,3,YES,2010,YES,0,0,3,,Post (prior bilateral ovariectomy OR >12 mo since LMP with no prior hysterectomy),,,NO,Core needle biopsy,,YES,,,,,,,,,,,,,22.44,0:LIVING,805bfe39-3695-43c2-93e4-d66d0559b89f,Negative,,Right,,YES,,3+,,3 Point Scale,Positive,90-99%,WHITE,,NO,1,Female,Breast,Sentinel node biopsy alone,,,,Simple Mastectomy,A2,TUMOR FREE
TCGA-A2-A1G0,49,M0,N1a,Stage IIB,7th,T2,,,0,20.24,0:DiseaseFree,,,3 Point Scale,Positive,90-99%,NOT HISPANIC OR LATINO,,4/21/11,,,1.2,,,Negative,,2,,,"Other, specify",,No,No,C50.9,8500/3,C50.9,Equivocal,3,YES,2010,YES,2,,19,,Pre (<6 months since LMP AND no prior bilateral ovariectomy AND not on estrogen replacement),,,NO,Core needle biopsy,,NO,,,,,,,,,,,,,20.24,0:LIVING,2e538802-2a31-4774-89a8-c6e4381a887d,Negative,,Left Upper Inner Quadrant,,YES,,3+,,3 Point Scale,Positive,90-99%,WHITE,,NO,1,Female,Breast,Sentinel lymph node biopsy plus axillary dissection,,,,Simple Mastectomy,A2,
TCGA-A2-A1G1,85,M0,N1,Stage IIB,7th,T2,,51,0,19.19,0:DiseaseFree,,,,Negative,,NOT HISPANIC OR LATINO,,5/12/11,30,,16.3,816,,Positive,,2,,,Infiltrating Ductal Carcinoma,,No,No,C50.9,8500/3,C50.9,Equivocal,,YES,2010,YES,1,,13,,Post (prior bilateral ovariectomy OR >12 mo since LMP with no prior hysterectomy),,,NO,Core needle biopsy,,NO,,,,,,,,,,,,,19.19,0:LIVING,75b5529b-565a-4eba-918a-910b2f441d32,Negative,,Right Upper Outer Quadrant,,YES,,,,,Negative,,WHITE,,NO,1,Female,Breast,Sentinel lymph node biopsy plus axillary dissection,,,,Lumpectomy,A2,TUMOR FREE
TCGA-A2-A1G4,71,M0,N1a,Stage IIIA,7th,T3,,,0,19.55,0:DiseaseFree,,,3 Point Scale,Positive,90-99%,NOT HISPANIC OR LATINO,,4/22/11,,,,,,,,,,,Infiltrating Ductal Carcinoma,,No,Yes,C50.9,8500/3,C50.9,Negative,3,YES,2010,YES,2,,15,,Post (prior bilateral ovariectomy OR >12 mo since LMP with no prior hysterectomy),,,NO,Core needle biopsy,,NO,,,,,,,,,,,,,19.55,0:LIVING,e3b555aa-7f0a-49c6-9b13-182c61a144c1,Negative,,Right Lower Outer Quadrant,,YES,,3+,,3 Point Scale,Positive,90-99%,WHITE,,NO,1,Female,Breast,Axillary lymph node dissection alone,,,,Modified Radical Mastectomy,A2,TUMOR FREE
TCGA-A2-A1G6,50,M0,N2a,Stage IIIA,7th,T2,,,0,16.46,0:DiseaseFree,,,,Negative,,NOT HISPANIC OR LATINO,,4/22/11,,,,,,,,1,,,Infiltrating Ductal Carcinoma,,No,No,C50.9,8500/3,C50.9,Negative,,YES,2010,YES,4,,9,,Pre (<6 months since LMP AND no prior bilateral ovariectomy AND not on estrogen replacement),,,NO,Core needle biopsy,,NO,,,,,,,,,,,,,16.46,0:LIVING,295cf595-4a29-46a3-a0c5-e5f08f947031,Negative,,Right,,YES,,,,,Negative,,WHITE,,NO,1,Female,Breast,Axillary lymph node dissection alone,,,,Modified Radical Mastectomy,A2,TUMOR FREE
TCGA-A2-A259,70,M0,N0 (i-),Stage I,6th,T1c,,125,0,52.43,0:DiseaseFree,,"Strong using Weak, Moderate and Strong",3 Point Scale,Positive,90-99%,NOT HISPANIC OR LATINO,,6/20/11,60,,1.1,132,,Negative,,,,,Infiltrating Ductal Carcinoma,,No,No,C50.9,8500/3,C50.9,Negative,,YES,2007,YES,0,0,2,,Post (prior bilateral ovariectomy OR >12 mo since LMP with no prior hysterectomy),,,NO,Core needle biopsy,,YES,,,,,,,,,,,,,52.43,0:LIVING,3fc3755d-a3f8-4e2c-813f-ff124f2a75c1,Close,,Left,,NO,,,"Strong using Weak, Moderate and Strong",3 Point Scale,Positive,80-89%,BLACK OR AFRICAN AMERICAN,,YES,1,Female,Breast,Sentinel node biopsy alone,,,,Lumpectomy,A2,TUMOR FREE
TCGA-A2-A25A,44,M0,N0 (i-),Stage IIA,6th,T2,,,0,107.62,0:DiseaseFree,,,,Positive,<10%,NOT HISPANIC OR LATINO,,6/21/11,,,1.1,,,Negative,,2,,,Infiltrating Lobular Carcinoma,,No,Yes,C50.9,8520/3,C50.9,Equivocal,,YES,2003,YES,0,0,14,,Pre (<6 months since LMP AND no prior bilateral ovariectomy AND not on estrogen replacement),,,NO,Core needle biopsy,,YES,,,,,,,,,,,,,107.62,0:LIVING,aaea5f9c-b35b-47f8-93cb-bdc7b81844ff,Negative,,Left Upper Inner Quadrant,,NO,,,,,Positive,<10%,WHITE,,YES,1,Female,Breast,Axillary lymph node dissection alone,,,,Simple Mastectomy,A2,TUMOR FREE
TCGA-A2-A25B,39,M0,N1,Stage IIB,7th,T2,,,0,42.38,1:Recurred/Progressed,,,,Positive,90-99%,NOT HISPANIC OR LATINO,,7/15/11,,,0.93,,,Negative,,2,,,Infiltrating Ductal Carcinoma,,No,No,C50.9,8500/3,C50.9,Equivocal,,YES,2010,YES,2,,8,,Pre (<6 months since LMP AND no prior bilateral ovariectomy AND not on estrogen replacement),,,NO,Core needle biopsy,,NO,,,,,,,,,,,,,42.41,0:LIVING,eadf8482-e60e-4307-adb7-d5c3b9fa6cae,Close,,Left Upper Outer Quadrant,,YES,,,,,Positive,10-19%,BLACK OR AFRICAN AMERICAN,,NO,1,Female,Breast,Sentinel lymph node biopsy plus axillary dissection,,,,Simple Mastectomy,A2,TUMOR FREE
TCGA-A2-A25C,50,M0,N1a,Stage IIB,7th,T2,,,0,17.18,0:DiseaseFree,,,3 Point Scale,Positive,90-99%,NOT HISPANIC OR LATINO,,7/15/11,,,,,,,,1,,,Infiltrating Ductal Carcinoma,,No,No,C50.9,8500/3,C50.9,Negative,3,YES,2010,YES,3,,14,,Pre (<6 months since LMP AND no prior bilateral ovariectomy AND not on estrogen replacement),,,NO,Core needle biopsy,,NO,,,,,,,,,,,,,17.18,0:LIVING,7aedb46a-48ec-4e0e-8baa-c9ea4c4a7cf1,Negative,,Left Lower Outer Quadrant,,YES,,2+,,3 Point Scale,Positive,20-29%,WHITE,,NO,1,Female,Breast,Sentinel lymph node biopsy plus axillary dissection,,,,Simple Mastectomy,A2,TUMOR FREE
TCGA-A2-A25D,90,M0,N3a,Stage IIIC,7th,T2,,118,0,18.13,0:DiseaseFree,,"Moderate using the scale of Weak, Moderate, Strong",,Positive,70-79%,NOT HISPANIC OR LATINO,,6/21/11,60,,1.22,145,,Negative,,1,,,Infiltrating Lobular Carcinoma,,No,No,C50.9,8520/3,C50.9,Negative,,YES,2010,YES,22,,24,,Post (prior bilateral ovariectomy OR >12 mo since LMP with no prior hysterectomy),,,NO,Core needle biopsy,,NO,,,,,,,,,,,,,18.13,0:LIVING,3b963d72-ba5c-467b-83c9-fbdb462510a3,Positive,,Right Upper Outer Quadrant,,YES,,,,,Negative,,WHITE,,NO,1,Female,Breast,Axillary lymph node dissection alone,,,,Lumpectomy,A2,TUMOR FREE
TCGA-A2-A25E,34,M0,N2a,Stage IIIA,6th,T2,,,0,98.19,1:Recurred/Progressed,,"Moderate using scale of Weak, Moderate, Strong",,Positive,80-89%,NOT HISPANIC OR LATINO,,7/21/11,,,2.1,,,Equivocal,,2,,,Infiltrating Ductal Carcinoma,,No,No,C50.9,8500/3,C50.9,Equivocal,,YES,,,,,,,Pre (<6 months since LMP AND no prior bilateral ovariectomy AND not on estrogen replacement),,,NO,Excisional Biopsy,,NO,,,,,,,,,,,,,105.26,0:LIVING,ba89cb4f-cd63-47b1-9550-76fdaff89f2e,Negative,,Left Upper Outer Quadrant,,NO,,,"Strong, using scale of Weak, Moderate and Strong",,Positive,60-69%,BLACK OR AFRICAN AMERICAN,,YES,1,Female,Breast,Axillary lymph node dissection alone,,,,Modified Radical Mastectomy,A2,
TCGA-A2-A25F,66,M0,N0 (i-),Stage IIA,7th,T2,,,0,10.58,0:DiseaseFree,,,,Negative,,NOT HISPANIC OR LATINO,,7/26/11,,,,,,,<10%,,,,Infiltrating Ductal Carcinoma,,No,No,C50.9,8500/3,C50.9,Negative,,YES,2011,YES,0,0,2,,Post (prior bilateral ovariectomy OR >12 mo since LMP with no prior hysterectomy),,,NO,Core needle biopsy,,YES,,,,,,,,,,,,,10.58,0:LIVING,c836951b-3ffb-4e20-8504-0eccb7d50dd4,Negative,,Right Upper Outer Quadrant,,YES,,,,,Positive,<10%,WHITE,,NO,1,Female,Breast,Sentinel node biopsy alone,,,,Lumpectomy,A2,TUMOR FREE
TCGA-A2-A3KC,55,M0,N1a,Stage IIB,7th,T2,,1.9,0,36.2,0:DiseaseFree,,,3 Point Scale,Positive,90-99%,NOT HISPANIC OR LATINO,,3/14/12,20,,1,1.8,,Negative,,2,,,Infiltrating Lobular Carcinoma,,No,No,C50.9,8520/3,C50.9,Equivocal,3,YES,2011,YES,2,0,19,,Pre (<6 months since LMP AND no prior bilateral ovariectomy AND not on estrogen replacement),,,NO,Core needle biopsy,,NO,,,,,,,,,,,,,36.2,0:LIVING,2D29A4AC-98E7-4663-9DD6-5681BC32AC2E,Negative,,Right Lower Outer Quadrant,,YES,,3+,,3 Point Scale,Positive,90-99%,BLACK OR AFRICAN AMERICAN,,NO,1,Female,Breast,Sentinel lymph node biopsy plus axillary dissection,,,,Simple Mastectomy,A2,TUMOR FREE
TCGA-A2-A3KD,47,M0,N1mi,Stage IIIA,7th,T3,,,0,39.62,0:DiseaseFree,,Strong,3 Point Scale,Positive,90-99%,NOT HISPANIC OR LATINO,,4/2/12,,,1.2,,,Negative,,1,,,Mucinous Carcinoma,,No,No,C50.9,8480/3,C50.9,Negative,,YES,2010,YES,1,1,19,Close,Pre (<6 months since LMP AND no prior bilateral ovariectomy AND not on estrogen replacement),,,NO,Core needle biopsy,,YES,,,,,,,,,,,,,39.62,0:LIVING,BB026999-0AAB-4232-96D7-2C93B6C9691D,Positive,,Right Upper Outer Quadrant,,YES,,,Strong,3 Point Scale,Positive,70-79%,WHITE,,NO,1,Female,Breast,Sentinel lymph node biopsy plus axillary dissection,,Mastectomy NOS,,Lumpectomy,A2,TUMOR FREE
TCGA-A2-A3XS,62,M0,N2a,Stage IIIA,6th,T1,,,0,22.4,1:Recurred/Progressed,,,,Negative,,NOT HISPANIC OR LATINO,,8/15/12,,,1.3,,,Negative,,,,,Infiltrating Ductal Carcinoma,,No,No,C50.9,8500/3,C50.9,,,YES,2003,YES,9,0,19,Negative,Post (prior bilateral ovariectomy OR >12 mo since LMP with no prior hysterectomy),,,YES,Core needle biopsy,,YES,,,,,,,,,,,,,33.9,1:DECEASED,A78B04B4-2380-4803-963E-E4E633CD69AB,Positive,,Left Upper Outer Quadrant,,NO,,,,,Negative,,BLACK OR AFRICAN AMERICAN,,YES,1,Female,Breast,Sentinel lymph node biopsy plus axillary dissection,,Mastectomy NOS,,Lumpectomy,A2,WITH TUMOR
TCGA-A2-A3XT,45,M0,N1a,Stage IIB,6th,T2,,,0,91,0:DiseaseFree,,,,Negative,,NOT HISPANIC OR LATINO,,8/17/12,,,1.13,,,Negative,,,,,Infiltrating Ductal Carcinoma,,No,No,C50.9,8500/3,C50.9,Negative,,YES,2006,YES,1,,13,,Pre (<6 months since LMP AND no prior bilateral ovariectomy AND not on estrogen replacement),,,,Excisional Biopsy,,NO,NO,,,,,,,,,,,,91,0:LIVING,C72CB184-462D-4009-9CDB-848782FF8A76,Negative,YES,Left,,NO,,,,,Negative,,BLACK OR AFRICAN AMERICAN,YES,YES,1,Female,Breast,Other (specify),FNA plus axillary lymph node dissection,,,Modified Radical Mastectomy,A2,TUMOR FREE
TCGA-A2-A3XU,35,M0,N1mi,Stage IIB,6th,T2,,1.5,0,21.91,1:Recurred/Progressed,,,,Negative,,NOT HISPANIC OR LATINO,,8/29/12,60,,1.1,1.66,,Negative,,,,,Infiltrating Ductal Carcinoma,,No,No,C50.9,8500/3,C50.9,,,YES,2006,YES,3,0,12,,Post (prior bilateral ovariectomy OR >12 mo since LMP with no prior hysterectomy),,,,Excisional Biopsy,,NO,YES,,,,,,,,,,,,29.96,1:DECEASED,A8E7D8A4-BBF0-496B-B387-8E014CFDCEA6,Negative,YES,Left,,NO,,,,,Negative,,BLACK OR AFRICAN AMERICAN,YES,YES,1,Female,Breast,Sentinel lymph node biopsy plus axillary dissection,,,,Lumpectomy,A2,WITH TUMOR
TCGA-A2-A3XV,46,M0,N0,Stage IIA,7th,T2,,1.7,0,32.72,0:DiseaseFree,,,3 Point Scale,Positive,<10%,NOT HISPANIC OR LATINO,,8/24/12,60,,2.6,4.5,,Positive,,2,,,Infiltrating Ductal Carcinoma,,No,No,C50.9,8500/3,C50.9,Equivocal,1,YES,2011,YES,0,0,4,,Pre (<6 months since LMP AND no prior bilateral ovariectomy AND not on estrogen replacement),,,,Core needle biopsy,,YES,NO,,,,,,,,,,,,32.72,0:LIVING,189E1F27-7738-413A-A4D4-97D41D592A13,Negative,YES,Right,,YES,,,,,Negative,,BLACK OR AFRICAN AMERICAN,YES,NO,1,Female,Breast,Sentinel node biopsy alone,,,,Lumpectomy,A2,TUMOR FREE
TCGA-A2-A3XW,42,M0,N1a,Stage IIB,7th,T2,,,0,56.24,0:DiseaseFree,,,3 Point Scale,Positive,90-99%,NOT HISPANIC OR LATINO,,8/15/12,,,1.31,,,Negative,<10%,,,,Infiltrating Ductal Carcinoma,,No,No,C50.9,8500/3,C50.9,Negative,2,YES,2009,YES,3,0,18,,Pre (<6 months since LMP AND no prior bilateral ovariectomy AND not on estrogen replacement),,,NO,Core needle biopsy,,YES,,,,,,,,,,,,,56.24,0:LIVING,C02699B5-580A-4D55-971E-F4692B2CCE57,Negative,,Right,,YES,,,,,Negative,,BLACK OR AFRICAN AMERICAN,,NO,1,Female,Breast,Sentinel lymph node biopsy plus axillary dissection,,,,Simple Mastectomy,A2,TUMOR FREE
TCGA-A2-A3XX,49,M0,N0,Stage IIA,7th,T2,,,0,,,,,,Negative,,NOT HISPANIC OR LATINO,,8/15/12,,,1.25,,,Negative,,1,,,Infiltrating Ductal Carcinoma,,No,No,C50.9,8500/3,C50.9,Negative,,YES,2009,YES,0,0,1,,Post (prior bilateral ovariectomy OR >12 mo since LMP with no prior hysterectomy),,,NO,Core needle biopsy,,YES,,,,,,,,,,,,,47.27,1:DECEASED,53886143-C1C6-40E9-88E6-E4E5E0271FC8,Negative,,Left Lower Outer Quadrant,,YES,,,,,Negative,,BLACK OR AFRICAN AMERICAN,,NO,1,Female,Breast,Sentinel node biopsy alone,,,,Simple Mastectomy,A2,TUMOR FREE
TCGA-A2-A3XY,49,M0,N1a,Stage IIB,7th,T2,,,0,35.22,1:Recurred/Progressed,,,,Negative,,NOT HISPANIC OR LATINO,,8/14/12,,,1.13,,,Negative,,,,,Infiltrating Ductal Carcinoma,,No,No,C50.9,8500/3,C50.9,Negative,,YES,2010,YES,3,,16,,Post (prior bilateral ovariectomy OR >12 mo since LMP with no prior hysterectomy),,,NO,Core needle biopsy,,NO,,,,,,,,,,,,,35.91,1:DECEASED,DEBA32E4-0E68-4711-941B-3B63BD965AFB,Negative,,Left Upper Outer Quadrant,,YES,,,,,Negative,,BLACK OR AFRICAN AMERICAN,,NO,1,Female,Breast,Axillary lymph node dissection alone,,,,Modified Radical Mastectomy,A2,TUMOR FREE
TCGA-A2-A3XZ,46,M0,N0,Stage I,6th,T1c,,,0,50.33,0:DiseaseFree,,,,Negative,,NOT HISPANIC OR LATINO,,8/21/12,,,,,,,,3,,,Infiltrating Ductal Carcinoma,,No,No,C50.9,8500/3,C50.9,Positive,,YES,2009,YES,0,0,3,,Pre (<6 months since LMP AND no prior bilateral ovariectomy AND not on estrogen replacement),,,,Core needle biopsy,,YES,NO,,,,,,,,,,,,50.33,0:LIVING,FE7F74B8-20F4-4471-91DC-4CCA8C68E5C0,Negative,YES,Left Upper Inner Quadrant|Left Upper Outer Quadrant,,NO,,,,,Negative,,BLACK OR AFRICAN AMERICAN,NO,YES,1,Female,Breast,Sentinel node biopsy alone,,,,Simple Mastectomy,A2,TUMOR FREE
TCGA-A2-A3Y0,57,M0,N1a,Stage IIB,7th,T2,,,0,50.79,0:DiseaseFree,,,3 Point Scale,Positive,90-99%,NOT HISPANIC OR LATINO,,8/24/12,,,,,,,,1,,,Infiltrating Ductal Carcinoma,,No,No,C50.9,8500/3,C50.9,Negative,3,YES,2010,YES,1,0,39,,Post (prior bilateral ovariectomy OR >12 mo since LMP with no prior hysterectomy),,,,Core needle biopsy,,NO,NO,,,,,,,,,,,,50.79,0:LIVING,174850B4-5EC2-462B-A890-89BD1716B3C2,Close,YES,Left Upper Outer Quadrant,,NO,,,,,Negative,,BLACK OR AFRICAN AMERICAN,NO,YES,1,Female,Breast,Axillary lymph node dissection alone,,,,Modified Radical Mastectomy,A2,TUMOR FREE
TCGA-A2-A4RW,49,M0,N3a,Stage IIIC,7th,T2,,,0,7.29,0:DiseaseFree,,,3 Point Scale,Positive,80-89%,NOT HISPANIC OR LATINO,,2/27/13,,,,,,,,1,,,Infiltrating Lobular Carcinoma,,No,No,C50.9,8520/3,C50.9,Negative,3,YES,2011,YES,27,0,27,,Pre (<6 months since LMP AND no prior bilateral ovariectomy AND not on estrogen replacement),,,,Core needle biopsy,,NO,NO,,,,,,,,,,,,7.29,0:LIVING,0D146997-CFDC-4587-888C-E876FC455C80,Negative,,Right|Right Upper Outer Quadrant,,YES,,3+,,3 Point Scale,Positive,90-99%,WHITE,,NO,1,Female,Breast,Axillary lymph node dissection alone,,,,Modified Radical Mastectomy,A2,TUMOR FREE
TCGA-A2-A4RX,67,M0,N0,Stage IIA,7th,T2,,,0,24.38,0:DiseaseFree,,,3 Point Scale,Positive,<10%,NOT HISPANIC OR LATINO,,2/28/13,,,,,,,,1,,,Metaplastic Carcinoma,,No,No,C50.9,8575/3,C50.9,Negative,1,YES,2012,YES,0,0,3,,Post (prior bilateral ovariectomy OR >12 mo since LMP with no prior hysterectomy),,,,Core needle biopsy,,YES,NO,,,,,,,,,,,,24.38,0:LIVING,D111C4AB-B39A-4A7C-8D8E-CB342BC10627,Negative,,Right Lower Outer Quadrant,,YES,,2+,,3 Point Scale,Positive,<10%,BLACK OR AFRICAN AMERICAN,,NO,1,Female,Breast,Sentinel node biopsy alone,,,,Simple Mastectomy,A2,
TCGA-A2-A4RY,46,M0,N3a,Stage IIIC,7th,T3,,,0,21.29,0:DiseaseFree,,,3 Point Scale,Positive,90-99%,NOT HISPANIC OR LATINO,,2/26/13,,,,,,,,1,,,Infiltrating Lobular Carcinoma,,No,No,C50.9,8520/3,C50.9,Negative,2,YES,2012,YES,18,0,30,,Pre (<6 months since LMP AND no prior bilateral ovariectomy AND not on estrogen replacement),,,,Core needle biopsy,,NO,NO,,,,,,,,,,,,21.29,0:LIVING,5A53EC47-E63F-44A2-8078-87659544FB04,Negative,YES,Right,,YES,,3+,,3 Point Scale,Positive,90-99%,WHITE,YES,NO,1,Female,Breast,Axillary lymph node dissection alone,,,,Modified Radical Mastectomy,A2,TUMOR FREE
TCGA-A2-A4S0,77,M0,N0,Stage IIA,7th,T2,,,0,23.19,0:DiseaseFree,,,3 Point Scale,Positive,90-99%,NOT HISPANIC OR LATINO,,2/26/13,,,,,,,,1,,,Mucinous Carcinoma,,No,No,C50.9,8480/3,C50.9,Negative,3,YES,2012,YES,0,0,1,,Post (prior bilateral ovariectomy OR >12 mo since LMP with no prior hysterectomy),,,,Core needle biopsy,,YES,NO,,,,,,,,,,,,23.19,0:LIVING,A53DD490-E0BA-419A-90C6-B905E241A8E5,Negative,NO,Right Upper Outer Quadrant,,YES,,2+,,3 Point Scale,Positive,90-99%,WHITE,NO,NO,1,Female,Breast,Sentinel node biopsy alone,,,,Simple Mastectomy,A2,
TCGA-A2-A4S1,66,M0,N0,Stage IIA,7th,T2,,,0,26.94,0:DiseaseFree,,,3 Point Scale,Positive,<10%,NOT HISPANIC OR LATINO,,2/26/13,,,,,,,,,,,Metaplastic Carcinoma,,No,No,C50.9,8575/3,C50.9,Negative,1,YES,2012,YES,0,0,1,,Post (prior bilateral ovariectomy OR >12 mo since LMP with no prior hysterectomy),,,,Core needle biopsy,,YES,NO,,,,,,,,,,,,26.94,0:LIVING,843C8F16-5E59-40D4-9ECC-8A75375156F6,Negative,NO,Right Upper Outer Quadrant,,YES,,,,,Negative,,WHITE,YES,NO,1,Female,Breast,Sentinel node biopsy alone,,,,Lumpectomy,A2,TUMOR FREE
TCGA-A2-A4S2,62,M0,N2,Stage IIIA,7th,T3,,,0,21.12,0:DiseaseFree,,,3 Point Scale,Positive,90-99%,NOT HISPANIC OR LATINO,,2/28/13,,,,,,,,1,,,Infiltrating Lobular Carcinoma,,No,No,C50.9,8524/3,C50.9,Negative,2,YES,2012,YES,5,0,10,,Post (prior bilateral ovariectomy OR >12 mo since LMP with no prior hysterectomy),,,,Core needle biopsy,,NO,NO,,,,,,,,,,,,21.12,0:LIVING,9DDC014D-9A8B-407B-845F-452A73F08E5E,Negative,YES,Right,,YES,,2+,,3 Point Scale,Positive,90-99%,WHITE,NO,NO,1,Female,Breast,Axillary lymph node dissection alone,,,,Modified Radical Mastectomy,A2,TUMOR FREE
TCGA-A2-A4S3,59,M0,N1a,Stage IIB,7th,T2,,,0,21.88,0:DiseaseFree,,,,Positive,90-99%,NOT HISPANIC OR LATINO,,2/28/13,,,,,,,,,,,Infiltrating Ductal Carcinoma,,No,No,C50.9,8500/3,C50.9,Negative,,YES,2012,YES,2,0,15,,Post (prior bilateral ovariectomy OR >12 mo since LMP with no prior hysterectomy),,,,Core needle biopsy,,NO,NO,,,,,,,,,,,,21.88,0:LIVING,418C11E8-2670-48D5-BBF5-95B46BFF1201,Negative,,Left Upper Outer Quadrant,,YES,,,,,Positive,90-99%,BLACK OR AFRICAN AMERICAN,,NO,1,Female,Breast,Axillary lymph node dissection alone,,,,Modified Radical Mastectomy,A2,TUMOR FREE
TCGA-A7-A0CD,66,M0,N0,Stage I,6th,T1,,4,0,38.27,0:DiseaseFree,,,,Positive,90-99%,NOT HISPANIC OR LATINO,,10/5/10,279,,1.2,4.6,PathVysion HER-2 DNA Probe Kit,Negative,,2,,,Infiltrating Ductal Carcinoma,,No,Yes,C50.9,8500/3,C50.9,Equivocal,,YES,2009,,0,,2,,Indeterminate (neither Pre or Postmenopausal),,,,Core needle biopsy,,NO,,,,,,,,,,,,,38.27,0:LIVING,09765b0a-94f6-47d2-af56-93368084ac3a,Negative,,Left,,YES,,,,,Positive,70-79%,WHITE,,NO,1,Female,Breast,Sentinel node biopsy alone,,,,Lumpectomy,A7,TUMOR FREE
TCGA-A7-A0CE,57,M0,N0 (i-),Stage IIA,,T2,,2.9,0,35.28,0:DiseaseFree,,,,Negative,<10%,NOT HISPANIC OR LATINO,,10/4/10,389,Vysis AutoVysion System,1.1,3.2,PathVysion,Negative,,2,,,Infiltrating Ductal Carcinoma,,No,No,C50.9,8500/3,C50.9,Equivocal,,YES,2009,,0,0,1,,Indeterminate (neither Pre or Postmenopausal),,,,Core needle biopsy,,YES,,,,,,,,,,,,,35.28,0:LIVING,9d95a65b-e41d-4f93-92d4-99dce29ff40d,Negative,,Left,,YES,,,,,Negative,<10%,WHITE,,NO,1,Female,Breast,Sentinel lymph node biopsy plus axillary dissection,,,,Lumpectomy,A7,TUMOR FREE
TCGA-A7-A0CG,78,M0,N0 (i-),Stage IIA,,T2,,,0,34.26,0:DiseaseFree,,,,Positive,90-99%,NOT HISPANIC OR LATINO,,10/7/10,,,,,,,,1,,,Mixed Histology (please specify),Mixed infiltrating lobular and grade 1 ductal carcinoma,No,No,C50.9,8522/3,C50.9,Negative,,YES,2010,,0,0,5,,Post (prior bilateral ovariectomy OR >12 mo since LMP with no prior hysterectomy),,,,Core needle biopsy,,YES,,,,,,,,,,,,,34.26,0:LIVING,67eef990-5ff4-45d1-843d-d22d7848f130,Close,,Right Upper Outer Quadrant|Right,,YES,,,,,Negative,<10%,WHITE,,NO,1,Female,Breast,Sentinel lymph node biopsy plus axillary dissection,,,,Lumpectomy,A7,TUMOR FREE
TCGA-A7-A0CH,79,M0,N0 (i-),Stage IIA,,T2,,,0,35.45,0:DiseaseFree,,,,,,NOT HISPANIC OR LATINO,,10/4/10,,,,,,,,,,,Infiltrating Ductal Carcinoma,,No,No,C50.9,8500/3,C50.9,,,YES,2009,,0,0,2,,Post (prior bilateral ovariectomy OR >12 mo since LMP with no prior hysterectomy),,,,Core needle biopsy,,YES,,,,,,,,,,,,,35.45,0:LIVING,9de678e5-67ed-4453-a98b-7ac351d5d0f1,Negative,,Left Upper Outer Quadrant|Left,,YES,,,,,,,WHITE,,NO,1,Female,Breast,Sentinel node biopsy alone,,,,Simple Mastectomy,A7,TUMOR FREE
TCGA-A7-A0CJ,57,M0,N0 (i-),Stage IIA,,T2,,,0,30.58,0:DiseaseFree,,,,Positive,90-99%,NOT HISPANIC OR LATINO,,10/7/10,,,,,,,<10%,1,,,Infiltrating Ductal Carcinoma,,No,No,C50.9,8500/3,C50.9,Negative,,YES,2010,,0,0,1,,Post (prior bilateral ovariectomy OR >12 mo since LMP with no prior hysterectomy),,,,Core needle biopsy,,YES,,,,,,,,,,,,,30.58,0:LIVING,d69e59a8-b10b-46f5-b859-b6c178d90506,Positive,,Left,,YES,,,,,Positive,70-79%,WHITE,,NO,1,Female,Breast,Sentinel lymph node biopsy plus axillary dissection,,Other,Re-excision of the inferior margin,Lumpectomy,A7,TUMOR FREE
TCGA-A7-A0D9,37,M0,N0 (i-),Stage IIA,,T2,,,0,37.42,0:DiseaseFree,,,,Positive,90-99%,NOT HISPANIC OR LATINO,,10/4/10,,,,,,,,1,,,Infiltrating Ductal Carcinoma,,No,No,C50.9,8500/3,C50.9,Negative,,YES,2009,,0,0,1,,Pre (<6 months since LMP AND no prior bilateral ovariectomy AND not on estrogen replacement),,,,Core needle biopsy,,YES,,,,,,,,,,,,,37.42,0:LIVING,17baef7c-d97d-4b98-ab53-503ef856523d,Negative,,Left Upper Outer Quadrant|Left,,YES,,,,,Negative,<10%,WHITE,,NO,1,Female,Breast,Axillary lymph node dissection alone,,,,Simple Mastectomy,A7,TUMOR FREE
TCGA-A7-A0DA,62,M0,N0 (i-),Stage IIA,,T2,,,0,35.64,0:DiseaseFree,,,,Negative,,NOT HISPANIC OR LATINO,,1/10/11,,,,,,,,1,,,Infiltrating Ductal Carcinoma,,No,No,C50.9,8500/3,C50.9,Negative,,YES,2009,,0,,1,,Post (prior bilateral ovariectomy OR >12 mo since LMP with no prior hysterectomy),,,,Core needle biopsy,,,,,,,,,,,,,,,35.64,0:LIVING,3afa1e93-1df8-4e4c-aaa4-557463f4bb77,Negative,,Left Lower Outer Quadrant,,YES,,,,,Negative,,WHITE,,NO,1,Female,Breast,Sentinel lymph node biopsy plus axillary dissection,,,,Lumpectomy,A7,TUMOR FREE
TCGA-A7-A0DB,56,M0,N0 (i-),Stage IIA,,T2,,,0,33.08,0:DiseaseFree,FPPP,,,Positive,90-99%,NOT HISPANIC OR LATINO,,10/4/10,,,,,,,,1,,,Infiltrating Ductal Carcinoma,,No,No,C50.9,8500/3,C50.9,Negative,,YES,2009,,0,0,4,,Post (prior bilateral ovariectomy OR >12 mo since LMP with no prior hysterectomy),,,,Core needle biopsy,,YES,,,,,,,,,,,,,33.08,0:LIVING,f130f376-5801-40f9-975d-a7e2f7b5670d,Close,,Right,TCGA,YES,,,,,Positive,60-69%,WHITE,,NO,1,Female,Breast,Sentinel lymph node biopsy plus axillary dissection,,,,Simple Mastectomy,A7,TUMOR FREE
TCGA-A7-A0DC,63,M0,N0 (i-),Stage IA,,T1c,,,0,29.76,0:DiseaseFree,,,,Positive,90-99%,NOT HISPANIC OR LATINO,,10/4/10,,,,,,,,1,,,Infiltrating Ductal Carcinoma,,No,No,C50.9,8500/3,C50.9,Negative,,YES,2009,,0,0,3,,Post (prior bilateral ovariectomy OR >12 mo since LMP with no prior hysterectomy),,,,Tumor resection,,YES,,,,,,,,,,,,,29.76,0:LIVING,cb9f5e50-f49d-4899-8895-9367afcc1015,Negative,,Right Upper Outer Quadrant|Right,,YES,,,,,Negative,<10%,WHITE,,NO,1,Female,Breast,Sentinel lymph node biopsy plus axillary dissection,,,,Simple Mastectomy,A7,TUMOR FREE
TCGA-A7-A13D,46,M0,N0 (i-),Stage IIA,,T2,,1.8,0,31.7,0:DiseaseFree,FPPP,,,Negative,<10%,NOT HISPANIC OR LATINO,,2/23/11,197,,1.1,1.9,PathVysion HER-2 DNA Probe Kit,Negative,,2,,,Infiltrating Ductal Carcinoma,,No,No,C50.9,8500/3,C50.9,Equivocal,,YES,2010,,0,,4,Negative,Post (prior bilateral ovariectomy OR >12 mo since LMP with no prior hysterectomy),,,,Core needle biopsy,,NO,,,,,,,,,,,,,31.7,0:LIVING,8785012f-f73e-4d68-87cf-1d804af32782,Close,,Right Upper Outer Quadrant,TCGA,YES,,,,,Positive,<10%,BLACK OR AFRICAN AMERICAN,,NO,1,Female,Breast,Sentinel node biopsy alone,,Lumpectomy,,Lumpectomy,A7,TUMOR FREE
TCGA-A7-A13E,62,MX,N1,Stage IIB,,T2,,3,0,18.27,1:Recurred/Progressed,FPPP,,,Positive,20-29%,NOT HISPANIC OR LATINO,,2/28/11,561,,1.1,3.2,PathVysion HER-2 DNA Probe Kit,Negative,,2,,,Infiltrating Ductal Carcinoma,,No,No,C50.9,8500/3,C50.9,Equivocal,,YES,2010,,2,,12,,Post (prior bilateral ovariectomy OR >12 mo since LMP with no prior hysterectomy),,,,Core needle biopsy,,NO,,,,,,,,,,,,,20.17,1:DECEASED,8c7e74e0-71ef-49b8-9217-94b8ef740ef9,Negative,,Left Upper Outer Quadrant,TCGA,YES,,,,,Negative,<10%,WHITE,,NO,1,Female,Breast,Sentinel lymph node biopsy plus axillary dissection,,,,Lumpectomy,A7,TUMOR FREE
TCGA-A7-A13F,44,M0,N1a,Stage IIIA,,T3,,2.8,0,25.13,0:DiseaseFree,,,,Positive,,NOT HISPANIC OR LATINO,,3/2/11,403,,1.1,3,PathVysion HER-2 DNA Probe Kit,Negative,,2,,,Infiltrating Ductal Carcinoma,,No,No,C50.9,8500/3,C50.9,Equivocal,,YES,2010,,3,,11,,Pre (<6 months since LMP AND no prior bilateral ovariectomy AND not on estrogen replacement),,,,Core needle biopsy,,NO,,,,,,,,,,,,,25.13,0:LIVING,2cf68894-168b-458b-af4f-53cad72989a8,Negative,,Right Upper Outer Quadrant,,YES,,,,,Positive,,WHITE,,NO,1,Female,Breast,Sentinel lymph node biopsy plus axillary dissection,,,,Modified Radical Mastectomy,A7,TUMOR FREE
TCGA-A7-A13G,79,MX,N0,Stage IIA,7th,T2,,,0,19.25,1:Recurred/Progressed,,,,Positive,90-99%,NOT HISPANIC OR LATINO,,5/16/11,,,,,,,,1,,,Infiltrating Ductal Carcinoma,,No,Yes,C50.9,8500/3,C50.9,Negative,,YES,2010,YES,0,,1,,Post (prior bilateral ovariectomy OR >12 mo since LMP with no prior hysterectomy),,,NO,Core needle biopsy,,NO,,,,,,,,,,,,,23.59,0:LIVING,6cd9baf5-bbe0-4c1e-a87f-c53b3af22890,Negative,,Left,,YES,,,,,Positive,50-59%,WHITE,,NO,1,Female,Breast,Sentinel node biopsy alone,,,,Simple Mastectomy,A7,TUMOR FREE
TCGA-A7-A13H,61,MX,N1a,Stage IIB,7th,T2,,2.7,0,26.12,1:Recurred/Progressed,,,,Positive,80-89%,NOT HISPANIC OR LATINO,,6/22/12,371,,2.2,3.2,Pathvysion HER2 DNA Probe Kit,Negative,,2,,,Infiltrating Lobular Carcinoma,,No,No,C50.9,8520/3,C50.9,Equivocal,,YES,2010,YES,2,2,12,,Post (prior bilateral ovariectomy OR >12 mo since LMP with no prior hysterectomy),,,NO,Core needle biopsy,,YES,,,,,,,,,,,,,29.53,0:LIVING,2E243F0E-9D7D-4CB0-9678-70607F90430A,Negative,,Right,,YES,,,,,Positive,30-39%,WHITE,,NO,1,Female,Breast,Sentinel lymph node biopsy plus axillary dissection,,,,Simple Mastectomy,A7,TUMOR FREE
TCGA-A7-A26E,71,MX,N1a,Stage IIIA,7th,T3,,,0,31.34,0:DiseaseFree,FPPP,,3 Point Scale,Positive,90-99%,NOT HISPANIC OR LATINO,,7/28/11,,,,,,,,1,,,Infiltrating Lobular Carcinoma,,No,Yes,C50.9,8520/3,C50.9,Negative,,YES,2010,YES,0,,16,,Post (prior bilateral ovariectomy OR >12 mo since LMP with no prior hysterectomy),,,NO,Core needle biopsy,,NO,,,,,,,,,,,,,31.34,0:LIVING,011b9b2d-ebe5-42bf-9662-d922faccc7a1,Negative,,Left,TCGA,YES,,,,3 Point Scale,Positive,20-29%,WHITE,,NO,1,Female,Breast,Sentinel lymph node biopsy plus axillary dissection,,,,Simple Mastectomy,A7,TUMOR FREE
TCGA-A7-A26F,55,M0,N0,Stage IA,7th,T1,,1.8,0,24.24,0:DiseaseFree,,,,Negative,,NOT HISPANIC OR LATINO,,8/8/11,330,,1.1,1.9,PathVysion HER-2 DNA probe kit.,Negative,,2,,,"Other, specify",,No,Yes,C50.9,8575/3,C50.9,Equivocal,,YES,2010,YES,0,,1,Negative,Post (prior bilateral ovariectomy OR >12 mo since LMP with no prior hysterectomy),,,NO,Fine needle aspiration biopsy,,NO,,,,,,,,,,,,,24.24,0:LIVING,3b7b9c1e-a84c-47ed-983c-9e4b00cbf01a,Close,,Left,,YES,,,,,Negative,,WHITE,,NO,1,Female,Breast,Sentinel node biopsy alone,,,,Lumpectomy,A7,
TCGA-A7-A26G,50,M0,N0 (i+),Stage IIA,7th,T2,,,0,23.72,0:DiseaseFree,,,,Negative,,NOT HISPANIC OR LATINO,Total Mastectomy,8/10/11,,,,,,,,,,,"Other, specify",,No,No,C50.9,8575/3,C50.9,Negative,,YES,2010,YES,0,,2,,Pre (<6 months since LMP AND no prior bilateral ovariectomy AND not on estrogen replacement),,,NO,Core needle biopsy,,NO,,,,,,,,,,,,,23.72,0:LIVING,5ed024e8-d05e-4c65-9441-eda9930ccc82,Negative,,Right,,YES,,,,,Negative,,BLACK OR AFRICAN AMERICAN,,NO,1,Female,Breast,Sentinel lymph node biopsy plus axillary dissection,,,,Other,A7,
TCGA-A7-A26H,72,M0,N1a,Stage IIA,7th,T1,,2.2,0,10.22,1:Recurred/Progressed,,,,Positive,90-99%,NOT HISPANIC OR LATINO,Bilateral Mastectomy,8/4/11,20,,2.6,5.8,PathVysion Her-2 DNA,Positive,,2,,,Infiltrating Ductal Carcinoma,,No,Yes,C50.9,8500/3,C50.9,Equivocal,,YES,2011,YES,0,1,5,,Post (prior bilateral ovariectomy OR >12 mo since LMP with no prior hysterectomy),,,NO,Core needle biopsy,,NO,,,,,,,,,,,,,23.78,0:LIVING,dddd8e2f-e540-418a-b02e-698d18a12c14,Negative,,Left,,YES,,,,,Negative,,WHITE,,NO,1,Female,Breast,Sentinel lymph node biopsy plus axillary dissection,,,,Other,A7,
TCGA-A7-A26I,65,M0,N0,Stage IIA,7th,T2,,2,0,21.71,0:DiseaseFree,,,,Negative,,NOT HISPANIC OR LATINO,,7/29/11,229,,1.1,2.2,Path Vysion HER-2 DNA probe kit,Negative,,2,,,Infiltrating Ductal Carcinoma,,No,Yes,C50.9,8500/3,C50.9,Equivocal,,YES,2011,YES,0,,2,Negative,Post (prior bilateral ovariectomy OR >12 mo since LMP with no prior hysterectomy),,,NO,Fine needle aspiration biopsy,,NO,,,,,,,,,,,,,21.71,0:LIVING,b2ecbc0f-2c30-4200-8d5e-7b95424bcadb,Close,,Left,,YES,,,,,Negative,,WHITE,,NO,1,Female,Breast,Axillary lymph node dissection alone,,Other,Re-Excision of Superior Margin,Lumpectomy,A7,
TCGA-A7-A26J,49,M0,N0,Stage IIA,7th,T2,,,0,20.6,0:DiseaseFree,FPPP,,3 Point Scale,Positive,90-99%,NOT HISPANIC OR LATINO,,7/28/11,,,,,,,,1,,,Infiltrating Ductal Carcinoma,,No,No,C50.9,8500/3,C50.9,Negative,,YES,2011,YES,0,,4,,Pre (<6 months since LMP AND no prior bilateral ovariectomy AND not on estrogen replacement),,,NO,Core needle biopsy,,NO,,,,,,,,,,,,,20.6,0:LIVING,6cb6f179-defd-4661-af0a-c353b74c0c49,Negative,,Left,TCGA,YES,,,,3 Point Scale,Positive,70-79%,WHITE,,NO,1,Female,Breast,Sentinel lymph node biopsy plus axillary dissection,,,,Simple Mastectomy,A7,WITH TUMOR
TCGA-A7-A2KD,53,MX,N2a,Stage IIIA,7th,T2,,,0,22.31,0:DiseaseFree,,,3 Point Scale,Positive,90-99%,NOT HISPANIC OR LATINO,,10/11/11,,,,,,,,3,,,Infiltrating Ductal Carcinoma,,No,Yes,C50.9,8500/3,C50.9,Positive,3,YES,2011,YES,8,0,10,,Post (prior bilateral ovariectomy OR >12 mo since LMP with no prior hysterectomy),,,,Core needle biopsy,,NO,,,,,,,,,,,,,22.31,0:LIVING,92654F8D-5137-4FFD-AAA3-5AE38EB88226,Negative,,Right,,YES,,3+,,3 Point Scale,Positive,90-99%,BLACK OR AFRICAN AMERICAN,,NO,1,Female,Breast,No axillary staging,,,,Modified Radical Mastectomy,A7,
TCGA-A7-A3IY,71,M0,N0,Stage I,7th,T1c,,,0,11.33,0:DiseaseFree,,,,Positive,90-99%,NOT HISPANIC OR LATINO,,3/19/12,,,,,,,,,,,Mucinous Carcinoma,,No,No,C50.9,8480/3,C50.9,Negative,,YES,2011,YES,0,,1,Negative,Post (prior bilateral ovariectomy OR >12 mo since LMP with no prior hysterectomy),,,NO,Core needle biopsy,,NO,,,,,,,,,,,,,11.33,0:LIVING,6B4E0262-F589-4532-B578-9F2D76C19D90,Close,,Right Upper Outer Quadrant,,YES,,,,,Positive,90-99%,WHITE,,NO,1,Female,Breast,Sentinel node biopsy alone,,Lumpectomy,,Lumpectomy,A7,TUMOR FREE
TCGA-A7-A3IZ,62,M0,N0 (i+),Stage IIA,7th,T2,,3,0,10.58,0:DiseaseFree,,,,Positive,90-99%,NOT HISPANIC OR LATINO,,3/12/12,569,,1,3,PathVysion HER-2 DNA probe kit.,Negative,,2,,,Infiltrating Lobular Carcinoma,,No,No,C50.9,8520/3,C50.9,Equivocal,,YES,2011,YES,,1,1,Negative,Post (prior bilateral ovariectomy OR >12 mo since LMP with no prior hysterectomy),,,NO,Core needle biopsy,,YES,,,,,,,,,,,,,10.58,0:LIVING,15FF4B02-BB69-4D24-8A07-B82F428E428D,Positive,,Right,,YES,,,,,Negative,<10%,WHITE,,NO,1,Female,Breast,Sentinel lymph node biopsy plus axillary dissection,,Other,Reexcision,Lumpectomy,A7,TUMOR FREE
TCGA-A7-A3J0,62,M0,N0,Stage IIA,7th,T2,,,0,10.28,0:DiseaseFree,,,,Positive,90-99%,NOT HISPANIC OR LATINO,,3/13/12,,,,,,,,1,,,Mucinous Carcinoma,,No,No,C50.9,8480/3,C50.9,Negative,,YES,2011,YES,0,,2,,Post (prior bilateral ovariectomy OR >12 mo since LMP with no prior hysterectomy),,,NO,Core needle biopsy,,NO,,,,,,,,,,,,,10.28,0:LIVING,DA70CF7E-0E61-4C72-B4C5-C408569D11B8,Negative,,Right,,YES,,,,,Positive,90-99%,WHITE,,NO,1,Female,Breast,Sentinel node biopsy alone,,,,Lumpectomy,A7,TUMOR FREE
TCGA-A7-A3J1,63,MX,N0,Stage IA,7th,T1c,,,0,11.27,0:DiseaseFree,,,,Positive,90-99%,NOT HISPANIC OR LATINO,,3/12/12,,,,,,,,,,,Infiltrating Lobular Carcinoma,,No,Yes,C50.9,8520/3,C50.9,Negative,,YES,2011,YES,0,,1,,Post (prior bilateral ovariectomy OR >12 mo since LMP with no prior hysterectomy),,,NO,Core needle biopsy,,,,,,,,,,,,,,,11.27,0:LIVING,8F9AD301-6699-4078-A80D-886E40894AF7,Negative,,Left,,YES,,,,,Positive,<10%,WHITE,,NO,1,Female,Breast,Sentinel lymph node biopsy plus axillary dissection,,,,Lumpectomy,A7,TUMOR FREE
TCGA-A7-A3RF,79,M0,N0,Stage IIA,7th,T2,,,0,6.31,1:Recurred/Progressed,,,,Positive,90-99%,NOT HISPANIC OR LATINO,,5/3/12,,,,,,,,,,,Mucinous Carcinoma,,No,No,C50.9,8480/3,C50.9,Negative,,YES,2012,YES,0,,2,Negative,Post (prior bilateral ovariectomy OR >12 mo since LMP with no prior hysterectomy),,,,Core needle biopsy,,NO,,,,,,,,,,,,,13.4,0:LIVING,7451AF3C-ACC0-4D79-8429-6B8BE96911D8,Positive,,Left Upper Outer Quadrant,,YES,,,,,Positive,30-39%,WHITE,,NO,1,Female,Breast,Sentinel node biopsy alone,,Other,Left breast reexcision,Lumpectomy,A7,TUMOR FREE
TCGA-A7-A425,70,MX,N3a,Stage IIIC,7th,T3,,2.5,0,14.55,1:Recurred/Progressed,,,3 Point Scale,Positive,90-99%,NOT HISPANIC OR LATINO,,11/5/12,228,,1.1,2.8,Pathvysion HER-2 DNA Probe Kit,Negative,30-39%,3,,,Infiltrating Lobular Carcinoma,,No,No,C50.9,8520/3,C50.9,Indeterminate,3,YES,2012,YES,12,,19,,Post (prior bilateral ovariectomy OR >12 mo since LMP with no prior hysterectomy),,,,Core needle biopsy,,YES,NO,,,,,,,,,,,,14.68,0:LIVING,A8F5C479-8685-4E2D-BB60-63F1CC651083,Negative,YES,Right,,YES,,2+,,3 Point Scale,Positive,70-79%,WHITE,YES,NO,1,Female,Breast,Sentinel lymph node biopsy plus axillary dissection,,,,Modified Radical Mastectomy,A7,
TCGA-A7-A426,50,MX,N3a,Stage IIIC,7th,T3,,,0,11.96,0:DiseaseFree,,,3 Point Scale,Positive,70-79%,NOT HISPANIC OR LATINO,,11/5/12,,,,,,,<10%,,,,Infiltrating Lobular Carcinoma,,No,Yes,C50.9,8520/3,C50.9,Negative,2,YES,2012,YES,13,,20,,Pre (<6 months since LMP AND no prior bilateral ovariectomy AND not on estrogen replacement),,,,Core needle biopsy,,YES,,,,,,,,,,,,,11.96,0:LIVING,D48E9F25-F083-4F88-A92D-C12D9F765BA6,Negative,YES,Right,,YES,,3+,,3 Point Scale,Positive,70-79%,WHITE,YES,NO,1,Female,Breast,Sentinel lymph node biopsy plus axillary dissection,,,,Simple Mastectomy,A7,
TCGA-A7-A4SA,40,M0,N1a,Stage IIB,7th,T2,,,0,14.91,0:DiseaseFree,,,3 Point Scale,Positive,80-89%,NOT HISPANIC OR LATINO,,2/19/13,,,,,,,,1,,,Infiltrating Lobular Carcinoma,,No,No,C50.9,8520/3,C50.9,Negative,,YES,2012,YES,1,0,10,,Pre (<6 months since LMP AND no prior bilateral ovariectomy AND not on estrogen replacement),,,,Core needle biopsy,,YES,NO,,,,,,,,,,,,14.91,0:LIVING,A2EFE7E1-ACA3-440F-825F-ED621EDCA69F,Negative,YES,Left Lower Outer Quadrant,,YES,,,,,Negative,,WHITE,NO,NO,1,Female,Breast,Sentinel lymph node biopsy plus axillary dissection,,,,Simple Mastectomy,A7,TUMOR FREE
TCGA-A7-A4SB,56,M0,N1mi,Stage IIIA,7th,T3,,,0,13.73,0:DiseaseFree,,,3 Point Scale,Positive,70-79%,NOT HISPANIC OR LATINO,,2/20/13,,,,,,,,,,,Infiltrating Lobular Carcinoma,,No,No,C50.9,8520/3,C50.9,Negative,,YES,2012,YES,0,1,2,Negative,Post (prior bilateral ovariectomy OR >12 mo since LMP with no prior hysterectomy),,,,Core needle biopsy,,YES,NO,,,,,,,,,,,,13.73,0:LIVING,A947A945-4721-45CC-BC45-13B8EA41C10E,Positive,YES,Right Upper Outer Quadrant,,YES,,,,3 Point Scale,Positive,50-59%,WHITE,YES,NO,1,Female,Breast,Sentinel node biopsy alone,,Other,Right Breast reexcision,Lumpectomy,A7,TUMOR FREE
TCGA-A7-A4SC,62,MX,N0,Stage IIB,7th,T3,,2.2,0,14.65,0:DiseaseFree,,,,Positive,90-99%,NOT HISPANIC OR LATINO,,2/20/13,303,,1.1,2.4,PathVysion HER-2 DNA Probe kit,Negative,,3,,,Infiltrating Lobular Carcinoma,,No,No,C50.9,8520/3,C50.9,Equivocal,,YES,2012,YES,0,0,1,,Post (prior bilateral ovariectomy OR >12 mo since LMP with no prior hysterectomy),,,,Core needle biopsy,,YES,NO,,,,,,,,,,,,14.65,0:LIVING,EC0AB947-9341-4FFF-BDA4-FDFB9434D508,Negative,YES,Right Upper Outer Quadrant,,YES,,,,,Negative,,WHITE,YES,NO,1,Female,Breast,,,,,Simple Mastectomy,A7,TUMOR FREE
TCGA-A7-A4SD,52,M0,N0,Stage IIA,7th,T2,,5,0,14.49,0:DiseaseFree,,,,Negative,,NOT HISPANIC OR LATINO,,2/19/13,20,,1.3,6.4,PathVysion HER-2 DNA Probe Kit,Negative,,2,,,Infiltrating Ductal Carcinoma,,No,No,C50.9,8500/3,C50.9,Equivocal,,YES,2012,YES,0,0,6,,Post (prior bilateral ovariectomy OR >12 mo since LMP with no prior hysterectomy),,,,Core needle biopsy,,YES,NO,,,,,,,,,,,,14.49,0:LIVING,8C09F413-E938-4F2E-A414-84F0E7FCFE41,Negative,YES,Right,,YES,,,,,Negative,,BLACK OR AFRICAN AMERICAN,NO,NO,1,Female,Breast,Sentinel node biopsy alone,,,,Simple Mastectomy,A7,TUMOR FREE
TCGA-A7-A4SE,54,M0,N0,Stage IIA,7th,T2,,,0,21.16,0:DiseaseFree,,,,Negative,,NOT HISPANIC OR LATINO,,2/22/13,,,,,,,<10%,1,,,Infiltrating Ductal Carcinoma,,No,No,C50.9,8500/3,C50.9,Negative,,YES,2011,YES,0,0,3,,Post (prior bilateral ovariectomy OR >12 mo since LMP with no prior hysterectomy),,,,Core needle biopsy,,YES,NO,,,,,,,,,,,,21.16,0:LIVING,DBF6F981-15CC-40AD-91AC-A66360405FBD,Negative,YES,Left,,YES,,,,,Negative,,BLACK OR AFRICAN AMERICAN,NO,NO,1,Female,Breast,Sentinel node biopsy alone,,,,Lumpectomy,A7,TUMOR FREE
TCGA-A7-A4SF,54,M0,N0,Stage IIA,7th,T2,,,0,17.9,0:DiseaseFree,,,3 Point Scale,Positive,90-99%,NOT HISPANIC OR LATINO,,2/25/13,,,,,,,,3,,,Infiltrating Ductal Carcinoma,,No,No,C50.9,8500/3,C50.9,Positive,,YES,2012,YES,0,0,2,Positive,Post (prior bilateral ovariectomy OR >12 mo since LMP with no prior hysterectomy),,,,Core needle biopsy,,YES,NO,,,,,,,,,,,,17.9,0:LIVING,D81594D9-DD6A-45C3-8BAD-61960611D78D,Positive,YES,Right,,YES,,,,,Negative,,BLACK OR AFRICAN AMERICAN,YES,NO,1,Female,Breast,Sentinel node biopsy alone,,Other,Right Breast Reexcision,Lumpectomy,A7,TUMOR FREE
TCGA-A7-A56D,84,M0,N0,Stage IIA,7th,T2,,,0,14.72,0:DiseaseFree,,,3 Point Scale,Positive,90-99%,NOT HISPANIC OR LATINO,,4/1/13,,,,,,,,,,,Infiltrating Ductal Carcinoma,,No,No,C50.9,8500/3,C50.9,Negative,3,YES,2012,YES,0,0,8,,Post (prior bilateral ovariectomy OR >12 mo since LMP with no prior hysterectomy),,,,Core needle biopsy,,YES,NO,,,,,,,,,,,,14.72,0:LIVING,F062CBD0-2426-40AC-A4BE-E74AC61FA2A7,Negative,YES,Left Lower Inner Quadrant,,YES,,1+,,3 Point Scale,Positive,<10%,BLACK OR AFRICAN AMERICAN,NO,NO,1,Female,Breast,Sentinel lymph node biopsy plus axillary dissection,,,,Lumpectomy,A7,TUMOR FREE
TCGA-A7-A5ZV,62,M0,N0,Stage IIA,7th,T2,,2.5,0,12.09,0:DiseaseFree,,,,Negative,,NOT HISPANIC OR LATINO,,5/14/13,40,,1.5,3.8,PathVysion HER-2 DNA Probe Kit,Negative,,2,,,Infiltrating Carcinoma NOS,,No,No,C50.9,8010/3,C50.9,Equivocal,,YES,2012,YES,0,,2,,Post (prior bilateral ovariectomy OR >12 mo since LMP with no prior hysterectomy),,,,Core needle biopsy,,NO,NO,,,,,,,,,,,,12.09,0:LIVING,0EC70E40-07DF-461D-8FF9-351240A0D454,Negative,YES,Left,,YES,,,,,Negative,,BLACK OR AFRICAN AMERICAN,NO,NO,1,Female,Breast,Sentinel node biopsy alone,,,,Lumpectomy,A7,TUMOR FREE
TCGA-A7-A5ZW,47,M0,N1a,Stage IIA,7th,T1c,,,0,10.71,0:DiseaseFree,,,3 Point Scale,Positive,90-99%,NOT HISPANIC OR LATINO,,5/13/13,,,,,,,,1,,,Infiltrating Ductal Carcinoma,,No,No,C50.9,8500/3,C50.9,Negative,,YES,2012,YES,1,,1,,Peri (6-12 months since last menstrual period),,,,Core needle biopsy,,NO,NO,,,,,,,,,,,,10.71,0:LIVING,523E24A2-51B9-4658-BE2F-42E5FCCEBB17,Negative,YES,Right Upper Outer Quadrant,,YES,,,,3 Point Scale,Positive,80-89%,BLACK OR AFRICAN AMERICAN,NO,NO,1,Female,Breast,Sentinel node biopsy alone,,,,Lumpectomy,A7,TUMOR FREE
TCGA-A7-A5ZX,48,M0,N3a,Stage IIIC,7th,T2,,,0,11.04,0:DiseaseFree,,,3 Point Scale,Positive,,NOT HISPANIC OR LATINO,Bilateral skin sparing Mastectomy and Bilateral breast reconstruction with tissue expanders.,5/13/13,,,,,,,,,,,Infiltrating Lobular Carcinoma,,No,Yes,C50.9,8520/3,C50.9,Negative,,YES,2012,YES,21,,24,,Pre (<6 months since LMP AND no prior bilateral ovariectomy AND not on estrogen replacement),,,,Core needle biopsy,,YES,NO,,,,,,,,,,,,11.04,0:LIVING,BA80DB4E-D899-4DA4-AE49-5263D98E1530,,YES,Left,,YES,,,,3 Point Scale,Positive,,WHITE,NO,NO,1,Female,Breast,Sentinel lymph node biopsy plus axillary dissection,,,,Other,A7,TUMOR FREE
TCGA-A7-A6VV,51,M0,N0,Stage IIA,7th,T2,,,0,10.28,0:DiseaseFree,,,,Negative,,NOT HISPANIC OR LATINO,,10/22/13,,,,,,,,,,,Infiltrating Ductal Carcinoma,,No,No,C50.9,8500/3,C50.9,Negative,,YES,2013,YES,0,,5,,Peri (6-12 months since last menstrual period),,,,Core needle biopsy,,NO,NO,,,,,,,,,,,,10.28,0:LIVING,57AF5C72-0D60-4A6B-B1B4-EC6DAB90F80F,Negative,YES,Right,,YES,,,,,Negative,,BLACK OR AFRICAN AMERICAN,NO,NO,1,Female,Breast,Sentinel lymph node biopsy plus axillary dissection,,,,Modified Radical Mastectomy,A7,TUMOR FREE
TCGA-A7-A6VW,48,M0,N0,Stage IIA,7th,T2,,,0,9.36,0:DiseaseFree,,,,Negative,,NOT HISPANIC OR LATINO,,10/29/13,,,,,,,,,,,Infiltrating Ductal Carcinoma,,No,No,C50.9,8500/3,C50.9,Negative,,YES,2013,YES,0,,2,,Post (prior bilateral ovariectomy OR >12 mo since LMP with no prior hysterectomy),,,,Core needle biopsy,,NO,NO,,,,,,,,,,,,9.36,0:LIVING,98E709E7-E195-4B37-9537-F6081AFFB609,Close,YES,Left,,YES,,,,,Negative,,BLACK OR AFRICAN AMERICAN,NO,NO,1,Female,Breast,Sentinel node biopsy alone,,,,Lumpectomy,A7,TUMOR FREE
TCGA-A7-A6VX,68,M0,N0,Stage IIA,7th,T2,Immune Stain by GenPath,,0,10.41,0:DiseaseFree,,,,Positive,90-99%,NOT HISPANIC OR LATINO,,10/29/13,,,,,,,,1,,,Infiltrating Ductal Carcinoma,,No,No,C50.9,8500/3,C50.9,Negative,,YES,2013,YES,0,,2,,Post (prior bilateral ovariectomy OR >12 mo since LMP with no prior hysterectomy),,,,Core needle biopsy,,NO,NO,,,,,,,,,,,,10.41,0:LIVING,7EEA2B6E-771F-44C0-9350-38F45C8DBE87,Negative,YES,Left|Left Upper Outer Quadrant,,YES,Immune stain by GenPath,,,,Positive,,BLACK OR AFRICAN AMERICAN,YES,NO,1,Female,Breast,Sentinel node biopsy alone,,,,Lumpectomy,A7,TUMOR FREE
TCGA-A7-A6VY,48,M0,N1,Stage IIB,7th,T2,,,0,8.74,0:DiseaseFree,,,,Negative,,NOT HISPANIC OR LATINO,,10/25/13,,,,,,,,,,,Infiltrating Ductal Carcinoma,,No,No,C50.9,8500/3,C50.9,Negative,,YES,2013,YES,2,,14,,Post (prior bilateral ovariectomy OR >12 mo since LMP with no prior hysterectomy),,,,Core needle biopsy,,NO,NO,,,,,,,,,,,,8.74,0:LIVING,E8EA576B-EB16-44F7-B241-DAEFC1375388,Negative,YES,Right|Right Upper Outer Quadrant,,YES,,,,,Negative,,BLACK OR AFRICAN AMERICAN,NO,NO,1,Female,Breast,Sentinel lymph node biopsy plus axillary dissection,,,,Lumpectomy,A7,TUMOR FREE
TCGA-A8-A06N,66,M0,N0,Stage IIIB,6th,T4b,,,0,0,0:DiseaseFree,,,,Positive,,,Surgical Resection,5/27/11,,,,,,Negative,,0,,,Infiltrating Ductal Carcinoma,,No,No,C50.9,8500/3,C50.9,Negative,,YES,2009,,,,,,Post (prior bilateral ovariectomy OR >12 mo since LMP with no prior hysterectomy),,,,,,,,,,,,,,,,,,,0,0:LIVING,3a711140-1b89-4611-9992-3861e3d0e01a,Negative,,Left,,NO,,,,,Negative,,,,YES,1,Female,Breast,,,,,Other,A8,TUMOR FREE
TCGA-A8-A06O,60,M0,N0,Stage I,6th,T1c,,,0,13.01,0:DiseaseFree,,,,Positive,,,Surgical Resection,5/27/11,,,,,,Negative,,1,,,Infiltrating Ductal Carcinoma,,No,No,C50.9,8500/3,C50.9,Negative,,YES,2009,,,,,,Post (prior bilateral ovariectomy OR >12 mo since LMP with no prior hysterectomy),,,,,,,,,,,,,,,,,,,13.01,0:LIVING,69054195-9e93-49e5-b820-69b0091cc2d4,Negative,,Left,,NO,,,,,Positive,,,,YES,1,Female,Breast,,,,,Other,A8,TUMOR FREE
TCGA-A8-A06P,63,M0,N2a,Stage IIIA,6th,T1c,,,0,13.01,0:DiseaseFree,,,,Positive,,,Surgical Resection,5/27/11,,,,,,Negative,,,,,Infiltrating Ductal Carcinoma,,No,No,C50.9,8500/3,C50.9,Negative,,YES,2009,,,,,,Post (prior bilateral ovariectomy OR >12 mo since LMP with no prior hysterectomy),,,,,,,,,,,,,,,,,,,13.01,0:LIVING,5f90d955-bbb0-4b44-a5ac-ba6fda9ca0fb,Negative,,Right,,NO,,,,,Positive,,,,YES,1,Female,Breast,,,,,Other,A8,TUMOR FREE
TCGA-A8-A06Q,63,M0,N2,Stage IIIA,5th,T3,,,0,1.02,0:DiseaseFree,,,,Positive,,,Surgical Resection,5/27/11,,,,,,Negative,,1,,,Infiltrating Ductal Carcinoma,,No,No,C50.9,8500/3,C50.9,Negative,,YES,2007,,,,,,Post (prior bilateral ovariectomy OR >12 mo since LMP with no prior hysterectomy),,,,,,,,,,,,,,,,,,,1.02,0:LIVING,281f70c5-876f-44b3-84fb-f2302f85e74c,Negative,,Left Upper Outer Quadrant,,NO,,,,,Positive,,,,YES,1,Female,Breast,,,,,Other,A8,TUMOR FREE
TCGA-A8-A06R,69,M0,N1a,Stage IIB,5th,T2,,,0,17.97,0:DiseaseFree,,,,Positive,,,Surgical Resection,5/27/11,,,,,,Positive,,2,,,Infiltrating Ductal Carcinoma,,No,No,C50.9,8500/3,C50.9,Positive,,YES,2007,,,,,,Post (prior bilateral ovariectomy OR >12 mo since LMP with no prior hysterectomy),,,,,,,,,,,,,,,,,,,17.97,0:LIVING,f3ba71f9-25f3-4784-bf2d-3aa522a0cba8,Negative,,Right Upper Outer Quadrant,,NO,,,,,Negative,,,,YES,1,Female,Breast,,,,,Other,A8,TUMOR FREE
TCGA-A8-A06T,75,M0,N1a,Stage IIIA,6th,T3,,,0,53.02,0:DiseaseFree,,,,Positive,,,Surgical Resection,5/27/11,,,,,,Positive,,2,,,Infiltrating Ductal Carcinoma,,No,Yes,C50.9,8500/3,C50.9,Positive,,YES,2007,,,,,,Post (prior bilateral ovariectomy OR >12 mo since LMP with no prior hysterectomy),,,,,,,,,,,,,,,,,,,53.02,0:LIVING,2c04a2f5-321e-4dea-8e00-268325da65cb,Negative,,Left Upper Outer Quadrant,,NO,,,,,Positive,,,,YES,1,Female,Breast,,,,,Other,A8,TUMOR FREE
TCGA-A8-A06U,80,M0,N1a,Stage IIB,6th,T2,,,0,,,,,,Positive,,,Surgical Resection,5/27/11,,,,,,Positive,,2,,,Infiltrating Ductal Carcinoma,,No,Yes,C50.9,8500/3,C50.9,Positive,,YES,2008,,,,,,Post (prior bilateral ovariectomy OR >12 mo since LMP with no prior hysterectomy),,,,,,,,,,,,,,,,,,,29.01,1:DECEASED,6bc4c56d-aac5-49a2-9913-9538d06d898f,Negative,,Right Upper Outer Quadrant,,NO,,,,,Positive,,,,YES,1,Female,Breast,,,,,Other,A8,TUMOR FREE
TCGA-A8-A06X,77,M0,N0,Stage IIB,6th,T3,,,0,,,,,,Positive,,,Surgical Resection,5/27/11,,,,,,Positive,,3,,,Infiltrating Ductal Carcinoma,,No,No,C50.9,8500/3,C50.9,Positive,,YES,2006,,,,,,Post (prior bilateral ovariectomy OR >12 mo since LMP with no prior hysterectomy),,,,,,,,,,,,,,,,,,,30.98,1:DECEASED,70931617-b3df-4a12-8e3f-2b2307602f48,Negative,,Right Upper Outer Quadrant,,NO,,,,,Negative,,,,YES,1,Female,Breast,,,,,Other,A8,TUMOR FREE
TCGA-A8-A06Y,66,M0,N0,Stage IIA,6th,T2,,,0,25.99,1:Recurred/Progressed,,,,Positive,,,Surgical Resection,5/27/11,,,,,,Negative,,1,,,Infiltrating Ductal Carcinoma,,No,No,C50.9,8500/3,C50.9,Negative,,YES,2008,,,,,,Post (prior bilateral ovariectomy OR >12 mo since LMP with no prior hysterectomy),,,,,,,,,,,,,,,,,,,25.99,0:LIVING,515b1400-e896-4f2a-81bd-70895441a0bd,Negative,,Left Upper Outer Quadrant,,NO,,,,,Positive,,,,YES,1,Female,Breast,,,,,Other,A8,TUMOR FREE
TCGA-A8-A06Z,84,M0,N0,Stage IIB,6th,T3,,,0,1.02,0:DiseaseFree,,,,Positive,,,Surgical Resection,5/27/11,,,,,,Negative,,1,,,Infiltrating Ductal Carcinoma,,No,No,C50.9,8500/3,C50.9,Negative,,YES,2007,,,,,,Post (prior bilateral ovariectomy OR >12 mo since LMP with no prior hysterectomy),,,,,,,,,,,,,,,,,,,1.02,0:LIVING,2399caeb-ead2-4003-af38-809db4ac2e2b,,,Right Upper Outer Quadrant,,NO,,,,,Positive,,,,YES,1,Female,Breast,,,,,Other,A8,
TCGA-A8-A075,42,M0,N1a,Stage IIB,6th,T2,,,0,17.02,0:DiseaseFree,,,,Positive,,,Surgical Resection,5/27/11,,,,,,Positive,,2,,,Infiltrating Ductal Carcinoma,,No,No,C50.9,8500/3,C50.9,Positive,,YES,2009,,,,,,Pre (<6 months since LMP AND no prior bilateral ovariectomy AND not on estrogen replacement),,,,,,,,,,,,,,,,,,,17.02,0:LIVING,7861a5f2-8910-4bcb-9c34-f79c5acd6e21,Negative,,Left Upper Outer Quadrant,,NO,,,,,Positive,,,,YES,1,Female,Breast,,,,,Other,A8,TUMOR FREE
TCGA-A8-A076,66,M0,N0,Stage IIA,5th,T2,,,0,53.94,0:DiseaseFree,,,,Positive,,,Surgical Resection,5/27/11,,,,,,Positive,,3,,,Infiltrating Ductal Carcinoma,,No,No,C50.9,8500/3,C50.9,Positive,,YES,2006,,,,,,Post (prior bilateral ovariectomy OR >12 mo since LMP with no prior hysterectomy),,,,,,,,,,,,,,,,,,,53.94,0:LIVING,23dabeef-8e3c-44bc-9a12-a9522d17be5c,Negative,,Left Upper Outer Quadrant,,NO,,,,,Positive,,,,YES,1,Female,Breast,,,,,Other,A8,TUMOR FREE
TCGA-A8-A079,69,M0,N3,Stage IIIB,5th,T4b,,,0,9,0:DiseaseFree,,,,Positive,,,Surgical Resection,5/27/11,,,,,,Negative,,1,,,Infiltrating Ductal Carcinoma,,No,No,C50.9,8500/3,C50.9,Negative,,YES,2007,,,,,,Post (prior bilateral ovariectomy OR >12 mo since LMP with no prior hysterectomy),,,,,,,,,,,,,,,,,,,9,0:LIVING,31c31cce-1b4d-4f12-922f-84f389403170,Negative,,Left Upper Outer Quadrant,,NO,,,,,Positive,,,,YES,1,Female,Breast,,,,,Other,A8,TUMOR FREE
TCGA-A8-A07B,69,M0,N0,Stage IIA,6th,T2,,,0,42.97,0:DiseaseFree,,,,Positive,,,Surgical Resection,5/27/11,,,,,,Positive,,3,,,Infiltrating Ductal Carcinoma,,No,No,C50.9,8500/3,C50.9,Positive,,YES,2007,,,,,,Post (prior bilateral ovariectomy OR >12 mo since LMP with no prior hysterectomy),,,,,,,,,,,,,,,,,,,42.97,0:LIVING,b43e41af-1d82-4b5f-b8f1-add0510e6b86,Negative,,Left Lower Outer Quadrant,,NO,,,,,Positive,,,,YES,1,Female,Breast,,,,,Other,A8,TUMOR FREE
TCGA-A8-A07C,57,M0,N0,Stage IIA,6th,T2,,,0,33.97,0:DiseaseFree,,,,Negative,,,Surgical Resection,5/27/11,,,,,,Negative,,1,,,Infiltrating Ductal Carcinoma,,No,No,C50.9,8500/3,C50.9,Negative,,YES,2008,,,,,,Post (prior bilateral ovariectomy OR >12 mo since LMP with no prior hysterectomy),,,,,,,,,,,,,,,,,,,33.97,0:LIVING,b6633c36-7ce4-4b69-9bf6-30b64d46c66f,Negative,,Right Upper Outer Quadrant,,NO,,,,,Negative,,,,YES,1,Female,Breast,,,,,Other,A8,TUMOR FREE
TCGA-A8-A07E,81,MX,N3a,Stage X,6th,T4b,,,0,19.97,0:DiseaseFree,,,,Positive,,,Surgical Resection,5/27/11,,,,,,Negative,,1,,,Infiltrating Ductal Carcinoma,,No,Yes,C50.9,8500/3,C50.9,Negative,,YES,2008,,,,,,Post (prior bilateral ovariectomy OR >12 mo since LMP with no prior hysterectomy),,,,,,,,,,,,,,,,,,,19.97,0:LIVING,853456d8-2367-404e-abc9-020fe8bbd209,Negative,,Left Upper Outer Quadrant,,NO,,,,,Positive,,,,YES,1,Female,Breast,,,,,Other,A8,TUMOR FREE
TCGA-A8-A07F,65,M0,N1a,Stage IIB,6th,T2,,,0,18.96,0:DiseaseFree,,,,Positive,,,Surgical Resection,5/27/11,,,,,,Negative,,1,,,Infiltrating Ductal Carcinoma,,No,No,C50.9,8500/3,C50.9,Negative,,YES,2009,,,,,,Post (prior bilateral ovariectomy OR >12 mo since LMP with no prior hysterectomy),,,,,,,,,,,,,,,,,,,18.96,0:LIVING,5d688049-f271-40ef-813a-d37240ffe21c,Negative,,Left Upper Outer Quadrant,,NO,,,,,Positive,,,,YES,1,Female,Breast,,,,,Other,A8,TUMOR FREE
TCGA-A8-A07G,65,M0,N1a,Stage IIA,6th,T1c,,,0,18.96,0:DiseaseFree,,,,Positive,,,Surgical Resection,5/27/11,,,,,,Negative,,1,,,Infiltrating Ductal Carcinoma,,No,No,C50.9,8500/3,C50.9,Negative,,YES,2009,,,,,,Post (prior bilateral ovariectomy OR >12 mo since LMP with no prior hysterectomy),,,,,,,,,,,,,,,,,,,18.96,0:LIVING,8cf8b620-7ab6-4b6e-84bc-ff5a83f381fa,Negative,,Right Upper Outer Quadrant,,NO,,,,,Positive,,,,YES,1,Female,Breast,,,,,Other,A8,TUMOR FREE
TCGA-A8-A07I,69,M0,N2a,Stage IIIA,6th,T2,,,0,13.99,0:DiseaseFree,,,,Positive,,,Surgical Resection,5/27/11,,,,,,Positive,,3,,,Infiltrating Ductal Carcinoma,,No,No,C50.9,8500/3,C50.9,Positive,,YES,2009,,,,,,Post (prior bilateral ovariectomy OR >12 mo since LMP with no prior hysterectomy),,,,,,,,,,,,,,,,,,,13.99,0:LIVING,566792ae-f853-4a47-856d-f02cdcfcb18a,Negative,,Left Upper Outer Quadrant,,NO,,,,,Negative,,,,YES,1,Female,Breast,,,,,Other,A8,TUMOR FREE
TCGA-A8-A07J,35,M0,N1a,Stage IIB,6th,T2,,,0,11.99,0:DiseaseFree,,,,Positive,,,Surgical Resection,5/27/11,,,,,,Negative,,1,,,Infiltrating Ductal Carcinoma,,No,No,C50.9,8500/3,C50.9,Negative,,YES,2009,,,,,,Pre (<6 months since LMP AND no prior bilateral ovariectomy AND not on estrogen replacement),,,,,,,,,,,,,,,,,,,11.99,0:LIVING,316625b8-a217-4829-90d1-dfd9cb7e4bc3,Negative,,Right Upper Outer Quadrant,,NO,,,,,Positive,,,,YES,1,Female,Breast,,,,,Other,A8,TUMOR FREE
TCGA-A8-A07L,58,M0,N1a,Stage IIIA,6th,T3,,,0,32.03,0:DiseaseFree,,,,Positive,,,Surgical Resection,5/27/11,,,,,,Negative,,0,,,Infiltrating Ductal Carcinoma,,No,No,C50.9,8500/3,C50.9,Negative,,YES,2009,,,,,,Post (prior bilateral ovariectomy OR >12 mo since LMP with no prior hysterectomy),,,,,,,,,,,,,,,,,,,32.03,0:LIVING,e89a9deb-6321-4e61-b412-b4993d4277dd,Negative,,Right Upper Outer Quadrant,,NO,,,,,Positive,,,,YES,1,Female,Breast,,,,,Other,A8,TUMOR FREE
TCGA-A8-A07O,51,M0,N0,Stage IIA,6th,T2,,,0,9.99,0:DiseaseFree,,,,Negative,,,Surgical Resection,5/27/11,,,,,,Negative,,1,,,Infiltrating Ductal Carcinoma,,No,No,C50.9,8500/3,C50.9,Negative,,YES,2009,,,,,,Post (prior bilateral ovariectomy OR >12 mo since LMP with no prior hysterectomy),,,,,,,,,,,,,,,,,,,9.99,0:LIVING,cf9db1af-17f0-490e-8139-142bd704763a,Negative,,Right Upper Outer Quadrant,,NO,,,,,Negative,,,,YES,1,Female,Breast,,,,,Other,A8,TUMOR FREE
TCGA-A8-A07P,68,M0,N1,Stage IIB,6th,T2,,,0,10.97,0:DiseaseFree,,,,Positive,,,Surgical Resection,5/27/11,,,,,,Positive,,2,,,Infiltrating Ductal Carcinoma,,No,No,C50.9,8500/3,C50.9,Positive,,YES,2009,,,,,,Post (prior bilateral ovariectomy OR >12 mo since LMP with no prior hysterectomy),,,,,,,,,,,,,,,,,,,10.97,0:LIVING,8cccf160-93e9-48a5-9b8b-54aa50153142,Negative,,Left Upper Outer Quadrant,,NO,,,,,Positive,,,,YES,1,Female,Breast,,,,,Other,A8,TUMOR FREE
TCGA-A8-A07R,80,M0,N3a,Stage IIIC,6th,T2,,,0,8.97,0:DiseaseFree,,,,Negative,,,Surgical Resection,5/27/11,,,,,,,,2,,,Infiltrating Ductal Carcinoma,,No,No,C50.9,8500/3,C50.9,Positive,,YES,2009,,,,,,,,,,,,,,,,,,,,,,,,,8.97,0:LIVING,72e486b8-a866-4916-b2e4-8b4bb5dcd92d,Positive,,Left Upper Outer Quadrant,,NO,,,,,Negative,,,,YES,1,Female,Breast,,,,,Other,A8,
TCGA-A8-A07S,73,M0,N0,Stage IIA,6th,T2,,,0,7.98,0:DiseaseFree,,,,Positive,,,Surgical Resection,5/27/11,,,,,,Negative,,,,,Mixed Histology (please specify),lobular/ductal,No,No,C50.9,8522/3,C50.9,Negative,,YES,2009,,,,,,Post (prior bilateral ovariectomy OR >12 mo since LMP with no prior hysterectomy),,,,,,,,,,,,,,,,,,,7.98,0:LIVING,a20fa2c4-a502-47e3-bfaa-2ec4cce3a859,Positive,,Left Upper Outer Quadrant,,NO,,,,,Negative,,,,YES,1,Female,Breast,,,,,Other,A8,WITH TUMOR
TCGA-A8-A07U,66,M0,N2a,Stage IIIA,6th,T2,,,0,24.97,0:DiseaseFree,,,,Negative,,,Surgical Resection,5/27/11,,,,,,Negative,,,,,Infiltrating Ductal Carcinoma,,No,No,C50.9,8500/3,C50.9,Negative,,YES,2009,,,,,,Post (prior bilateral ovariectomy OR >12 mo since LMP with no prior hysterectomy),,,,,,,,,,,,,,,,,,,24.97,0:LIVING,59bf0ce4-715a-4017-bccb-c59916e78324,Negative,,Right Upper Outer Quadrant,,NO,,,,,Positive,,,,YES,1,Female,Breast,,,,,Other,A8,TUMOR FREE
TCGA-A8-A07W,76,M1,NX,Stage IV,6th,T2,,,0,9.99,0:DiseaseFree,,,,Positive,,,Surgical Resection,5/25/11,,,,,,Negative,,,,,Infiltrating Ductal Carcinoma,,No,No,C50.9,8500/3,C50.9,Negative,,YES,2009,,,,,,Post (prior bilateral ovariectomy OR >12 mo since LMP with no prior hysterectomy),,,,,,,,,,,,,,,,,,,9.99,0:LIVING,01263518-5f7c-49dc-8d7e-84b0c03a6a63,Positive,,Left Upper Outer Quadrant,,NO,,,,,Positive,,,,YES,1,Female,Breast,,,,,Other,A8,WITH TUMOR
TCGA-A8-A07Z,85,M0,N0,Stage IIA,6th,T2,,,0,45.04,0:DiseaseFree,,,,Positive,,,Surgical Resection,5/27/11,,,,,,Negative,,,,,Infiltrating Ductal Carcinoma,,No,No,C50.9,8500/3,C50.9,Negative,,YES,2008,,,,,,Post (prior bilateral ovariectomy OR >12 mo since LMP with no prior hysterectomy),,,,,,,,,,,,,,,,,,,45.04,0:LIVING,a272171b-44f5-47a5-89be-7520413c01ad,Negative,,Left,,NO,,,,,Positive,,,,YES,1,Female,Breast,,,,,Other,A8,TUMOR FREE
TCGA-A8-A081,80,M0,N0,Stage IIA,6th,T2,,,0,0,0:DiseaseFree,,,,Positive,,,Surgical Resection,5/27/11,,,,,,Negative,,1,,,Infiltrating Ductal Carcinoma,,No,No,C50.9,8500/3,C50.9,Negative,,YES,2008,,,,,,Post (prior bilateral ovariectomy OR >12 mo since LMP with no prior hysterectomy),,,,,,,,,,,,,,,,,,,0,0:LIVING,9d876f05-5080-4c4e-9bf5-45f631d381e5,Negative,,Right,,NO,,,,,Positive,,,,YES,1,Female,Breast,,,,,Other,A8,TUMOR FREE
TCGA-A8-A082,58,M0,N1a,Stage IIB,6th,T2,,,0,18.04,0:DiseaseFree,,,,Positive,,,Surgical Resection,5/27/11,,,,,,Negative,,1,,,Infiltrating Ductal Carcinoma,,No,No,C50.9,8500/3,C50.9,Negative,,YES,2008,,,,,,Post (prior bilateral ovariectomy OR >12 mo since LMP with no prior hysterectomy),,,,,,,,,,,,,,,,,,,18.04,0:LIVING,5e4187c9-98f8-4bdb-a8da-6a914e96f47a,Negative,,Right,,NO,,,,,Positive,,,,YES,1,Female,Breast,,,,,Other,A8,TUMOR FREE
TCGA-A8-A083,67,M0,N0,Stage IIB,6th,T3,,,0,0,0:DiseaseFree,,,,Positive,,,Surgical Resection,5/27/11,,,,,,Negative,,1,,,Infiltrating Ductal Carcinoma,,No,No,C50.9,8500/3,C50.9,Negative,,YES,2008,,,,,,Post (prior bilateral ovariectomy OR >12 mo since LMP with no prior hysterectomy),,,,,,,,,,,,,,,,,,,0,0:LIVING,afb9418e-91eb-4db1-aacf-12bd946c9ba0,Negative,,Left,,NO,,,,,Positive,,,,YES,1,Female,Breast,,,,,Other,A8,TUMOR FREE
TCGA-A8-A084,81,M0,N1a,Stage IIB,5th,T2,,,0,15.05,0:DiseaseFree,,,,Positive,,,Surgical resection,5/27/11,,,,,,Negative,,1,,,Infiltrating Ductal Carcinoma,,Yes,Yes,C50.9,8500/3,C50.9,Negative,,YES,2007,,,,,,Post (prior bilateral ovariectomy OR >12 mo since LMP with no prior hysterectomy),,,,,,,,,,,,,,,,,,,15.05,0:LIVING,3dbe99d1-e3b8-4ee2-b6a8-2e2e12c6fbe9,Positive,,Left,,NO,,,,,Negative,,,,YES,1,Female,Breast,,,,,Other,A8,WITH TUMOR
TCGA-A8-A085,44,M0,N1a,Stage IIB,6th,T2,,,0,36.93,0:DiseaseFree,,,,Positive,,,Surgical Resection,5/27/11,,,,,,Negative,,1,,,Infiltrating Ductal Carcinoma,,No,No,C50.9,8500/3,C50.9,Negative,,YES,2008,,,,,,,,,,,,,,,,,,,,,,,,,36.93,0:LIVING,3c08aabd-d5b5-4bbe-857c-38a7527b2163,Negative,,Left,,NO,,,,,Positive,,,,YES,1,Male,Breast,,,,,Other,A8,TUMOR FREE
TCGA-A8-A086,59,M0,N1a,Stage IIA,6th,T1c,,,0,13.01,0:DiseaseFree,,,,Positive,,,Surgical Resection,5/27/11,,,,,,Negative,,0,,,Infiltrating Ductal Carcinoma,,No,No,C50.9,8500/3,C50.9,Negative,,YES,2009,,,,,,Post (prior bilateral ovariectomy OR >12 mo since LMP with no prior hysterectomy),,,,,,,,,,,,,,,,,,,13.01,0:LIVING,f9eb88f7-9293-46bf-ace4-a746e4ff80dc,Negative,,Right,,NO,,,,,Positive,,,,YES,1,Female,Breast,,,,,Other,A8,TUMOR FREE
TCGA-A8-A08A,89,M0,N0,Stage I,5th,T1c,,,0,0.99,0:DiseaseFree,,,,Positive,,,Surgical Resection,5/27/11,,,,,,Negative,,1,,,Infiltrating Ductal Carcinoma,,No,No,C50.9,8500/3,C50.9,Negative,,YES,2007,,,,,,Post (prior bilateral ovariectomy OR >12 mo since LMP with no prior hysterectomy),,,,,,,,,,,,,,,,,,,0.99,0:LIVING,7fe4670d-4626-459d-869b-ab15f478c6a7,Negative,,Left Upper Inner Quadrant,,NO,,,,,Positive,,,,YES,1,Female,Breast,,,,,Other,A8,TUMOR FREE
TCGA-A8-A08B,52,M0,N0,Stage IIA,6th,T2,,,0,37.98,0:DiseaseFree,,,,Positive,,,Surgical Resection,5/27/11,,,,,,Positive,,3,,,Infiltrating Ductal Carcinoma,,No,No,C50.9,8500/3,C50.9,Positive,,YES,2008,,,,,,Pre (<6 months since LMP AND no prior bilateral ovariectomy AND not on estrogen replacement),,,,,,,,,,,,,,,,,,,37.98,0:LIVING,d8d7a6c2-6427-4f47-968c-6c3affba4617,Negative,,Right Upper Inner Quadrant,,NO,,,,,Negative,,,,YES,1,Female,Breast,,,,,Other,A8,TUMOR FREE
TCGA-A8-A08C,65,M0,N0,Stage IIA,6th,T2,,,0,28.94,0:DiseaseFree,,,,Positive,,,Surgical Resection,5/27/11,,,,,,Positive,,2,,,Infiltrating Ductal Carcinoma,,No,No,C50.9,8500/3,C50.9,Positive,,YES,2008,,,,,,Post (prior bilateral ovariectomy OR >12 mo since LMP with no prior hysterectomy),,,,,,,,,,,,,,,,,,,28.94,0:LIVING,78e1da41-127c-4e9c-aaaa-77a0d94c31d0,Negative,,Left Upper Inner Quadrant,,NO,,,,,Positive,,,,YES,1,Female,Breast,,,,,Other,A8,TUMOR FREE
TCGA-A8-A08F,59,M0,N3a,Stage IIIC,6th,T2,,,0,32.98,0:DiseaseFree,,,,Positive,,,Surgical Resection,5/27/11,,,,,,Negative,,1,,,Infiltrating Ductal Carcinoma,,Yes,Yes,C50.9,8500/3,C50.9,Negative,,YES,2008,,,,,,Post (prior bilateral ovariectomy OR >12 mo since LMP with no prior hysterectomy),,,,,,,,,,,,,,,,,,,32.98,0:LIVING,0a017f15-1c6b-45e7-8d55-e0a71df1b2e8,Negative,,Right Upper Inner Quadrant,,NO,,,,,Positive,,,,YES,1,Female,Breast,,,,,Other,A8,TUMOR FREE
TCGA-A8-A08G,41,M0,N0,Stage IIA,6th,T2,,,0,19.94,0:DiseaseFree,,,,Positive,,,Surgical Resection,5/27/11,,,,,,Positive,,3,,,Infiltrating Ductal Carcinoma,,No,No,C50.9,8500/3,C50.9,Positive,,YES,2009,,,,,,Pre (<6 months since LMP AND no prior bilateral ovariectomy AND not on estrogen replacement),,,,,,,,,,,,,,,,,,,19.94,0:LIVING,719082cc-1ebe-4a51-a659-85a59db1d77d,Negative,,Left Upper Inner Quadrant,,NO,,,,,Positive,,,,YES,1,Female,Breast,,,,,Other,A8,TUMOR FREE
TCGA-A8-A08H,66,M0,N0,Stage IIA,6th,T2,,,0,0,0:DiseaseFree,,,,Positive,,,Surgical Resection,5/27/11,,,,,,Positive,,3,,,Infiltrating Ductal Carcinoma,,No,No,C50.9,8500/3,C50.9,Positive,,YES,2007,,,,,,Post (prior bilateral ovariectomy OR >12 mo since LMP with no prior hysterectomy),,,,,,,,,,,,,,,,,,,0,0:LIVING,db8d38ab-cc61-49ee-863d-40060112f2af,Negative,,Left Upper Inner Quadrant,,NO,,,,,Positive,,,,YES,1,Female,Breast,,,,,Other,A8,TUMOR FREE
TCGA-A8-A08I,53,M0,N0,Stage IIA,6th,T2,,,0,11.99,0:DiseaseFree,,,,Positive,,,Surgical Resection,5/27/11,,,,,,Negative,,1,,,Infiltrating Ductal Carcinoma,,No,No,C50.9,8500/3,C50.9,Negative,,YES,2009,,,,,,Post (prior bilateral ovariectomy OR >12 mo since LMP with no prior hysterectomy),,,,,,,,,,,,,,,,,,,11.99,0:LIVING,7acf33e7-c386-45fd-8c9a-469600378687,Negative,,Right Upper Inner Quadrant,,NO,,,,,Positive,,,,YES,1,Female,Breast,,,,,Other,A8,TUMOR FREE
TCGA-A8-A08J,52,M1,N3,Stage IV,6th,T4b,,,0,,,,,,Positive,,,Surgical Resection,5/27/11,,,,,,Negative,,1,,,Infiltrating Ductal Carcinoma,,No,No,C50.9,8541/3,C50.9,Negative,,YES,2005,,,,,,Post (prior bilateral ovariectomy OR >12 mo since LMP with no prior hysterectomy),,,,,,,,,,,,,,,,,,,37.02,1:DECEASED,68177e92-4784-45d9-af14-4ce0c00eae74,Positive,,Right,,NO,,,,,Negative,,,,YES,1,Female,Breast,,,,,Other,A8,WITH TUMOR
TCGA-A8-A08L,89,M0,N2a,Stage IIIA,6th,T3,,,0,,,,,,Positive,,,Surgical Resection,5/27/11,,,,,,Negative,,1,,,Infiltrating Ductal Carcinoma,,No,No,C50.9,8500/3,C50.9,Negative,,YES,2008,,,,,,Post (prior bilateral ovariectomy OR >12 mo since LMP with no prior hysterectomy),,,,,,,,,,,,,,,,,,,9.99,1:DECEASED,8bd68696-5eeb-46d7-9dc6-c39c849029a4,Negative,,Left,,NO,,,,,Negative,,,,YES,1,Female,Breast,,,,,Other,A8,TUMOR FREE
TCGA-A8-A08O,45,M1,N3a,Stage IV,6th,T2,,,0,25.03,1:Recurred/Progressed,,,,Positive,,,Surgical Resection,5/27/11,,,,,,Negative,,1,,,Infiltrating Ductal Carcinoma,,No,No,C50.9,8500/3,C50.9,Negative,,YES,2008,,,,,,Pre (<6 months since LMP AND no prior bilateral ovariectomy AND not on estrogen replacement),,,,,,,,,,,,,,,,,,,30.98,0:LIVING,5f5964a8-8e07-4620-98f0-93d162dbc31e,Positive,,Right,,NO,,,,,Positive,,,,YES,1,Female,Breast,,,,,Other,A8,WITH TUMOR
TCGA-A8-A08P,70,M0,N2a,Stage IIIA,6th,T2,,,0,30.98,0:DiseaseFree,,,,Positive,,,Surgical Resection,5/27/11,,,,,,Positive,,3,,,Infiltrating Ductal Carcinoma,,No,No,C50.9,8500/3,C50.9,Positive,,YES,2008,,,,,,Post (prior bilateral ovariectomy OR >12 mo since LMP with no prior hysterectomy),,,,,,,,,,,,,,,,,,,30.98,0:LIVING,f947d67f-4aa2-4eb9-977e-21a5ae563613,Negative,,Right,,NO,,,,,Positive,,,,YES,1,Female,Breast,,,,,Other,A8,TUMOR FREE
TCGA-A8-A08R,52,M0,N1a,Stage IIB,6th,T2,,,0,0.99,0:DiseaseFree,,,,Negative,,,Surgical Resection,5/27/11,,,,,,Negative,,1,,,Infiltrating Ductal Carcinoma,,No,No,C50.9,8500/3,C50.9,Negative,,YES,2008,,,,,,Post (prior bilateral ovariectomy OR >12 mo since LMP with no prior hysterectomy),,,,,,,,,,,,,,,,,,,0.99,0:LIVING,6412854a-f874-469e-9d1f-8bd3ae5bd41d,Negative,,Left,,NO,,,,,Negative,,,,YES,1,Female,Breast,,,,,Other,A8,TUMOR FREE
TCGA-A8-A08S,71,M0,N1,Stage IIA,6th,T1c,,,0,32.98,0:DiseaseFree,,,,Positive,,,Surgical resection,5/27/11,,,,,,Positive,,3,,,Infiltrating Ductal Carcinoma,,Yes,Yes,C50.9,8500/3,C50.9,Positive,,YES,2008,,,,,,Post (prior bilateral ovariectomy OR >12 mo since LMP with no prior hysterectomy),,,,,,,,,,,,,,,,,,,32.98,0:LIVING,2779fa01-ac93-4e80-a997-3385f72172c3,Negative,,Left,,NO,,,,,Positive,,,,YES,1,Female,Breast,,,,,Other,A8,TUMOR FREE
TCGA-A8-A08T,64,M1,N1a,Stage IV,6th,T2,,,0,84,1:Recurred/Progressed,,,,Positive,,,Surgical Resection,5/27/11,,,,,,Positive,,2,,,Infiltrating Ductal Carcinoma,,No,No,C50.9,8500/3,C50.9,Positive,,YES,2002,,,,,,Post (prior bilateral ovariectomy OR >12 mo since LMP with no prior hysterectomy),,,,,,,,,,,,,,,,,,,111.99,1:DECEASED,32bc7cc4-d185-4594-bbee-4b96410be512,Positive,,Right,,NO,,,,,Positive,,,,YES,1,Female,Breast,,,,,Other,A8,WITH TUMOR
TCGA-A8-A08X,43,M0,N3a,Stage IIIC,6th,T4d,,,0,12.02,1:Recurred/Progressed,,,,Negative,,,Surgical Resection,5/27/11,,,,,,Positive,,3,,,Infiltrating Ductal Carcinoma,,No,No,C50.9,8500/3,C50.9,Positive,,YES,2007,,,,,,Pre (<6 months since LMP AND no prior bilateral ovariectomy AND not on estrogen replacement),,,,,,,,,,,,,,,,,,,42.97,0:LIVING,f5539207-6534-4edc-a5a5-7666b5d16ba4,Negative,,Left,,NO,,,,,Negative,,,,YES,1,Female,Breast,,,,,Other,A8,TUMOR FREE
TCGA-A8-A08Z,76,M0,N3a,,6th,T4b,,,0,39.98,0:DiseaseFree,,,,Positive,,,Surgical Resection,5/27/11,,,,,,Negative,,1,,,Infiltrating Ductal Carcinoma,,No,No,C50.9,8500/3,C50.9,Negative,,YES,2004,,,,,,Post (prior bilateral ovariectomy OR >12 mo since LMP with no prior hysterectomy),,,,,,,,,,,,,,,,,,,39.98,0:LIVING,d7808cbc-4b8c-467b-b2c3-f48d05b9ecab,Negative,,Left,,NO,,,,,Positive,,,,YES,1,Female,Breast,,,,,Other,A8,TUMOR FREE
TCGA-A8-A090,74,M0,N0,Stage IIA,6th,T2,,,0,0,0:DiseaseFree,,,,Positive,,,Surgical Resection,5/27/11,,,,,,Positive,,2,,,Infiltrating Ductal Carcinoma,,No,No,C50.9,8500/3,C50.9,Positive,,YES,2008,,,,,,Post (prior bilateral ovariectomy OR >12 mo since LMP with no prior hysterectomy),,,,,,,,,,,,,,,,,,,0,0:LIVING,f4b69043-4a67-48e3-a4d1-72a21ae2d175,Negative,,Right,,NO,,,,,Positive,,,,YES,1,Female,Breast,,,,,Other,A8,TUMOR FREE
TCGA-A8-A091,61,M0,N0,Stage IIA,6th,T2,,,0,7.98,1:Recurred/Progressed,,,,Positive,,,Surgical Resection,5/27/11,,,,,,Negative,,1,,,Infiltrating Ductal Carcinoma,,No,Yes,C50.9,8500/3,C50.9,Negative,,YES,2008,,,,,,Post (prior bilateral ovariectomy OR >12 mo since LMP with no prior hysterectomy),,,,,,,,,,,,,,,,,,,32.98,0:LIVING,f39edd06-1016-4e8e-a42e-12f7e699ddc5,Negative,,Right,,NO,,,,,Negative,,,,YES,1,Female,Breast,,,,,Other,A8,TUMOR FREE
TCGA-A8-A092,48,M0,N2a,Stage IIIA,6th,T2,,,0,30.95,0:DiseaseFree,,,,Positive,,,Surgical Resection,5/27/11,,,,,,Negative,,1,,,Infiltrating Ductal Carcinoma,,No,No,C50.9,8500/3,C50.9,Negative,,YES,2008,,,,,,Pre (<6 months since LMP AND no prior bilateral ovariectomy AND not on estrogen replacement),,,,,,,,,,,,,,,,,,,30.95,0:LIVING,38a8b734-9acc-42f9-b5b7-e51b0dfc6504,Negative,,Left,,NO,,,,,Positive,,,,YES,1,Female,Breast,,,,,Other,A8,TUMOR FREE
TCGA-A8-A093,61,M0,N0,Stage IIA,6th,T2,,,0,17.94,0:DiseaseFree,,,,Positive,,,Surgical resection,5/27/11,,,,,,Negative,,1,,,Infiltrating Ductal Carcinoma,,No,Yes,C50.9,8500/3,C50.9,Negative,,YES,2009,,,,,,Post (prior bilateral ovariectomy OR >12 mo since LMP with no prior hysterectomy),,,,,,,,,,,,,,,,,,,17.94,0:LIVING,02f5ae33-a563-4ecb-9e33-dfa500a44931,Negative,,Right,,NO,,,,,Positive,,,,YES,1,Female,Breast,,,,,Other,A8,TUMOR FREE
TCGA-A8-A094,75,M0,N0,Stage IIA,6th,T2,,,0,0,0:DiseaseFree,,,,Positive,,,Surgical Resection,5/27/11,,,,,,Negative,,1,,,Infiltrating Ductal Carcinoma,,No,No,C50.9,8500/3,C50.9,Negative,,YES,2009,,,,,,Post (prior bilateral ovariectomy OR >12 mo since LMP with no prior hysterectomy),,,,,,,,,,,,,,,,,,,0,0:LIVING,993103b1-e5a1-4c33-8629-be53ebc41d64,Negative,,Left,,NO,,,,,Negative,,,,YES,1,Female,Breast,,,,,Other,A8,TUMOR FREE
TCGA-A8-A095,45,M0,N0,Stage I,6th,T1c,,,0,41.95,0:DiseaseFree,,,,Positive,,,Surgical Resection,5/27/11,,,,,,Negative,,1,,,Infiltrating Ductal Carcinoma,,No,No,C50.9,8500/3,C50.9,Negative,,YES,2007,,,,,,Pre (<6 months since LMP AND no prior bilateral ovariectomy AND not on estrogen replacement),,,,,,,,,,,,,,,,,,,41.95,0:LIVING,29df128d-ace2-40cf-88ee-3f6f2170f159,Negative,,Left,,NO,,,,,Positive,,,,YES,1,Female,Breast,,,,,Other,A8,TUMOR FREE
TCGA-A8-A096,73,M0,N0,Stage IIA,6th,T2,,,0,0,0:DiseaseFree,,,,Positive,,,Surgical Resection,5/27/11,,,,,,Negative,,1,,,Infiltrating Ductal Carcinoma,,No,No,C50.9,8500/3,C50.9,Negative,,YES,2009,,,,,,Post (prior bilateral ovariectomy OR >12 mo since LMP with no prior hysterectomy),,,,,,,,,,,,,,,,,,,0,0:LIVING,d7cac141-9269-4733-83ce-e1bc0b503254,Negative,,Right,,NO,,,,,Positive,,,,YES,1,Female,Breast,,,,,Other,A8,TUMOR FREE
TCGA-A8-A097,65,M0,N1,Stage IIB,6th,T2,,,0,11.99,0:DiseaseFree,,,,Positive,,,Surgical Resection,5/27/11,,,,,,Positive,,2,,,Infiltrating Ductal Carcinoma,,No,No,C50.9,8500/3,C50.9,Positive,,YES,2009,,,,,,Post (prior bilateral ovariectomy OR >12 mo since LMP with no prior hysterectomy),,,,,,,,,,,,,,,,,,,11.99,0:LIVING,dcfd0b1d-5707-44a6-b225-5e8f7cea5ca1,Negative,,Left,,NO,,,,,Positive,,,,YES,1,Female,Breast,,,,,Other,A8,TUMOR FREE
TCGA-A8-A099,76,MX,N3a,Stage X,6th,T4b,,,0,9.99,0:DiseaseFree,,,,Positive,,,Surgical Resection,5/27/11,,,,,,Positive,,3,,,Infiltrating Ductal Carcinoma,,No,No,C50.9,8500/3,C50.9,Positive,,YES,2009,,,,,,Post (prior bilateral ovariectomy OR >12 mo since LMP with no prior hysterectomy),,,,,,,,,,,,,,,,,,,9.99,0:LIVING,e98b69bc-766a-485f-b5e8-9166b8d457b3,,,Right,,NO,,,,,Positive,,,,YES,1,Female,Breast,,,,,Other,A8,
TCGA-A8-A09A,40,M0,NX,Stage X,6th,T2,,,0,9.99,0:DiseaseFree,,,,Positive,,,Surgical Resection,5/27/11,,,,,,Negative,,1,,,Infiltrating Ductal Carcinoma,,No,No,C50.9,8500/3,C50.9,Negative,,YES,2009,,,,,,Pre (<6 months since LMP AND no prior bilateral ovariectomy AND not on estrogen replacement),,,,,,,,,,,,,,,,,,,9.99,0:LIVING,b205bba0-1870-4458-9088-8817e20389fe,Positive,,Left,,NO,,,,,Positive,,,,YES,1,Female,Breast,,,,,Other,A8,WITH TUMOR
TCGA-A8-A09B,58,M0,N1a,Stage IIIB,6th,T4b,,,0,11.99,0:DiseaseFree,,,,Positive,,,Surgical Resection,5/27/11,,,,,,Negative,,,,,Infiltrating Ductal Carcinoma,,No,No,C50.9,8500/3,C50.9,Negative,,YES,2009,,,,,,Post (prior bilateral ovariectomy OR >12 mo since LMP with no prior hysterectomy),,,,,,,,,,,,,,,,,,,11.99,0:LIVING,3828b534-908e-4953-a3fb-07d01cf49c7d,Negative,,Left,,NO,,,,,Positive,,,,YES,1,Female,Breast,,,,,Other,A8,TUMOR FREE
TCGA-A8-A09C,69,MX,N0,Stage X,6th,T2,,,0,1.02,0:DiseaseFree,,,,Positive,,,Surgical resection,5/27/11,,,,,,Negative,,0,,,Infiltrating Ductal Carcinoma,,No,Yes,C50.9,8500/3,C50.9,Negative,,YES,2009,,,,,,Post (prior bilateral ovariectomy OR >12 mo since LMP with no prior hysterectomy),,,,,,,,,,,,,,,,,,,1.02,0:LIVING,80f3f48a-cc21-415c-b181-c77e7ba1c563,,,Right,,NO,,,,,Positive,,,,YES,1,Female,Breast,,,,,Other,A8,
TCGA-A8-A09D,47,M0,N1,Stage IIB,5th,T2,,,0,50,0:DiseaseFree,,,,Positive,,,Surgical Resection,5/27/11,,,,,,Negative,,1,,,Infiltrating Ductal Carcinoma,,No,No,C50.9,8500/3,C50.9,Negative,,YES,2007,,,,,,Post (prior bilateral ovariectomy OR >12 mo since LMP with no prior hysterectomy),,,,,,,,,,,,,,,,,,,50,0:LIVING,36449392-de76-4ee9-bc09-627a07e18727,Negative,,Right Lower Outer Quadrant,,NO,,,,,Positive,,,,YES,1,Female,Breast,,,,,Other,A8,TUMOR FREE
TCGA-A8-A09E,73,M0,N1a,Stage IIIB,6th,T4b,,,0,49.01,0:DiseaseFree,,,,Positive,,,Surgical resection,5/27/11,,,,,,Positive,,2,,,Infiltrating Ductal Carcinoma,,Yes,Yes,C50.9,8500/3,C50.9,Positive,,YES,2008,,,,,,Post (prior bilateral ovariectomy OR >12 mo since LMP with no prior hysterectomy),,,,,,,,,,,,,,,,,,,49.01,0:LIVING,dfefb76a-ec6b-4cd2-9d45-2e1e4befc7ea,Positive,,Left Lower Outer Quadrant,,NO,,,,,Positive,,,,YES,1,Female,Breast,,,,,Other,A8,WITH TUMOR
TCGA-A8-A09G,79,M0,N3a,Stage IIIC,6th,T3,,,0,0,0:DiseaseFree,,,,Positive,,,Surgical Resection,5/27/11,,,,,,Positive,,2,,,Infiltrating Ductal Carcinoma,,No,No,C50.9,8500/3,C50.9,Positive,,YES,2008,,,,,,Post (prior bilateral ovariectomy OR >12 mo since LMP with no prior hysterectomy),,,,,,,,,,,,,,,,,,,0,0:LIVING,3927f736-3b5c-48c8-9d9e-83669ec44770,Negative,,Right Lower Outer Quadrant,,NO,,,,,Negative,,,,YES,1,Female,Breast,,,,,Other,A8,TUMOR FREE
TCGA-A8-A09I,84,M0,N0,Stage IIA,6th,T2,,,0,45.04,0:DiseaseFree,,,,Positive,,,Surgical Resection,5/27/11,,,,,,Positive,,3,,,Infiltrating Ductal Carcinoma,,No,Yes,C50.9,8500/3,C50.9,Positive,,YES,2008,,,,,,Post (prior bilateral ovariectomy OR >12 mo since LMP with no prior hysterectomy),,,,,,,,,,,,,,,,,,,45.04,0:LIVING,1557183c-aedd-4df6-b98a-3654667f7b69,Negative,,Right Lower Outer Quadrant,,NO,,,,,Positive,,,,YES,1,Female,Breast,,,,,Other,A8,TUMOR FREE
TCGA-A8-A09K,68,M0,N1,Stage IIA,6th,T1c,,,0,29.96,0:DiseaseFree,,,,Positive,,,Surgical resection,5/27/11,,,,,,Negative,,0,,,Infiltrating Ductal Carcinoma,,Yes,Yes,C50.9,8500/3,C50.9,Negative,,YES,2008,,,,,,Post (prior bilateral ovariectomy OR >12 mo since LMP with no prior hysterectomy),,,,,,,,,,,,,,,,,,,29.96,0:LIVING,6f959c92-b79f-4f84-9ee5-d07d3212d52d,Negative,,Left Lower Outer Quadrant,,NO,,,,,Positive,,,,YES,1,Female,Breast,,,,,Other,A8,TUMOR FREE
TCGA-A8-A09M,75,M0,N3a,Stage IIIC,6th,T2,,,0,33.05,0:DiseaseFree,,,,Positive,,,Surgical Resection,5/27/11,,,,,,Negative,,1,,,Infiltrating Ductal Carcinoma,,No,No,C50.9,8500/3,C50.9,Negative,,YES,2009,,,,,,Post (prior bilateral ovariectomy OR >12 mo since LMP with no prior hysterectomy),,,,,,,,,,,,,,,,,,,33.05,0:LIVING,626b4ff0-2188-4a14-aac8-6703c624917f,Negative,,Right Lower Outer Quadrant,,NO,,,,,Positive,,,,YES,1,Female,Breast,,,,,Other,A8,TUMOR FREE
TCGA-A8-A09N,57,M0,N3a,Stage IIIC,6th,T2,,,0,1.02,0:DiseaseFree,,,,Positive,,,Surgical Resection,5/27/11,,,,,,Positive,,3,,,Infiltrating Ductal Carcinoma,,No,No,C50.9,8500/3,C50.9,Positive,,YES,2006,,,,,,Post (prior bilateral ovariectomy OR >12 mo since LMP with no prior hysterectomy),,,,,,,,,,,,,,,,,,,1.02,0:LIVING,33919e92-4ea9-47e5-a6f4-36e51845d50f,Negative,,Right Lower Outer Quadrant,,NO,,,,,Positive,,,,YES,1,Female,Breast,,,,,Other,A8,TUMOR FREE
TCGA-A8-A09Q,83,M0,N2a,Stage IIIB,6th,T4b,,,0,25,0:DiseaseFree,,,,Positive,,,Surgical Resection,5/27/11,,,,,,Negative,,,,,Infiltrating Ductal Carcinoma,,No,No,C50.9,8500/3,C50.9,Negative,,YES,2008,,,,,,Post (prior bilateral ovariectomy OR >12 mo since LMP with no prior hysterectomy),,,,,,,,,,,,,,,,,,,25,0:LIVING,09c2bc35-c21f-4aa4-ac30-0d8db02ad811,Positive,,Left Lower Inner Quadrant,,NO,,,,,Positive,,,,YES,1,Female,Breast,,,,,Other,A8,WITH TUMOR
TCGA-A8-A09R,82,M0,N1,Stage IIB,6th,T2,,,0,8.97,0:DiseaseFree,,,,Positive,,,Surgical Resection,5/27/11,,,,,,Negative,,1,,,Infiltrating Ductal Carcinoma,,No,No,C50.9,8500/3,C50.9,Negative,,YES,2009,,,,,,Post (prior bilateral ovariectomy OR >12 mo since LMP with no prior hysterectomy),,,,,,,,,,,,,,,,,,,8.97,0:LIVING,cb0a2055-2168-4454-8755-47dd613db36f,Negative,,Left Lower Inner Quadrant,,NO,,,,,Positive,,,,YES,1,Female,Breast,,,,,Other,A8,TUMOR FREE
TCGA-A8-A09T,68,MX,N0,,6th,T1c,,,0,19.02,0:DiseaseFree,,,,Positive,,,Surgical Resection,5/27/11,,,,,,Negative,,,,,Infiltrating Lobular Carcinoma,,No,No,C50.9,8520/3,C50.9,Negative,,YES,2009,,,,,,Post (prior bilateral ovariectomy OR >12 mo since LMP with no prior hysterectomy),,,,,,,,,,,,,,,,,,,19.02,0:LIVING,0adf59c6-581a-475d-a2f4-40aa40060b5b,Negative,,Left,,NO,,,,,Positive,,,,YES,1,Female,Breast,,,,,Other,A8,TUMOR FREE
TCGA-A8-A09V,51,M0,N0,Stage IIA,6th,T2,,,0,15.01,0:DiseaseFree,,,,Positive,,,Surgical Resection,5/27/11,,,,,,Negative,,0,,,Infiltrating Lobular Carcinoma,,No,No,C50.9,8520/3,C50.9,Negative,,YES,2009,,,,,,Pre (<6 months since LMP AND no prior bilateral ovariectomy AND not on estrogen replacement),,,,,,,,,,,,,,,,,,,15.01,0:LIVING,cc348a26-ee11-47a4-8b51-de922967e175,Negative,,Right Upper Inner Quadrant,,NO,,,,,Positive,,,,YES,1,Female,Breast,,,,,Other,A8,TUMOR FREE
TCGA-A8-A09W,70,M0,N3,Stage IIIB,5th,T2,,,0,0.99,0:DiseaseFree,,,,Positive,,,Surgical Resection,5/27/11,,,,,,Negative,,0,,,Infiltrating Lobular Carcinoma,,No,No,C50.9,8520/3,C50.9,Negative,,YES,2007,,,,,,Post (prior bilateral ovariectomy OR >12 mo since LMP with no prior hysterectomy),,,,,,,,,,,,,,,,,,,0.99,0:LIVING,452672e8-b6d9-45b5-bb02-e88e03e2dd66,,,Right Upper Inner Quadrant,,NO,,,,,Positive,,,,YES,1,Female,Breast,,,,,Other,A8,
TCGA-A8-A09X,62,M0,N3a,Stage IIIC,6th,T2,,,0,,,,,,Negative,,,Surgical Resection,5/27/11,,,,,,Negative,,1,,,Infiltrating Lobular Carcinoma,,No,No,C50.9,8520/3,C50.9,Negative,,YES,2009,,,,,,Post (prior bilateral ovariectomy OR >12 mo since LMP with no prior hysterectomy),,,,,,,,,,,,,,,,,,,13.99,1:DECEASED,27b05b15-a44b-45ed-a6e3-e7d1ca488ea9,,,Left Upper Inner Quadrant,,NO,,,,,Negative,,,,YES,1,Female,Breast,,,,,Other,A8,
TCGA-A8-A09Z,83,M0,N0,Stage IIB,6th,T3,,,0,0,0:DiseaseFree,,,,Positive,,,Surgical Resection,5/27/11,,,,,,Negative,,1,,,Infiltrating Lobular Carcinoma,,No,No,C50.9,8520/3,C50.9,Negative,,YES,2008,,,,,,Post (prior bilateral ovariectomy OR >12 mo since LMP with no prior hysterectomy),,,,,,,,,,,,,,,,,,,0,0:LIVING,81e7a3d3-be70-4834-8018-4d2cc077a4e6,Positive,,Right,,NO,,,,,Negative,,,,YES,1,Female,Breast,,,,,Other,A8,WITH TUMOR
TCGA-A8-A0A1,84,M0,N0,Stage IIA,6th,T2,,,0,11.99,0:DiseaseFree,,,,Positive,,,Surgical Resection,5/27/11,,,,,,Negative,,,,,Infiltrating Lobular Carcinoma,,No,No,C50.9,8520/3,C50.9,Negative,,YES,2009,,,,,,Post (prior bilateral ovariectomy OR >12 mo since LMP with no prior hysterectomy),,,,,,,,,,,,,,,,,,,11.99,0:LIVING,3efa245d-177d-4ef9-94f7-f554c54e345e,Negative,,Right,,NO,,,,,Positive,,,,YES,1,Female,Breast,,,,,Other,A8,TUMOR FREE
TCGA-A8-A0A2,66,M0,N0,Stage IIA,6th,T2,,,0,19.02,0:DiseaseFree,,,,Positive,,,Surgical Resection,5/27/11,,,,,,Negative,,0,,,Infiltrating Lobular Carcinoma,,No,No,C50.9,8520/3,C50.9,Negative,,YES,2009,,,,,,Post (prior bilateral ovariectomy OR >12 mo since LMP with no prior hysterectomy),,,,,,,,,,,,,,,,,,,19.02,0:LIVING,34d5a193-85e5-4399-8a9b-e92858eafdfe,Negative,,Right Lower Outer Quadrant,,NO,,,,,Positive,,,,YES,1,Female,Breast,,,,,Other,A8,TUMOR FREE
TCGA-A8-A0A4,73,M0,N0,Stage IIA,6th,T2,,,0,13.01,0:DiseaseFree,,,,Positive,,,Surgical Resection,5/27/11,,,,,,Negative,,,,,Infiltrating Lobular Carcinoma,,No,No,C50.9,8520/3,C50.9,Negative,,YES,2009,,,,,,Post (prior bilateral ovariectomy OR >12 mo since LMP with no prior hysterectomy),,,,,,,,,,,,,,,,,,,13.01,0:LIVING,2cb8c866-9296-4c70-a3ea-f9a9b707895c,Negative,,Left,,NO,,,,,Positive,,,,YES,1,Female,Breast,,,,,Other,A8,TUMOR FREE
TCGA-A8-A0A6,64,M0,N3a,Stage IIIC,6th,T2,,,0,21.02,0:DiseaseFree,,,,Positive,,,surgical resection,5/27/11,,,,,,Negative,,1,,,Infiltrating Lobular Carcinoma,,No,No,C50.9,8520/3,C50.9,Negative,,YES,2009,,,,,,Post (prior bilateral ovariectomy OR >12 mo since LMP with no prior hysterectomy),,,,,,,,,,,,,,,,,,,21.02,0:LIVING,4b0d295c-e185-4b52-9752-178e5bc1d47d,Negative,,Left Upper Outer Quadrant,,NO,,,,,Positive,,,,YES,1,Female,Breast,,,,,Other,A8,TUMOR FREE
TCGA-A8-A0A7,57,M0,N1a,Stage IIB,6th,T2,,,0,0.99,0:DiseaseFree,,,,Negative,,,Surgical Resection,5/27/11,,,,,,Positive,,3,,,Infiltrating Lobular Carcinoma,,No,No,C50.9,8520/3,C50.9,Positive,,YES,2009,,,,,,Post (prior bilateral ovariectomy OR >12 mo since LMP with no prior hysterectomy),,,,,,,,,,,,,,,,,,,0.99,0:LIVING,995fdab7-7284-4d33-befa-ec22aa7c6479,Negative,,Right Upper Outer Quadrant,,NO,,,,,Negative,,,,YES,1,Female,Breast,,,,,Other,A8,TUMOR FREE
TCGA-A8-A0A9,80,M0,N0,Stage IIA,6th,T2,,,0,27,0:DiseaseFree,,,,Positive,,,Surgical Resection,5/27/11,,,,,,Negative,,,,,Infiltrating Ductal Carcinoma,,No,No,C50.9,8500/3,C50.9,Negative,,YES,2009,,,,,,Post (prior bilateral ovariectomy OR >12 mo since LMP with no prior hysterectomy),,,,,,,,,,,,,,,,,,,27,0:LIVING,7b605fb6-d077-401e-b870-b87ddf505f82,Negative,,Left Upper Outer Quadrant,,NO,,,,,Positive,,,,YES,1,Female,Breast,,,,,Other,A8,TUMOR FREE
TCGA-A8-A0AB,54,M0,N0,Stage IIA,6th,T2,,,0,17.02,0:DiseaseFree,,,,Positive,,,Surgical Resection,5/27/11,,,,,,Positive,,2,,,Infiltrating Lobular Carcinoma,,No,No,C50.9,8520/3,C50.9,Positive,,YES,2009,,,,,,Post (prior bilateral ovariectomy OR >12 mo since LMP with no prior hysterectomy),,,,,,,,,,,,,,,,,,,17.02,0:LIVING,22eaba28-be67-4730-9846-860bc1fca29a,Negative,,Left Upper Outer Quadrant,,NO,,,,,Positive,,,,YES,1,Female,Breast,,,,,Other,A8,TUMOR FREE
TCGA-A8-A0AD,83,M0,N0,Stage I,6th,T1c,,,0,38.01,0:DiseaseFree,,,,Positive,,,Surgical Resection,5/27/11,,,,,,Negative,,1,,,Mixed Histology (please specify),lobular/ductal,No,No,C50.9,8522/3,C50.9,Negative,,YES,2007,,,,,,Post (prior bilateral ovariectomy OR >12 mo since LMP with no prior hysterectomy),,,,,,,,,,,,,,,,,,,38.01,0:LIVING,af5453a9-cf1f-40de-aec4-0e0710908fb7,Negative,,Right Upper Outer Quadrant,,NO,,,,,Positive,,,,YES,1,Female,Breast,,,,,Other,A8,TUMOR FREE
TCGA-AC-A23C,62,MX,N1,Stage IIB,7th,T2,,,0,19.22,0:DiseaseFree,,,,Positive,90-99%,,,7/14/11,,,,,,Positive,,,,,Infiltrating Ductal Carcinoma,,No,No,C50.9,8500/3,C50.9,Positive,,YES,2010,YES,1,,1,,Post (prior bilateral ovariectomy OR >12 mo since LMP with no prior hysterectomy),,,NO,Core needle biopsy,,,,,,,,,,,,,,,19.22,0:LIVING,dfd0b7ba-c7d3-498e-b455-346301865452,Negative,,Left,,NO,,,,,Positive,50-59%,WHITE,,YES,1,Female,Breast,,,,,Modified Radical Mastectomy,AC,
TCGA-AC-A23E,50,MX,N1,Stage IIB,7th,T2,,,0,22.93,0:DiseaseFree,,,,Positive,30-39%,,,7/18/11,,,,,,,,,,,Infiltrating Ductal Carcinoma,,No,No,C50.9,8500/3,C50.9,,,YES,2010,YES,1,,2,,,,,NO,Core needle biopsy,,,,,,,,,,,,,,,22.93,0:LIVING,e7bae6e7-f779-449d-92b9-66996041e00d,Negative,,Right,,,,,,,Positive,80-89%,WHITE,,,1,Female,Breast,Sentinel node biopsy alone,,,,Modified Radical Mastectomy,AC,TUMOR FREE
TCGA-AC-A23G,76,MX,N1,Stage IIA,6th,T1c,,,0,73.85,0:DiseaseFree,,,,Positive,90-99%,,Right Total Mastectomy and Sentinel Node Biopsy,7/14/11,,,,,,Positive,,,,,Infiltrating Lobular Carcinoma,,No,No,C50.9,8520/3,C50.9,Positive,,YES,2006,YES,2,,8,,Post (prior bilateral ovariectomy OR >12 mo since LMP with no prior hysterectomy),,,NO,Core needle biopsy,,,,,,,,,,,,,,,73.85,0:LIVING,A721DAC6-0126-476C-B2D4-2DBF7406454B,Negative,,Right Upper Inner Quadrant,,NO,,,,,Positive,80-89%,WHITE,,YES,1,Female,Breast,,,,,Other,AC,TUMOR FREE
TCGA-AC-A23H,90,M0,NX,Stage IIA,7th,T2,,,0,,,,,,Positive,10-19%,NOT HISPANIC OR LATINO,,7/13/11,,,,,,Positive,,,,,Infiltrating Ductal Carcinoma,,No,No,C50.9,8500/3,C50.9,Positive,,YES,2009,NO,,,,,Post (prior bilateral ovariectomy OR >12 mo since LMP with no prior hysterectomy),,,NO,Core needle biopsy,,,,,,,,,,,,,,,5.72,1:DECEASED,7dcf550c-90ce-4f63-aecd-0e46897e2a3e,Negative,,Right Upper Inner Quadrant|Right Lower Inner Quadrant,,NO,,,,,Negative,,WHITE,,YES,1,Female,Breast,,,,,Simple Mastectomy,AC,TUMOR FREE
TCGA-AC-A2B8,84,M0,N0 (i-),Stage IIB,7th,T3,,,0,21.48,1:Recurred/Progressed,,,,Positive,90-99%,NOT HISPANIC OR LATINO,,9/12/11,,,,,,Negative,,,,,Infiltrating Lobular Carcinoma,,No,No,C50.9,8520/3,C50.9,Negative,,YES,2011,YES,0,0,1,,Post (prior bilateral ovariectomy OR >12 mo since LMP with no prior hysterectomy),,,NO,Core needle biopsy,,,,,,,,,,,,,,,22.24,0:LIVING,6E126B73-D3E8-4641-A128-306F3B313E40,Negative,,Right,,YES,,,,,Positive,90-99%,WHITE,,NO,1,Female,Breast,Axillary lymph node dissection alone,,,,Simple Mastectomy,AC,
TCGA-AC-A2BK,78,MX,N2a,Stage IIIA,6th,T2,,,0,73,0:DiseaseFree,,,,Negative,,,,9/16/11,,,,,,,,,,,Infiltrating Ductal Carcinoma,,No,No,C50.9,8500/3,C50.9,Negative,,YES,2006,YES,6,,23,,Post (prior bilateral ovariectomy OR >12 mo since LMP with no prior hysterectomy),,,NO,Core needle biopsy,,NO,,,,,,,,,,,,,73,0:LIVING,6FA2A667-9C36-4526-8A58-1975E863A806,Negative,,Left Upper Outer Quadrant,,NO,,,,,Negative,,BLACK OR AFRICAN AMERICAN,,YES,1,Female,Breast,Axillary lymph node dissection alone,,,,Modified Radical Mastectomy,AC,TUMOR FREE
TCGA-AC-A2BM,41,MX,N1a,Stage IIB,6th,T2,,,0,99.28,0:DiseaseFree,,,,Positive,60-69%,,,9/12/11,,,,,,Negative,,,,,Infiltrating Ductal Carcinoma,,No,No,C50.9,8500/3,C50.9,,,YES,2005,YES,1,1,13,,,,,NO,Tumor resection,,YES,,,,,,,,,,,,,99.28,0:LIVING,8159FF7B-89F4-411A-9B9C-491F1CB3EB34,Negative,,Left Upper Inner Quadrant,,NO,,,,,Positive,10-19%,BLACK OR AFRICAN AMERICAN,,YES,1,Female,Breast,Sentinel lymph node biopsy plus axillary dissection,,,,Modified Radical Mastectomy,AC,TUMOR FREE
TCGA-AC-A2FB,65,MX,N0,Stage IIA,6th,T2,,,0,40.54,0:DiseaseFree,,,3 Point Scale,Positive,90-99%,NOT HISPANIC OR LATINO,,9/20/11,,,,,,,10-19%,3,,,Infiltrating Lobular Carcinoma,,No,No,C50.9,8520/3,C50.9,Positive,2,YES,2009,YES,0,,1,,,,,NO,Core needle biopsy,,NO,,,,,,,,,,,,,40.54,0:LIVING,02BBB632-0F7F-439D-B8F0-C86A06237424,Negative,,Left Upper Inner Quadrant,,NO,,3+,,3 Point Scale,Positive,<10%,WHITE,,YES,1,Female,Breast,Sentinel node biopsy alone,,,,Simple Mastectomy,AC,TUMOR FREE
TCGA-AC-A2FE,62,MX,N3a,Stage IIIC,6th,T3,,,0,82,1:Recurred/Progressed,,,,Positive,60-69%,NOT HISPANIC OR LATINO,,12/3/12,,,,,,,,,,,Infiltrating Lobular Carcinoma,,No,No,C50.9,8520/3,C50.9,,,YES,2005,YES,18,,18,,Post (prior bilateral ovariectomy OR >12 mo since LMP with no prior hysterectomy),,,,Fine needle aspiration biopsy,,NO,YES,,,,,,,,,,,,86.6,1:DECEASED,F6EEBD4B-B63A-4A9C-92D3-0D954A8A6655,Negative,YES,Right Upper Outer Quadrant,,NO,,,,,Positive,<10%,WHITE,YES,YES,1,Female,Breast,Sentinel lymph node biopsy plus axillary dissection,,,,Modified Radical Mastectomy,AC,WITH TUMOR
TCGA-AC-A2FF,40,MX,N1,Stage IIB,6th,T2,,,0,90.64,0:DiseaseFree,,,,Positive,30-39%,NOT HISPANIC OR LATINO,,9/23/11,,,1.7,,,Negative,,,,,Infiltrating Lobular Carcinoma,,No,No,C50.9,8520/3,C50.9,,,YES,2006,YES,3,0,7,,,,,NO,Core needle biopsy,,YES,,,,,,,,,,,,,90.64,0:LIVING,3CA67CD0-81DA-4F68-A9FA-F1A8C013C28D,Negative,,Right,,NO,,,,,Positive,70-79%,ASIAN,,YES,1,Female,Breast,Sentinel lymph node biopsy plus axillary dissection,,,,Lumpectomy,AC,TUMOR FREE
TCGA-AC-A2FG,79,MX,N1a,Stage IIB,6th,T2,,,0,60.87,0:DiseaseFree,,,,Positive,90-99%,,,9/21/11,,,,,,Negative,,,,,Infiltrating Lobular Carcinoma,,No,No,C50.9,8520/3,C50.9,,,YES,2007,YES,1,1,11,,Post (prior bilateral ovariectomy OR >12 mo since LMP with no prior hysterectomy),,,NO,Core needle biopsy,,YES,,,,,,,,,,,,,60.87,0:LIVING,39CDA4C9-E1C8-44C2-BAB7-F5849C12F879,Negative,,Left Upper Outer Quadrant,,NO,,,,,Negative,,WHITE,,YES,1,Female,Breast,Sentinel lymph node biopsy plus axillary dissection,,,,Modified Radical Mastectomy,AC,TUMOR FREE
TCGA-AC-A2FK,45,M0,N3a,Stage IIIC,6th,T2,,,0,87.06,0:DiseaseFree,,,,Positive,90-99%,HISPANIC OR LATINO,,9/13/11,,,,,,Negative,,,,,Infiltrating Lobular Carcinoma,,No,No,C50.9,8520/3,C50.9,,,YES,2006,YES,3,,3,,,,,NO,Core needle biopsy,,,,,,,,,,,,,,,87.06,0:LIVING,79126E88-9CF8-45FF-BF91-A98DA3B304D7,Negative,,Left Upper Outer Quadrant,,NO,,,,,Positive,90-99%,WHITE,,YES,1,Female,Breast,,,,,Modified Radical Mastectomy,AC,TUMOR FREE
TCGA-AC-A2FM,87,M0,N1mi,Stage IIB,6th,T2,,,0,25.62,1:Recurred/Progressed,,,,,,NOT HISPANIC OR LATINO,,2/22/12,,,,,,,,,,,Infiltrating Lobular Carcinoma,,No,No,C50.9,8520/3,C50.9,,,YES,2004,YES,0,0,2,,Post (prior bilateral ovariectomy OR >12 mo since LMP with no prior hysterectomy),,,YES,Core needle biopsy,,YES,,,,,,,,,,,,,26.02,1:DECEASED,B6B1DC9A-91F4-4B0A-AFD5-62C9A90C0D5E,Negative,,Right Upper Inner Quadrant,,NO,,,,,,,WHITE,,YES,1,Female,Breast,Sentinel node biopsy alone,,,,Modified Radical Mastectomy,AC,WITH TUMOR
TCGA-AC-A2FO,65,MX,N1,Stage IIB,6th,T2,,,0,74.08,0:DiseaseFree,,,,Positive,90-99%,NOT HISPANIC OR LATINO,,9/21/11,,,,,,Indeterminate,,,,,Infiltrating Lobular Carcinoma,,No,No,C50.9,8520/3,C50.9,Negative,,YES,2005,YES,2,,10,,Post (prior bilateral ovariectomy OR >12 mo since LMP with no prior hysterectomy),,,NO,Core needle biopsy,,NO,,,,,,,,,,,,,74.08,0:LIVING,F5D4C2D3-CC69-4B38-8551-0917E3622A68,Negative,,Left Upper Outer Quadrant,,NO,,,,,Negative,,WHITE,,YES,1,Female,Breast,Other (specify),Sentinel lymph node plus Level I and Level II lymph nodes,,,Simple Mastectomy,AC,TUMOR FREE
TCGA-AC-A2QH,58,MX,N0,Stage IIB,7th,T3,,,0,33.02,0:DiseaseFree,,,,Negative,,NOT HISPANIC OR LATINO,,10/18/11,,,,,,,,,,,Metaplastic Carcinoma,,No,No,C50.9,8575/3,C50.9,Negative,,YES,2011,YES,0,0,22,,Post (prior bilateral ovariectomy OR >12 mo since LMP with no prior hysterectomy),,,NO,Core needle biopsy,,YES,,,,,,,,,,,,,33.02,0:LIVING,67C5F371-3FA9-47C5-8B15-C2DD9ACC8519,Negative,,Right Upper Outer Quadrant,,YES,,,,,Negative,,WHITE,,NO,1,Female,Breast,Axillary lymph node dissection alone,,,,Modified Radical Mastectomy,AC,TUMOR FREE
TCGA-AC-A2QI,76,MX,N1a,Stage IIIA,7th,T3,,,0,19.32,0:DiseaseFree,,,,Positive,90-99%,NOT HISPANIC OR LATINO,Total Mastectomy,10/18/11,,,,,,,,1,,,Infiltrating Lobular Carcinoma,,No,No,C50.9,8520/3,C50.9,Negative,,YES,2011,YES,2,,2,,Post (prior bilateral ovariectomy OR >12 mo since LMP with no prior hysterectomy),,,NO,Core needle biopsy,,,,,,,,,,,,,,,19.32,0:LIVING,C57835BE-77AB-4CF5-9B23-62C11A7B2EAF,Negative,,Right,,YES,,,,,Negative,,WHITE,,NO,1,Female,Breast,Sentinel node biopsy alone,,,,Other,AC,TUMOR FREE
TCGA-AC-A2QJ,48,M0,N0,Stage IIIB,7th,T4b,,,0,7.79,1:Recurred/Progressed,,,,Negative,,HISPANIC OR LATINO,Mastectomy,10/18/11,,,,,,,,,,,Metaplastic Carcinoma,,No,No,C50.9,8575/3,C50.9,Negative,,YES,2011,YES,0,,2,,Peri (6-12 months since last menstrual period),,,NO,Core needle biopsy,,NO,,,,,,,,,,,,,14.65,1:DECEASED,D9FD2724-7DB0-4AF3-AC14-217BDFA5203F,Negative,,Left Upper Outer Quadrant|Left Lower Outer Quadrant,,YES,,,,,Negative,,WHITE,,NO,1,Female,Breast,Other (specify),Sentinel lymph node and axillary lymph node biopsy,,,Other,AC,TUMOR FREE
TCGA-AC-A3BB,46,MX,N2a,Stage IIIA,7th,T3,,,0,32.42,0:DiseaseFree,,,,Positive,90-99%,NOT HISPANIC OR LATINO,,2/3/12,,,,,,,,,,,Infiltrating Lobular Carcinoma,,No,No,C50.9,8520/3,C50.9,Negative,,YES,2011,,5,,14,,,,,NO,Core needle biopsy,,,,,,,,,,,,,,,32.42,0:LIVING,048549CF-D0A5-4743-A0A1-2004F7CC2B08,Negative,,Right Upper Outer Quadrant,,YES,,,,,Positive,90-99%,BLACK OR AFRICAN AMERICAN,,NO,1,Female,Breast,Axillary lymph node dissection alone,,,,Modified Radical Mastectomy,AC,TUMOR FREE
TCGA-AC-A3EH,79,M0,N3,Stage IIIC,7th,T3,,,0,,,,,,Positive,,NOT HISPANIC OR LATINO,,9/24/12,,,,,,Negative,,,,,Infiltrating Lobular Carcinoma,,No,No,C50.9,8022/3,C50.9,Negative,,YES,2011,YES,12,,12,,Post (prior bilateral ovariectomy OR >12 mo since LMP with no prior hysterectomy),,,,Excisional Biopsy,,NO,NO,,,,,,,,,,,,6.47,1:DECEASED,FAC173A8-1613-4BD4-87BA-83A2CFE8A37D,Negative,,Right,,YES,,,,,Negative,,WHITE,,NO,1,Female,Breast,Axillary lymph node dissection alone,,,,Modified Radical Mastectomy,AC,TUMOR FREE
TCGA-AC-A3HN,87,MX,N1a,Stage IIB,7th,T2,,,0,16.29,0:DiseaseFree,,,3 Point Scale,Positive,90-99%,NOT HISPANIC OR LATINO,,4/13/12,,,,,,,<10%,,,,Infiltrating Lobular Carcinoma,,No,No,C50.9,8520/3,C50.9,Negative,3,YES,2011,YES,2,0,3,,Post (prior bilateral ovariectomy OR >12 mo since LMP with no prior hysterectomy),,,NO,Core needle biopsy,,YES,,,,,,,,,,,,,16.29,0:LIVING,E37AE674-A107-4EB3-94D8-B86B0035A9F7,Negative,,Left Upper Inner Quadrant,,YES,,1+,,3 Point Scale,Positive,<10%,WHITE,,NO,1,Female,Breast,Sentinel node biopsy alone,,,,Simple Mastectomy,AC,TUMOR FREE
TCGA-AC-A3OD,68,MX,N1mi,Stage IIB,7th,T2,,,0,14.82,0:DiseaseFree,,,,Positive,90-99%,NOT HISPANIC OR LATINO,,4/19/12,,,,,,,,1,,,Infiltrating Lobular Carcinoma,,No,No,C50.9,8520/3,C50.9,Negative,,YES,2011,YES,1,,3,,Post (prior bilateral ovariectomy OR >12 mo since LMP with no prior hysterectomy),,,NO,Core needle biopsy,,YES,,,,,,,,,,,,,14.82,0:LIVING,F2622CDB-AC92-42B3-A1CA-67E133C3DD4A,Negative,,Left,,YES,,,,,Positive,90-99%,WHITE,,NO,1,Female,Breast,Sentinel lymph node biopsy plus axillary dissection,,,,Modified Radical Mastectomy,AC,TUMOR FREE
TCGA-AC-A3QP,79,MX,N1mi,Stage IIB,7th,T2,,2.2,0,22.17,0:DiseaseFree,,,,Positive,70-79%,NOT HISPANIC OR LATINO,,7/5/12,30,,1.2,2.6,,Negative,,2,,,Infiltrating Lobular Carcinoma,,No,No,C50.9,8520/3,C50.9,Equivocal,,YES,2011,YES,1,1,2,,Post (prior bilateral ovariectomy OR >12 mo since LMP with no prior hysterectomy),,,NO,Core needle biopsy,,,,,,,,,,,,,,,22.17,0:LIVING,6F4C8D30-47FB-47DF-9EB7-4E5881E3711E,Negative,,Right,,YES,,,,,Positive,90-99%,WHITE,,NO,1,Female,Breast,Sentinel node biopsy alone,,,,Lumpectomy,AC,TUMOR FREE
TCGA-AC-A3QQ,54,MX,N0 (i-),Stage IA,7th,T1c,,,0,24.11,0:DiseaseFree,,,3 Point Scale,Positive,90-99%,NOT HISPANIC OR LATINO,Nipple Sparing Total Mastectomy,12/3/12,,,,,,,,3,,,Infiltrating Lobular Carcinoma,,No,No,C50.9,8520/3,C50.9,Positive,3,YES,2011,YES,0,0,5,,Peri (6-12 months since last menstrual period),,,,Core needle biopsy,,YES,NO,,,,,,,,,,,,24.11,0:LIVING,95CEF916-5545-455B-920C-773A54FC7676,Close,,Right,,YES,,3+,,3 Point Scale,Positive,70-79%,WHITE,,NO,1,Female,Breast,Sentinel node biopsy alone,,,,Other,AC,TUMOR FREE
TCGA-AC-A3TM,50,M0,N1mi,Stage IIIA,7th,T3,,1.9,0,25.03,0:DiseaseFree,,,,Positive,90-99%,NOT HISPANIC OR LATINO,,8/1/12,60,,1.9,3.3,,Equivocal,,2,,,Infiltrating Lobular Carcinoma,,No,No,C50.9,8520/3,C50.9,Equivocal,,YES,2011,YES,0,2,4,,Peri (6-12 months since last menstrual period),,,NO,Core needle biopsy,,YES,,,,,,,,,,,,,25.03,0:LIVING,67C73260-A242-4BBA-87C5-D2302556DFF7,Negative,,Right,,YES,,,,,Positive,90-99%,WHITE,,NO,1,Female,Breast,Sentinel node biopsy alone,,,,Simple Mastectomy,AC,TUMOR FREE
TCGA-AC-A3TN,75,MX,N0,Stage IIB,7th,T3,,,0,14.98,0:DiseaseFree,,,,Positive,90-99%,NOT HISPANIC OR LATINO,,8/1/12,,,,,,Indeterminate,,,,,Infiltrating Lobular Carcinoma,,No,No,C50.9,8520/3,C50.9,Positive,,YES,2012,YES,0,,2,,Post (prior bilateral ovariectomy OR >12 mo since LMP with no prior hysterectomy),,,NO,"Other method, specify:",,,,,,,,,,,,,,,14.98,0:LIVING,81B70C58-4A12-448C-A594-2ADE44F6A0AE,Negative,,Right,,YES,,,,,Positive,80-89%,WHITE,,NO,1,Female,Breast,Sentinel lymph node biopsy plus axillary dissection,,,,Simple Mastectomy,AC,TUMOR FREE
TCGA-AC-A3W5,65,MX,N0,Stage IIA,7th,T2,,,0,16.56,0:DiseaseFree,,,,Positive,50-59%,NOT HISPANIC OR LATINO,,9/24/12,,,,,,Positive,,,,,Infiltrating Lobular Carcinoma,,No,Yes,C50.9,8520/3,C50.9,,,YES,2011,YES,0,0,3,,,,,,Core needle biopsy,,YES,NO,,,,,,,,,,,,16.56,0:LIVING,4C313E5B-4DC3-408E-8E92-22427F74743E,Close,,Right,,YES,,,,,Positive,30-39%,BLACK OR AFRICAN AMERICAN,,NO,1,Female,Breast,Sentinel node biopsy alone,,,,Lumpectomy,AC,TUMOR FREE
TCGA-AC-A3W6,90,MX,N1,Stage IIIA,7th,T3,,,0,19.78,0:DiseaseFree,,,3 Point Scale,Positive,90-99%,NOT HISPANIC OR LATINO,,9/24/12,,,,,,,,3,,,Infiltrating Lobular Carcinoma,,No,Yes,C50.9,8520/3,C50.9,Negative,1,YES,2012,YES,3,3,3,,Post (prior bilateral ovariectomy OR >12 mo since LMP with no prior hysterectomy),,,,Core needle biopsy,,YES,NO,,,,,,,,,,,,19.78,0:LIVING,1B4CFAD1-E353-4411-97B6-2B7B9309E95E,Negative,,Right,,YES,,1+,,3 Point Scale,Positive,20-29%,WHITE,,NO,1,Female,Breast,Sentinel node biopsy alone,,,,Modified Radical Mastectomy,AC,TUMOR FREE
TCGA-AC-A3W7,66,MX,N1a,Stage IIB,7th,T2,,,0,15.47,0:DiseaseFree,,,,Positive,90-99%,NOT HISPANIC OR LATINO,,10/17/12,,,,,,,,,,,Infiltrating Lobular Carcinoma,,No,No,C50.9,8520/3,C50.9,Negative,,YES,2012,YES,1,,2,,Post (prior bilateral ovariectomy OR >12 mo since LMP with no prior hysterectomy),,,,Core needle biopsy,,NO,NO,,,,,,,,,,,,15.47,0:LIVING,2481A671-760B-428C-968D-42E25FD42AC5,Negative,,Right Upper Outer Quadrant,,YES,,,,,Negative,<10%,WHITE,,NO,1,Female,Breast,Sentinel node biopsy alone,,,,Simple Mastectomy,AC,TUMOR FREE
TCGA-AC-A3YI,74,MX,N3a,Stage IIIC,7th,T1c,,,0,23.23,0:DiseaseFree,,,,Positive,90-99%,NOT HISPANIC OR LATINO,,10/8/12,,,,,,,,1,,,Infiltrating Lobular Carcinoma,,No,No,C50.9,8520/3,C50.9,Positive,,YES,2012,YES,12,,13,,Post (prior bilateral ovariectomy OR >12 mo since LMP with no prior hysterectomy),,,,Core needle biopsy,,NO,NO,,,,,,,,,,,,23.23,0:LIVING,A45D296E-EFC0-479E-B2F6-BAD834668CDF,Negative,,Right,,YES,,,,,Positive,20-29%,WHITE,,NO,1,Female,Breast,Sentinel lymph node biopsy plus axillary dissection,,,,Lumpectomy,AC,
TCGA-AC-A3YJ,66,MX,N0 (i-),Stage IIA,7th,T2,,,0,24.77,0:DiseaseFree,,,,Positive,,NOT HISPANIC OR LATINO,,10/3/12,,,,,,,,,,,"Other, specify",,No,No,C50.9,8050/3,C50.9,,,YES,2012,YES,0,0,1,,Post (prior bilateral ovariectomy OR >12 mo since LMP with no prior hysterectomy),,,,Core needle biopsy,,YES,NO,,,,,,,,,,,,24.77,0:LIVING,86CF879E-3B40-44DD-AAA7-6F49F54A15D9,Negative,,Right,,YES,,,,,Positive,,WHITE,,NO,1,Female,Breast,Sentinel node biopsy alone,,,,Modified Radical Mastectomy,AC,TUMOR FREE
TCGA-AC-A4ZE,63,M0,N0,Stage IIB,7th,T3,,,0,29.24,0:DiseaseFree,,,,Positive,,NOT HISPANIC OR LATINO,,6/9/15,,,,,,,,,,,Infiltrating Lobular Carcinoma,,No,No,C50.9,8520/3,C50.9,Positive,,YES,2012,YES,0,,1,,Post (prior bilateral ovariectomy OR >12 mo since LMP with no prior hysterectomy),,,,Core needle biopsy,,NO,NO,,,,,,,,,,,,29.24,0:LIVING,0CF0D67C-2F7F-42A6-94F3-407D0EC46C88,Negative,NO,Right Lower Outer Quadrant,,YES,,,,,Positive,,WHITE,NO,NO,1,Female,Breast,Sentinel node biopsy alone,,,,Simple Mastectomy,AC,TUMOR FREE
TCGA-AC-A5EH,76,MX,N1mi,Stage IIB,7th,T2,,,0,16.79,0:DiseaseFree,,,,Positive,20-29%,NOT HISPANIC OR LATINO,,7/12/13,,,,,,,,,,,Infiltrating Ductal Carcinoma,,No,No,C50.9,8500/3,C50.9,Negative,,YES,2012,YES,1,,14,,,,,,Core needle biopsy,,NO,NO,,,,,,,,,,,,16.79,0:LIVING,D13FB44B-291B-4EA4-920C-142DAA8D1989,Negative,,Left Upper Outer Quadrant,,YES,,,,,Negative,,BLACK OR AFRICAN AMERICAN,,NO,1,Female,Breast,Axillary lymph node dissection alone,,,,Modified Radical Mastectomy,AC,TUMOR FREE
TCGA-AC-A5EI,88,MX,N1mi,Stage IB,7th,T1c,,,0,14.52,0:DiseaseFree,,,,Positive,90-99%,NOT HISPANIC OR LATINO,,7/12/13,,,,,,,,,,,"Other, specify",,No,Yes,C50.9,9020/3,C50.9,Negative,,YES,2012,YES,1,,2,,,,,,Tumor resection,,NO,NO,,,,,,,,,,,,14.52,0:LIVING,01B9F68B-4DE4-4374-B4F2-8A0685E18153,Negative,,Right Upper Outer Quadrant,,YES,,,,,Positive,60-69%,WHITE,,NO,1,Female,Breast,Sentinel node biopsy alone,,,,Simple Mastectomy,AC,TUMOR FREE
TCGA-AC-A5XS,74,MX,N0,Stage IIA,7th,T2,,,0,19.32,0:DiseaseFree,,,,Positive,,NOT HISPANIC OR LATINO,,7/15/13,,,,,,,,,,,Infiltrating Lobular Carcinoma,,No,Yes,C50.9,8520/3,C50.9,Negative,,YES,2012,YES,0,,8,,,,,,Core needle biopsy,,NO,NO,,,,,,,,,,,,19.32,0:LIVING,D9627184-B972-4E00-8C11-B0B946AC357A,Negative,,Left Upper Inner Quadrant,,YES,,,,,Positive,,WHITE,,NO,1,Female,Breast,Sentinel node biopsy alone,,,,Simple Mastectomy,AC,TUMOR FREE
TCGA-AC-A5XU,74,MX,N0 (i-),Stage IIB,7th,T3,,,0,14.95,0:DiseaseFree,,,,Positive,90-99%,NOT HISPANIC OR LATINO,,7/15/13,,,,,,,,,,,Infiltrating Ductal Carcinoma,,No,No,C50.9,8500/3,C50.9,Negative,,YES,2013,YES,0,,2,,,,,,Core needle biopsy,,,NO,,,,,,,,,,,,14.95,0:LIVING,97677FD7-8523-48C5-A8CE-614FD4010551,Negative,,Left Upper Outer Quadrant,,YES,,,,,Positive,60-69%,BLACK OR AFRICAN AMERICAN,,NO,1,Female,Breast,Sentinel node biopsy alone,,,,Lumpectomy,AC,TUMOR FREE
TCGA-AC-A62V,58,M1,N1a,Stage IV,7th,T2,,,0,,,,,,Positive,90-99%,NOT HISPANIC OR LATINO,,10/21/13,,,,,,,,,,,Infiltrating Ductal Carcinoma,,No,No,C50.9,8500/3,C50.9,,,YES,2013,YES,3,,17,,,,Bone,,Core needle biopsy,,NO,NO,,,,,,,,,,,,11.43,1:DECEASED,D5F2B85A-94A9-4168-BBE8-149EC71342B0,Negative,,Right Lower Outer Quadrant,,YES,,,,,Positive,<10%,BLACK OR AFRICAN AMERICAN,,NO,1,Male,Breast,Axillary lymph node dissection alone,,,,Modified Radical Mastectomy,AC,WITH TUMOR
TCGA-AC-A62X,72,MX,N0,Stage IIA,7th,T2,,,0,13.7,0:DiseaseFree,,,,Positive,<10%,NOT HISPANIC OR LATINO,,10/21/13,,,,,,,,,,,Infiltrating Ductal Carcinoma,,No,Yes,C50.9,8500/3,C50.9,,,YES,2013,YES,0,,10,,Post (prior bilateral ovariectomy OR >12 mo since LMP with no prior hysterectomy),,,,Core needle biopsy,,NO,NO,,,,,,,,,,,,13.7,0:LIVING,5B2A4F11-CA46-4974-9420-59B4820920BF,Negative,,Left Upper Inner Quadrant,,YES,,,,,Negative,,BLACK OR AFRICAN AMERICAN,,NO,1,Female,Breast,Axillary lymph node dissection alone,,,,Modified Radical Mastectomy,AC,TUMOR FREE
TCGA-AC-A62Y,79,MX,N1,Stage IIB,7th,T2,,,0,17.41,0:DiseaseFree,,,3 Point Scale,Positive,90-99%,NOT HISPANIC OR LATINO,,9/19/13,,,,,,,,1,,,Infiltrating Lobular Carcinoma,,No,No,C50.9,8520/3,C50.9,Negative,,YES,2012,YES,1,,1,,Post (prior bilateral ovariectomy OR >12 mo since LMP with no prior hysterectomy),,,,Core needle biopsy,,NO,NO,,,,,,,,,,,,17.41,0:LIVING,05AF737D-89AA-49B6-97B2-28B8AC8BD2CF,Positive,,Right,,YES,,,,3 Point Scale,Positive,80-89%,WHITE,,NO,1,Female,Breast,Sentinel node biopsy alone,,,,Modified Radical Mastectomy,AC,TUMOR FREE
TCGA-AC-A6IV,47,MX,N1,Stage IIB,7th,T2,,,0,18.66,0:DiseaseFree,,,,Positive,90-99%,NOT HISPANIC OR LATINO,,9/19/13,,,,,,,,2,,,Infiltrating Lobular Carcinoma,,No,No,C50.9,8524/3,C50.9,Equivocal,,YES,2012,YES,1,1,1,,,,,,Core needle biopsy,,YES,NO,,,,,,,,,,,,18.66,0:LIVING,8E11C5EC-C15A-48D4-85AC-B7B08A9ED827,Negative,,Right,,YES,,,,,Positive,60-69%,WHITE,,NO,1,Female,Breast,Sentinel node biopsy alone,,,,Modified Radical Mastectomy,AC,TUMOR FREE
TCGA-AC-A6IW,73,MX,N0 (i-),Stage IIA,7th,T2,,,0,13.57,0:DiseaseFree,,,,Negative,<10%,NOT HISPANIC OR LATINO,,10/15/13,,,,,,,,,,,Infiltrating Ductal Carcinoma,,No,No,C50.9,8500/3,C50.9,Negative,,YES,2013,YES,0,0,2,,Post (prior bilateral ovariectomy OR >12 mo since LMP with no prior hysterectomy),,,,Core needle biopsy,,YES,NO,,,,,,,,,,,,13.57,0:LIVING,8183F0FB-2303-4D7B-BCCD-55E5031FC7DF,Negative,,Left Upper Outer Quadrant,,YES,,,,,Negative,<10%,BLACK OR AFRICAN AMERICAN,,NO,1,Female,Breast,Sentinel node biopsy alone,,,,Simple Mastectomy,AC,TUMOR FREE
TCGA-AC-A6IX,49,MX,N3a,Stage IIIC,7th,T2,,,0,12.25,0:DiseaseFree,,,,Positive,90-99%,NOT HISPANIC OR LATINO,,10/21/13,,,,,,,,,,,Infiltrating Lobular Carcinoma,,No,No,C50.9,8520/3,C50.9,,,YES,2013,YES,19,,21,,Peri (6-12 months since last menstrual period),,,,Core needle biopsy,,NO,NO,,,,,,,,,,,,12.25,0:LIVING,7486A2B3-B09F-4E9C-9864-8B51B58D9FB3,Negative,,Left Upper Outer Quadrant,,YES,,,,,Positive,<10%,WHITE,,NO,2,Female,Breast,Axillary lymph node dissection alone,,,,Modified Radical Mastectomy,AC,TUMOR FREE
TCGA-AC-A6NO,43,MX,N1a,Stage IIB,7th,T2,,,0,1.68,0:DiseaseFree,,,,Positive,,NOT HISPANIC OR LATINO,,4/10/14,,,,,,,,,,,Infiltrating Ductal Carcinoma,,No,No,C50.9,8500/3,C50.9,Negative,,YES,2011,YES,2,,16,,,,,,Fine needle aspiration biopsy,,NO,NO,,,,,,,,,,,,1.68,0:LIVING,8D9B50D1-139B-4447-AE9C-E54764D9E2A7,Negative,,Right,,YES,,,,,Positive,,BLACK OR AFRICAN AMERICAN,,NO,1,Female,Breast,Axillary lymph node dissection alone,,,,Modified Radical Mastectomy,AC,TUMOR FREE
TCGA-AC-A7VB,51,MX,N1a,Stage IIA,7th,T1c,,,0,8.21,0:DiseaseFree,,,,Positive,80-89%,NOT HISPANIC OR LATINO,,2/26/14,,,,,,,,,,,Infiltrating Ductal Carcinoma,,No,No,C50.9,8500/3,C50.9,,,YES,2013,YES,3,,15,,,,,,Core needle biopsy,,NO,NO,,,,,,,,,,,,8.21,0:LIVING,56230E4A-29CA-4F37-A0F9-730DBDFB6FA2,Negative,,Right Lower Outer Quadrant,,YES,,,,,Negative,<10%,BLACK OR AFRICAN AMERICAN,,NO,1,Female,Breast,Sentinel lymph node biopsy plus axillary dissection,,,,Modified Radical Mastectomy,AC,TUMOR FREE
TCGA-AC-A7VC,56,MX,N0,Stage IIB,7th,T3,,,0,0.03,0:DiseaseFree,,,,Negative,,NOT HISPANIC OR LATINO,,3/29/14,,,,,,,,,,,Metaplastic Carcinoma,,No,No,C50.9,8575/3,C50.9,Negative,,YES,2013,YES,0,0,1,,Post (prior bilateral ovariectomy OR >12 mo since LMP with no prior hysterectomy),,,,Tumor resection,,YES,NO,,,,,,,,,,,,0.03,0:LIVING,2B36853F-34D3-47C5-BA6A-E5A93233D2B1,Negative,,Left,,YES,,,,,Negative,,WHITE,,NO,1,Female,Breast,Sentinel node biopsy alone,,,,Simple Mastectomy,AC,TUMOR FREE
TCGA-AC-A8OP,72,MX,N0 (i-),Stage IA,7th,T1c,,,0,20.17,0:DiseaseFree,,,,Positive,90-99%,NOT HISPANIC OR LATINO,,2/26/14,,,,,,,,1,,,Infiltrating Ductal Carcinoma,,No,No,C50.9,8500/3,C50.9,Indeterminate,,YES,2011,YES,0,0,6,,Post (prior bilateral ovariectomy OR >12 mo since LMP with no prior hysterectomy),,,,Core needle biopsy,,YES,NO,,,,,,,,,,,,20.17,0:LIVING,B9C6C069-2A2B-4CC7-A398-DC45C132D979,Negative,,Right Lower Inner Quadrant,,YES,,,,,Positive,10-19%,BLACK OR AFRICAN AMERICAN,,NO,1,Female,Breast,Sentinel node biopsy alone,,,,Simple Mastectomy,AC,TUMOR FREE
TCGA-AC-A8OQ,72,MX,N1a,Stage IIB,7th,T2,,,0,1.12,0:DiseaseFree,,,,Negative,,NOT HISPANIC OR LATINO,,2/26/14,,,,,,,,,,,Infiltrating Ductal Carcinoma,,No,No,C50.9,8500/3,C50.9,Indeterminate,,YES,2011,YES,1,,2,,Post (prior bilateral ovariectomy OR >12 mo since LMP with no prior hysterectomy),,,,Core needle biopsy,,NO,NO,,,,,,,,,,,,1.12,0:LIVING,DFAABD03-2D40-4422-B210-CAF112FF4229,Negative,,Right Upper Outer Quadrant,,YES,,,,,Negative,,BLACK OR AFRICAN AMERICAN,,NO,1,Female,Breast,Sentinel node biopsy alone,,,,Lumpectomy,AC,TUMOR FREE
TCGA-AC-A8OR,75,MX,N0 (i-),Stage IA,7th,T1c,,,0,1.31,0:DiseaseFree,,,,Positive,90-99%,NOT HISPANIC OR LATINO,,2/26/14,,,,,,,<10%,,,,Mucinous Carcinoma,,No,No,C50.9,8480/3,C50.9,Negative,,YES,2013,YES,0,0,2,,Post (prior bilateral ovariectomy OR >12 mo since LMP with no prior hysterectomy),,,,Core needle biopsy,,YES,NO,,,,,,,,,,,,1.31,0:LIVING,8CD1BA0B-EAD9-4661-A796-6C9DBF1C42CD,Negative,,Left,,YES,,,,,Positive,90-99%,WHITE,,NO,1,Female,Breast,Sentinel node biopsy alone,,,,Simple Mastectomy,AC,TUMOR FREE
TCGA-AC-A8OS,71,MX,N0 (i-),Stage IIA,7th,T2,,,0,2.3,0:DiseaseFree,,,,Positive,90-99%,NOT HISPANIC OR LATINO,,2/26/14,,,,,,,10-19%,1,,,Infiltrating Lobular Carcinoma,,No,No,C50.9,8520/3,C50.9,Positive,,YES,2013,YES,0,0,2,,Post (prior bilateral ovariectomy OR >12 mo since LMP with no prior hysterectomy),,,,Core needle biopsy,,YES,NO,,,,,,,,,,,,2.3,0:LIVING,D5E655FE-3FBC-47B0-BA23-1D1DD01D591C,Negative,,Right Upper Outer Quadrant,,YES,,,,,Positive,<10%,WHITE,,NO,1,Female,Breast,Sentinel node biopsy alone,,,,Simple Mastectomy,AC,TUMOR FREE
TCGA-AN-A03X,74,M0,N0,Stage IIA,,T2,,,0,0.33,0:DiseaseFree,,200,,Positive,,NOT HISPANIC OR LATINO,,12/28/10,,,,,,,,1,,,Infiltrating Ductal Carcinoma,,No,No,C50.9,8500/3,C50.9,Positive,,YES,2010,,0,0,19,,Post (prior bilateral ovariectomy OR >12 mo since LMP with no prior hysterectomy),,,,Tumor resection,,NO,,,,,,,,,,,,,0.33,0:LIVING,88cd6ccc-70f7-436e-a99c-039b9d31e335,Negative,,Left Upper Outer Quadrant,,NO,,,200,,Positive,,WHITE,,YES,1,Female,Breast,No axillary staging,,,,Modified Radical Mastectomy,AN,TUMOR FREE
TCGA-AN-A03Y,66,M0,N0,Stage IIA,,T2,,,0,0.33,0:DiseaseFree,,210,,Positive,,NOT HISPANIC OR LATINO,,12/29/10,,,,,,,,0,,,Infiltrating Ductal Carcinoma,,No,No,C50.9,8500/3,C50.9,Negative,,YES,2010,,0,0,9,,Post (prior bilateral ovariectomy OR >12 mo since LMP with no prior hysterectomy),,,,Tumor resection,,NO,,,,,,,,,,,,,0.33,0:LIVING,a991644b-3ee6-4cda-acf0-e37de48a49fc,Negative,,Left Upper Outer Quadrant,,NO,,,210,,Positive,,WHITE,,YES,1,Female,Breast,No axillary staging,,,,Modified Radical Mastectomy,AN,TUMOR FREE
TCGA-AN-A041,29,M0,N1a,Stage IIB,7th,T2,,,0,0.23,0:DiseaseFree,,170,,Positive,,NOT HISPANIC OR LATINO,,4/1/11,,,,,,,,2,,,Infiltrating Ductal Carcinoma,,No,No,C50.9,8500/3,C50.9,Positive,,YES,2010,YES,1,,18,,Pre (<6 months since LMP AND no prior bilateral ovariectomy AND not on estrogen replacement),,,NO,Tumor resection,,,,,,,,,,,,,,,0.23,0:LIVING,316e021c-5175-4ab3-bdb6-2bf9683f657a,Negative,,Left Upper Outer Quadrant,,NO,,,0,,Negative,,WHITE,,YES,1,Female,Breast,,,,,,AN,
TCGA-AN-A046,68,M0,N0,Stage IIA,,T2,,,0,0.33,0:DiseaseFree,,205,,Positive,,NOT HISPANIC OR LATINO,,12/28/10,,,,,,,,,,0,Infiltrating Ductal Carcinoma,,No,No,C50.9,8500/3,C50.9,Negative,,YES,2010,,0,0,19,,Post (prior bilateral ovariectomy OR >12 mo since LMP with no prior hysterectomy),,,,Tumor resection,,NO,,,,,,,,,,,,,0.33,0:LIVING,dcd5860c-7e3a-44f3-a732-fe92fe3fe300,Negative,,Right Lower Inner Quadrant,,NO,,,108,,Positive,,WHITE,,YES,1,Female,Breast,No axillary staging,,,,Modified Radical Mastectomy,AN,TUMOR FREE
TCGA-AN-A049,62,M0,N0,Stage IIA,,T2,Allred (Biocare),,0,0.62,0:DiseaseFree,,80,,Positive,,NOT HISPANIC OR LATINO,,12/29/10,,,,,,,,0,Dako Hercept test,,Infiltrating Ductal Carcinoma,,No,No,C50.9,8500/3,C50.9,Negative,,YES,2008,,0,0,9,,Post (prior bilateral ovariectomy OR >12 mo since LMP with no prior hysterectomy),,,,Tumor resection,,NO,,,,,,,,,,,,,0.62,0:LIVING,2e1e3bf0-1708-4b65-936c-48b89eb8966a,Positive,,Left Upper Outer Quadrant,,NO,Allred (Biocare),2+,100,,Positive,,WHITE,,YES,1,Female,Breast,No axillary staging,,Modified radical mastectomy,,Simple Mastectomy,AN,TUMOR FREE
TCGA-AN-A04A,36,M0,N2,Stage IIIA,7th,T2,Allred (Biocare),,0,2.96,0:DiseaseFree,,112,,Positive,,NOT HISPANIC OR LATINO,,12/29/10,,,,,,,,0,Dako Hercept test,0,Infiltrating Ductal Carcinoma,,No,No,C50.9,8500/3,C50.9,Negative,2,YES,2008,,4,0,7,,Peri (6-12 months since last menstrual period),,,,Tumor resection,,NO,,,,,,,,,,,,,2.96,0:LIVING,e5aae05a-478e-4a55-a27c-12b2b4be302a,Positive,,Left Lower Inner Quadrant|Left Lower Outer Quadrant,,NO,Allred (Biocare),1+,87,,Positive,,WHITE,,YES,1,Female,Breast,No axillary staging,,Modified radical mastectomy,,Simple Mastectomy,AN,TUMOR FREE
TCGA-AN-A04C,51,M0,N1,Stage IIB,,T2,Allred (Biocare),,0,1.77,0:DiseaseFree,,0,,Negative,,NOT HISPANIC OR LATINO,,12/29/10,,,,,,,,3,Dako Hecept Test,,Infiltrating Ductal Carcinoma,,No,No,C50.9,8500/3,C50.9,Positive,0,YES,2008,,2,0,15,,Post (prior bilateral ovariectomy OR >12 mo since LMP with no prior hysterectomy),,,,Tumor resection,,NO,,,,,,,,,,,,,1.77,0:LIVING,66072c06-f251-4f0b-b6ae-12b407c52cc6,Positive,,Left Upper Outer Quadrant,,NO,Allred (Biocare),0,0,,Negative,,WHITE,,YES,1,Female,Breast,Axillary lymph node dissection alone,,Modified radical mastectomy,,Simple Mastectomy,AN,TUMOR FREE
TCGA-AN-A04D,58,M0,N1,Stage IIB,,T2,Allred (Biocare),,0,1.71,0:DiseaseFree,,0,,Negative,,NOT HISPANIC OR LATINO,,12/20/10,,,,,,,,0,Dako Hercept Test,,Infiltrating Ductal Carcinoma,,No,No,C50.9,8500/3,C50.9,Negative,0,YES,2008,,2,0,15,,Post (prior bilateral ovariectomy OR >12 mo since LMP with no prior hysterectomy),,,,Tumor resection,,NO,,,,,,,,,,,,,1.71,0:LIVING,49717f75-0f2d-4e1c-9a12-f1cd7877b80a,Positive,,Left Upper Outer Quadrant,,NO,Allred (Biocare),0,0,,Negative,,WHITE,,YES,1,Female,Breast,No axillary staging,,Modified radical mastectomy,,Simple Mastectomy,AN,TUMOR FREE
TCGA-AN-A0AJ,79,M0,N0,Stage IIB,,T3,dextran coated charcoal,,0,9.95,0:DiseaseFree,,230,,Positive,80-89%,NOT HISPANIC OR LATINO,,12/20/10,,,,,,,90-99%,3,,,Infiltrating Ductal Carcinoma,,No,No,C50.9,8522/3,C50.9,Positive,3,YES,2010,,0,0,9,,Post (prior bilateral ovariectomy OR >12 mo since LMP with no prior hysterectomy),,,,Tumor resection,,NO,,,,,,,,,,,,,9.95,0:LIVING,9646160a-f1f9-437b-8c7d-efb0b57bfb97,Negative,,Left Upper Outer Quadrant,,NO,dextran coated charcoal,2+,120,,Positive,40-49%,WHITE,,YES,1,Female,Breast,Axillary lymph node dissection alone,,,,Modified Radical Mastectomy,AN,TUMOR FREE
TCGA-AN-A0AK,76,M0,N0,Stage IIA,,T2,dextran coated charcoal,,0,7.36,0:DiseaseFree,,230,,Positive,80-89%,NOT HISPANIC OR LATINO,,12/21/10,,,,,,,70-79%,2,,,Infiltrating Ductal Carcinoma,,No,No,C50.9,8500/3,C50.9,Positive,3,YES,2010,,0,0,11,,Post (prior bilateral ovariectomy OR >12 mo since LMP with no prior hysterectomy),,,,Tumor resection,,NO,,,,,,,,,,,,,7.36,0:LIVING,9e894662-b718-40f8-8899-b5e036cfbd76,Negative,,Left Upper Outer Quadrant,,NO,dextran coated charcoal,0,,,Negative,<10%,WHITE,,YES,1,Female,Breast,Axillary lymph node dissection alone,,,,Modified Radical Mastectomy,AN,TUMOR FREE
TCGA-AN-A0AL,41,M0,N0,Stage IIIB,7th,T4,dextran coated charcoal,,0,7.46,0:DiseaseFree,,,,Negative,<10%,NOT HISPANIC OR LATINO,,12/21/10,,,,,,,<10%,0,dextran coated charcoal,,Infiltrating Ductal Carcinoma,,No,No,C50.9,8500/3,C50.9,Negative,0,YES,2010,,0,0,5,,Pre (<6 months since LMP AND no prior bilateral ovariectomy AND not on estrogen replacement),,,,Tumor resection,,NO,,,,,,,,,,,,,7.46,0:LIVING,3e9f93c0-aa79-4b4c-bd6c-b3325912362a,Negative,,Left Lower Outer Quadrant,,NO,dextran coated charcoal,0,,,Negative,<10%,WHITE,,YES,1,Female,Breast,Axillary lymph node dissection alone,,,,Modified Radical Mastectomy,AN,TUMOR FREE
TCGA-AN-A0AM,56,M0,N0,Stage IIA,,T2,,,0,0.16,0:DiseaseFree,,205,,Positive,,NOT HISPANIC OR LATINO,,12/28/10,,,,,,,,,,0,Infiltrating Ductal Carcinoma,,No,No,C50.9,8500/3,C50.9,Negative,,YES,2010,,0,0,20,,Post (prior bilateral ovariectomy OR >12 mo since LMP with no prior hysterectomy),,,,Tumor resection,,NO,,,,,,,,,,,,,0.16,0:LIVING,00a2d166-78c9-4687-a195-3d6315c27574,Negative,,Left Upper Outer Quadrant,,NO,,,0,,Negative,,WHITE,,YES,1,Female,Breast,No axillary staging,,,,Modified Radical Mastectomy,AN,TUMOR FREE
TCGA-AN-A0AR,55,M0,N0,Stage IIA,,T2,,,0,0.33,0:DiseaseFree,,,,Negative,,NOT HISPANIC OR LATINO,,12/28/10,,,,,,,,0,,,Infiltrating Ductal Carcinoma,,No,No,C50.9,8500/3,C50.9,Negative,0,YES,2010,,0,0,17,,Pre (<6 months since LMP AND no prior bilateral ovariectomy AND not on estrogen replacement),,,,Tumor resection,,NO,,,,,,,,,,,,,0.33,0:LIVING,ebc460c2-df88-4dc0-a2c0-aca8072b75ad,Negative,,Right Upper Inner Quadrant,,NO,,0,,,Negative,,WHITE,,YES,1,Female,Breast,No axillary staging,,,,Modified Radical Mastectomy,AN,TUMOR FREE
TCGA-AN-A0AS,70,M0,N2,Stage IIIA,,T2,,,0,0.33,0:DiseaseFree,,190,,Positive,,NOT HISPANIC OR LATINO,,12/28/10,,,,,,,,0,,,Infiltrating Ductal Carcinoma,,No,No,C50.9,8500/3,C50.9,Negative,,YES,2010,,4,0,9,,Post (prior bilateral ovariectomy OR >12 mo since LMP with no prior hysterectomy),,,,Tumor resection,,NO,,,,,,,,,,,,,0.33,0:LIVING,7c2a8440-0206-4039-8474-8d62f6c7de0c,Negative,,Left Upper Outer Quadrant,,NO,,0,0,,Negative,,WHITE,,YES,1,Female,Breast,No axillary staging,,,,Modified Radical Mastectomy,AN,TUMOR FREE
TCGA-AN-A0AT,62,M0,N0,Stage IIA,,T2,,,0,0.33,0:DiseaseFree,,0,,Negative,,NOT HISPANIC OR LATINO,,12/28/10,,,,,,,,,,0,Infiltrating Ductal Carcinoma,,No,No,C50.9,8500/3,C50.9,Negative,,YES,2010,,0,0,10,,Post (prior bilateral ovariectomy OR >12 mo since LMP with no prior hysterectomy),,,,Tumor resection,,NO,,,,,,,,,,,,,0.33,0:LIVING,05506f4c-e701-4a9d-ae06-97f066aade43,Negative,,Right Upper Inner Quadrant,,NO,,,0,,Negative,,WHITE,,YES,1,Female,Breast,No axillary staging,,,,Modified Radical Mastectomy,AN,TUMOR FREE
TCGA-AN-A0FD,71,M0,N0,Stage IIA,,T2,dextran coated charcoal,,0,6.44,0:DiseaseFree,,,,Positive,80-89%,NOT HISPANIC OR LATINO,,12/20/10,,,,,,Positive,60-69%,2,dextran coated charcoal,,Infiltrating Ductal Carcinoma,,No,No,C50.9,8500/3,C50.9,Positive,3,YES,2010,,0,0,14,,Post (prior bilateral ovariectomy OR >12 mo since LMP with no prior hysterectomy),,,,Tumor resection,,NO,,,,,,,,,,,,,6.44,0:LIVING,c6086936-7544-4da0-8c0c-114166848483,Negative,,Left Upper Outer Quadrant,,NO,dextran coated charcoal,1+,,,Positive,10-19%,WHITE,,YES,1,Female,Breast,Axillary lymph node dissection alone,,,,Modified Radical Mastectomy,AN,TUMOR FREE
TCGA-AN-A0FE,,,,,,,,,,,,,,,,,,,,,,,,,,,,,,,,,,,,,,,,,,,,,,,,,,,,,,,,,,,,,,,,,,,,,,,,,,,,,,,,,,1,,,,,,,,,
TCGA-AN-A0FF,32,M0,N0,Stage IA,,T1b,dextran coated charcoal,,0,5.65,0:DiseaseFree,,,,Positive,90-99%,NOT HISPANIC OR LATINO,,12/27/10,,,,,,,<10%,0,dextran coated charcoal,,Infiltrating Ductal Carcinoma,,No,No,C50.9,8500/3,C50.9,Negative,3,YES,2010,,0,0,14,,Pre (<6 months since LMP AND no prior bilateral ovariectomy AND not on estrogen replacement),,,,Tumor resection,,NO,,,,,,,,,,,,,5.65,0:LIVING,d5cab7f5-e4f1-40ee-a0c8-4c8004c1c9a0,Negative,,Left Upper Outer Quadrant,,NO,dextran coated charcoal,3+,,,Positive,90-99%,WHITE,,YES,1,Female,Breast,Axillary lymph node dissection alone,,,,Modified Radical Mastectomy,AN,TUMOR FREE
TCGA-AN-A0FG,,,,,,,,,,,,,,,,,,,,,,,,,,,,,,,,,,,,,,,,,,,,,,,,,,,,,,,,,,,,,,,,,,,,,,,,,,,,,,,,,,1,,,,,,,,,
TCGA-AN-A0FJ,59,M1,N2,Stage IV,,T2,dextran coated charcoal,,0,7.95,0:DiseaseFree,,,,Positive,10-19%,NOT HISPANIC OR LATINO,,12/27/10,,,,,,,40-49%,1,dextran coated charcoal,,Infiltrating Ductal Carcinoma,,No,No,C50.9,8500/3,C50.9,Positive,1,YES,2010,,8,0,14,,Peri (6-12 months since last menstrual period),,,,Tumor resection,,NO,,,,,,,,,,,,,7.95,0:LIVING,546248b0-22a0-4b70-a437-76fb0a238a0d,Negative,,Left Upper Outer Quadrant,,NO,dextran coated charcoal,0,,,Negative,<10%,WHITE,,YES,1,Female,Breast,Axillary lymph node dissection alone,,,,Modified Radical Mastectomy,AN,TUMOR FREE
TCGA-AN-A0FK,88,M0,N0,Stage IIIB,,T4,dextran coated charcoal,,0,7,0:DiseaseFree,,230,,Positive,90-99%,NOT HISPANIC OR LATINO,,12/20/10,,,,,,,20-29%,1,dextran coated charcoal,,Infiltrating Ductal Carcinoma,,No,No,C50.9,8500/3,C50.9,Positive,3,YES,2010,,0,0,7,,Post (prior bilateral ovariectomy OR >12 mo since LMP with no prior hysterectomy),,,,Tumor resection,,NO,,,,,,,,,,,,,7,0:LIVING,2f4cbedf-ed7e-45a2-bf34-f1d1e696bdde,Negative,,Right Lower Outer Quadrant,,NO,dextran coated charcoal,3+,230,,Positive,90-99%,WHITE,,YES,1,Female,Breast,Axillary lymph node dissection alone,,,,Modified Radical Mastectomy,AN,TUMOR FREE
TCGA-AN-A0FL,62,M0,N0,Stage IIA,,T2,dextran coated charcoal,,0,7.59,0:DiseaseFree,,,,Negative,<10%,NOT HISPANIC OR LATINO,,12/28/10,,,,,,,20-29%,1,dextran coated charcoal,,Infiltrating Ductal Carcinoma,,No,No,C50.9,8500/3,C50.9,Positive,1,YES,2010,,0,0,8,,Post (prior bilateral ovariectomy OR >12 mo since LMP with no prior hysterectomy),,,,Tumor resection,,NO,,,,,,,,,,,,,7.59,0:LIVING,baf1207d-7d1a-4cad-ba58-62c26be2415e,Negative,,Left Upper Inner Quadrant,,NO,dextran coated charcoal,1+,,,Negative,<10%,WHITE,,YES,1,Female,Breast,Axillary lymph node dissection alone,,,,Modified Radical Mastectomy,AN,TUMOR FREE
TCGA-AN-A0FN,61,M0,N0,Stage IA,7th,T1c,dextran coated charcoal,,0,7.16,0:DiseaseFree,,250,,Positive,90-99%,NOT HISPANIC OR LATINO,,12/28/10,,,,,,,20-29%,1,dextran coated charcoal,,Infiltrating Lobular Carcinoma,,No,No,C50.9,8500/3,C50.9,Positive,3,YES,2010,,0,0,10,,Post (prior bilateral ovariectomy OR >12 mo since LMP with no prior hysterectomy),,,,Tumor resection,,NO,,,,,,,,,,,,,7.16,0:LIVING,c2a742fe-3e8b-4210-85a6-7191a1123609,Negative,,Right Lower Outer Quadrant,,NO,dextran coated charcoal,1+,,,Positive,10-19%,WHITE,,YES,1,Female,Breast,Axillary lymph node dissection alone,,,,Modified Radical Mastectomy,AN,TUMOR FREE
TCGA-AN-A0FS,55,M0,N0,Stage IA,7th,T1c,dextran coated charcoal,,0,6.9,0:DiseaseFree,,230,,Positive,90-99%,NOT HISPANIC OR LATINO,,12/20/10,,,,,,,20-29%,1,dextran coated charcoal,,Infiltrating Lobular Carcinoma,,No,No,C50.9,8500/3,C50.9,Positive,3,YES,2010,,0,0,14,,Peri (6-12 months since last menstrual period),,,,Tumor resection,,NO,,,,,,,,,,,,,6.9,0:LIVING,10c9be1e-2cc0-45e4-8d2c-c013ea63ef05,Negative,,Right Lower Outer Quadrant,,NO,dextran coated charcoal,0,,,Negative,<10%,WHITE,,YES,1,Female,Breast,Axillary lymph node dissection alone,,,,Modified Radical Mastectomy,AN,TUMOR FREE
TCGA-AN-A0FT,63,M0,N1,Stage IIB,,T2,dextran coated charcoal,,0,7.03,0:DiseaseFree,,230,,Positive,90-99%,NOT HISPANIC OR LATINO,,12/28/10,,,,,,,90-99%,3,dextran coated charcoal,,Infiltrating Ductal Carcinoma,,No,No,C50.9,8500/3,C50.9,Positive,,YES,2010,,1,0,7,,Post (prior bilateral ovariectomy OR >12 mo since LMP with no prior hysterectomy),,,,Tumor resection,,NO,,,,,,,,,,,,,7.03,0:LIVING,baf5e81f-2322-41ec-9053-b9559a7993bc,Negative,,Right Lower Outer Quadrant,,NO,dextran coated charcoal,3+,,,Positive,90-99%,WHITE,,YES,1,Female,Breast,Axillary lymph node dissection alone,,,,Modified Radical Mastectomy,AN,TUMOR FREE
TCGA-AN-A0FV,58,M0,N0,Stage IIA,7th,T2,,,0,0.33,0:DiseaseFree,,0,,Negative,,NOT HISPANIC OR LATINO,,12/28/10,,,,,,,,3,,,Infiltrating Ductal Carcinoma,,No,No,C50.9,8500/3,C50.9,Positive,,YES,2010,,0,0,12,,Post (prior bilateral ovariectomy OR >12 mo since LMP with no prior hysterectomy),,,,Tumor resection,,NO,,,,,,,,,,,,,0.33,0:LIVING,2e8e70f2-c781-44c2-8f12-1f8c2f536aa3,Negative,,Right Upper Outer Quadrant,,NO,,,0,,Negative,,WHITE,,YES,1,Female,Breast,No axillary staging,,,,Modified Radical Mastectomy,AN,TUMOR FREE
TCGA-AN-A0FW,67,M0,N2,Stage IIIA,,T2,,,0,0.36,0:DiseaseFree,,180,,Positive,,NOT HISPANIC OR LATINO,,12/28/10,,,,,,,,1,,,Infiltrating Ductal Carcinoma,,No,No,C50.9,8500/3,C50.9,Negative,,YES,2010,,2,0,14,,Post (prior bilateral ovariectomy OR >12 mo since LMP with no prior hysterectomy),,,,Tumor resection,,NO,,,,,,,,,,,,,0.36,0:LIVING,e112b452-8850-4353-bfed-0dbdc243290b,Negative,,Left Upper Outer Quadrant,,NO,,,10,,Indeterminate,,WHITE,,YES,1,Female,Breast,No axillary staging,,,,Modified Radical Mastectomy,AN,TUMOR FREE
TCGA-AN-A0FX,52,M0,N0,Stage IIA,,T2,,,0,0.33,0:DiseaseFree,,0,,Negative,,NOT HISPANIC OR LATINO,,11/28/10,,,,,,,,1,,,Infiltrating Ductal Carcinoma,,No,No,C50.9,8500/3,C50.9,Positive,,YES,2010,,0,0,12,,Post (prior bilateral ovariectomy OR >12 mo since LMP with no prior hysterectomy),,,,Tumor resection,,NO,,,,,,,,,,,,,0.33,0:LIVING,13b860c3-8048-4dc9-9eb0-7480bc660837,Negative,,Left Upper Outer Quadrant,,NO,,,0,,Negative,,WHITE,,YES,1,Female,Breast,No axillary staging,,,,Modified Radical Mastectomy,AN,TUMOR FREE
TCGA-AN-A0FY,55,M0,N0,Stage IA,7th,T1c,,,0,0.33,0:DiseaseFree,,80,,Positive,,NOT HISPANIC OR LATINO,,12/29/10,,,,,,,,0,,,Infiltrating Ductal Carcinoma,,No,No,C50.9,8500/3,C50.9,Negative,,YES,2010,,0,0,11,,Post (prior bilateral ovariectomy OR >12 mo since LMP with no prior hysterectomy),,,,Tumor resection,,NO,,,,,,,,,,,,,0.33,0:LIVING,de75d0b9-0f47-4732-8df5-05c350cfcd32,Negative,,Left Upper Outer Quadrant,,NO,,,110,,Positive,,WHITE,,YES,1,Female,Breast,No axillary staging,,,,Modified Radical Mastectomy,AN,TUMOR FREE
TCGA-AN-A0FZ,45,M0,N2,Stage IIIA,,T2,,,0,0.33,0:DiseaseFree,,120,,Positive,,NOT HISPANIC OR LATINO,,12/29/10,,,,,,,,2,,,Infiltrating Ductal Carcinoma,,No,No,C50.9,8500/3,C50.9,Positive,,YES,2010,,1,0,14,,Pre (<6 months since LMP AND no prior bilateral ovariectomy AND not on estrogen replacement),,,,Tumor resection,,NO,,,,,,,,,,,,,0.33,0:LIVING,8240c4ae-f878-4882-aa07-7857c7ac52cf,Negative,,Left Upper Outer Quadrant,,NO,,,0,,Negative,,WHITE,,YES,1,Female,Breast,No axillary staging,,,,Modified Radical Mastectomy,AN,TUMOR FREE
TCGA-AN-A0G0,56,M0,N0,Stage IIA,,T2,,,0,0.53,0:DiseaseFree,,0,,Negative,,NOT HISPANIC OR LATINO,,12/29/10,,,,,,,,1,,,Infiltrating Ductal Carcinoma,,No,No,C50.9,8500/3,C50.9,Negative,,YES,2010,,0,0,23,,Post (prior bilateral ovariectomy OR >12 mo since LMP with no prior hysterectomy),,,,Tumor resection,,NO,,,,,,,,,,,,,0.53,0:LIVING,96312510-c126-485d-8109-ed81844a1dc3,Negative,,Right Upper Inner Quadrant,,NO,,,0,,Negative,,WHITE,,YES,1,Female,Breast,No axillary staging,,,,Modified Radical Mastectomy,AN,TUMOR FREE
TCGA-AN-A0XL,61,M0,N0,Stage IIA,7th,T2,,,0,5.35,0:DiseaseFree,,130,,Positive,,NOT HISPANIC OR LATINO,,3/25/11,,,,,,,,1,,,Infiltrating Ductal Carcinoma,,No,No,C50.9,8500/3,C50.9,Negative,,YES,2010,YES,0,,14,,Post (prior bilateral ovariectomy OR >12 mo since LMP with no prior hysterectomy),,,NO,Tumor resection,,,,,,,,,,,,,,,5.35,0:LIVING,4649dee3-b668-44cd-ab97-3834de3ef8f8,Negative,,Left Upper Outer Quadrant,,NO,,,60,,Positive,,WHITE,,YES,1,Female,Breast,,,,,,AN,TUMOR FREE
TCGA-AN-A0XN,68,M0,N2,Stage IIIA,7th,T2,,,0,0.33,0:DiseaseFree,,0,,Negative,,NOT HISPANIC OR LATINO,,3/25/11,,,,,,,,,,0,Infiltrating Ductal Carcinoma,,No,No,C50.9,8500/3,C50.9,Negative,,YES,2010,YES,1,,15,,Post (prior bilateral ovariectomy OR >12 mo since LMP with no prior hysterectomy),,,NO,Tumor resection,,,,,,,,,,,,,,,0.33,0:LIVING,4e3699da-4367-4a43-9d66-a117d3ad460d,Negative,,Right Upper Inner Quadrant,,NO,,,170,,Positive,,WHITE,,YES,1,Female,Breast,,,,,,AN,TUMOR FREE
TCGA-AN-A0XO,59,M0,N2,Stage IIIA,7th,T2,,,0,12.32,0:DiseaseFree,,180,,Positive,,NOT HISPANIC OR LATINO,,5/1/11,,,,,,,,1,,,Infiltrating Ductal Carcinoma,,No,No,C50.9,8500/3,C50.9,Negative,,YES,2010,YES,2,,12,,Post (prior bilateral ovariectomy OR >12 mo since LMP with no prior hysterectomy),,,NO,Tumor resection,,,,,,,,,,,,,,,12.32,0:LIVING,195b6731-6ae6-416e-a345-0eb8874a0ca2,Negative,,Left Upper Outer Quadrant,,NO,,,0,,Negative,,WHITE,,YES,1,Female,Breast,,,,,,AN,TUMOR FREE
TCGA-AN-A0XP,69,M0,N2,Stage IIIA,7th,T2,,,0,0.3,0:DiseaseFree,,260,,Positive,,NOT HISPANIC OR LATINO,,3/25/11,,,,,,,,2,,,Infiltrating Ductal Carcinoma,,No,No,C50.9,8500/3,C50.9,Positive,,YES,2010,YES,1,,19,,Post (prior bilateral ovariectomy OR >12 mo since LMP with no prior hysterectomy),,,NO,Tumor resection,,,,,,,,,,,,,,,0.3,0:LIVING,cf0e7e4e-b857-4db5-9ae2-551a899f77be,Negative,,Right Upper Inner Quadrant,,NO,,,140,,Positive,,WHITE,,YES,1,Female,Breast,,,,,,AN,
TCGA-AN-A0XR,55,M0,N2,Stage IIIA,7th,T2,,,0,0.33,0:DiseaseFree,,160,,Positive,,NOT HISPANIC OR LATINO,,3/25/11,,,,,,,,,,,Infiltrating Ductal Carcinoma,,No,No,C50.9,8500/3,C50.9,Negative,,YES,2010,YES,7,,14,,Post (prior bilateral ovariectomy OR >12 mo since LMP with no prior hysterectomy),,,NO,Tumor resection,,,,,,,,,,,,,,,0.33,0:LIVING,f51af6db-2655-47fb-9ffc-83a503a728ea,Negative,,Left Upper Outer Quadrant,,NO,,,0,,Negative,,WHITE,,YES,1,Female,Breast,,,,,,AN,
TCGA-AN-A0XS,63,M0,N2,Stage IIIA,7th,T2,,,0,0.33,0:DiseaseFree,,0,,Negative,,NOT HISPANIC OR LATINO,,3/28/11,,,,,,,,,,,Infiltrating Ductal Carcinoma,,No,No,C50.9,8500/3,C50.9,Negative,,YES,2010,YES,1,,11,,Post (prior bilateral ovariectomy OR >12 mo since LMP with no prior hysterectomy),,,NO,Tumor resection,,,,,,,,,,,,,,,0.33,0:LIVING,95e949d3-b1f3-46c6-9451-8fe92c99e4cf,Negative,,Left Upper Outer Quadrant,,NO,,,160,,Positive,,WHITE,,YES,1,Female,Breast,,,,,,AN,
TCGA-AN-A0XT,54,M0,N2,Stage IIIA,7th,T2,,,0,0.33,0:DiseaseFree,,120,,Positive,,NOT HISPANIC OR LATINO,,3/28/11,,,,,,,,,,,Infiltrating Ductal Carcinoma,,No,No,C50.9,8500/3,C50.9,Negative,,YES,2010,YES,1,,17,,Post (prior bilateral ovariectomy OR >12 mo since LMP with no prior hysterectomy),,,NO,Tumor resection,,,,,,,,,,,,,,,0.33,0:LIVING,3e25056d-d137-49f5-abaa-f68509426600,Negative,,Left Upper Outer Quadrant,,NO,,,0,,Negative,,WHITE,,YES,1,Female,Breast,,,,,,AN,
TCGA-AN-A0XU,54,M0,N0,Stage IIA,7th,T2,,,0,0.33,0:DiseaseFree,,0,,Negative,,NOT HISPANIC OR LATINO,,3/28/11,,,,,,,,,,,Infiltrating Ductal Carcinoma,,No,No,C50.9,8500/3,C50.9,Negative,,YES,2010,YES,0,,16,,Post (prior bilateral ovariectomy OR >12 mo since LMP with no prior hysterectomy),,,NO,Tumor resection,,,,,,,,,,,,,,,0.33,0:LIVING,a1da9db1-db11-4f4d-a249-c738db81b87e,Negative,,Left Upper Outer Quadrant,,NO,,,0,,Negative,,WHITE,,YES,1,Female,Breast,,,,,,AN,
TCGA-AN-A0XV,67,M0,N2,Stage IIIA,7th,T2,dextran coated charcoal,,0,5.32,0:DiseaseFree,,270 H,,Positive,90-99%,NOT HISPANIC OR LATINO,,3/29/11,,,,,,Negative,60-69%,2,,,Infiltrating Ductal Carcinoma,,No,No,C50.9,8500/3,C50.9,Positive,,YES,2010,YES,7,,16,,Post (prior bilateral ovariectomy OR >12 mo since LMP with no prior hysterectomy),,,NO,Tumor resection,,NO,,,,,,,,,,,,,5.32,0:LIVING,ac18b3a3-8d52-4e35-8625-673171a7fd92,Negative,,Right Upper Outer Quadrant,,NO,dextran coated charcoal,1+,90 H,3 Point Scale,Positive,30-39%,WHITE,,YES,1,Female,Breast,Axillary lymph node dissection alone,,,,,AN,
TCGA-AN-A0XW,36,M0,N2,Stage IIIA,7th,T2,dextran coated charcoal,,0,5.58,0:DiseaseFree,,240 H,3 Point Scale,Positive,90-99%,NOT HISPANIC OR LATINO,,3/29/11,,,,,,Negative,60-69%,2,,,Infiltrating Ductal Carcinoma,,No,No,C50.9,8500/3,C50.9,Positive,3,YES,2010,YES,1,,14,,Pre (<6 months since LMP AND no prior bilateral ovariectomy AND not on estrogen replacement),,,NO,Tumor resection,,NO,,,,,,,,,,,,,5.58,0:LIVING,39de7761-e762-4811-b95c-8216b79ae06b,Negative,,Left Upper Outer Quadrant,,NO,dextran coated charcoal,3+,240 H,3 Point Scale,Positive,90-99%,WHITE,,YES,1,Female,Breast,Sentinel node biopsy alone,,,,,AN,
TCGA-AO-A03L,34,M0,N2,Stage IIIA,6th,T3,,63,0,80.22,0:DiseaseFree,,,,Positive,70-79%,NOT HISPANIC OR LATINO,,12/7/10,30,,1,47,>= 2.0 Positive,Negative,10-19%,2,,,Infiltrating Ductal Carcinoma,,No,No,C50.9,8500/3,C50.9,Positive,2,YES,2003,,4,,17,,Pre (<6 months since LMP AND no prior bilateral ovariectomy AND not on estrogen replacement),,,,Core needle biopsy,,NO,,,,,,,,,,,,,80.22,0:LIVING,1174f6e4-ffbe-4e59-a000-8d861c968369,Negative,,Right Upper Inner Quadrant|Right Upper Outer Quadrant|Right Lower Inner Quadrant|Right Lower Outer Quadrant|Right,,NO,,2+,,,Positive,10-19%,ASIAN,,YES,1,Female,Breast,Sentinel lymph node biopsy plus axillary dissection,,,,Modified Radical Mastectomy,AO,TUMOR FREE
TCGA-AO-A03M,29,M0,N0 (i-),Stage I,6th,T1c,,,0,61.3,0:DiseaseFree,,,,Positive,70-79%,NOT HISPANIC OR LATINO,,1/9/11,,,1.3,,>= 2.0 Positive,Negative,30-39%,2,3+ Positive,,Infiltrating Ductal Carcinoma,,No,No,C50.9,8500/3,C50.9,Negative,2,YES,2006,,0,0,2,,Pre (<6 months since LMP AND no prior bilateral ovariectomy AND not on estrogen replacement),,,,Core needle biopsy,,YES,,,,,,,,,,,,,61.3,0:LIVING,095c7985-3842-494f-b591-706ad1cd2133,Negative,,Left Upper Outer Quadrant|Left,,NO,,3+,,,Positive,60-69%,WHITE,,YES,1,Female,Breast,Sentinel node biopsy alone,,,,Simple Mastectomy,AO,TUMOR FREE
TCGA-AO-A03N,59,M0,N1a,Stage IIB,6th,T2,,,0,54.04,1:Recurred/Progressed,,,,Positive,70-79%,NOT HISPANIC OR LATINO,,1/13/11,,,,,,,<10%,0,,,Infiltrating Ductal Carcinoma,,No,No,C50.9,8500/3,C50.9,Negative,3,YES,2006,,2,,19,,Post (prior bilateral ovariectomy OR >12 mo since LMP with no prior hysterectomy),,,,Core needle biopsy,,NO,,,,,,,,,,,,,66.72,0:LIVING,9435447e-d65f-408b-863b-6576b1d652dd,Negative,,Left Upper Inner Quadrant|Left Upper Outer Quadrant|Left,,NO,,1+,,,Positive,<10%,WHITE,,YES,1,Female,Breast,Sentinel lymph node biopsy plus axillary dissection,,,,Modified Radical Mastectomy,AO,WITH TUMOR
TCGA-AO-A03O,69,M0,N0 (i-),Stage IIA,,T2,>10% STAINING = POSITIVE,68,0,,,,,,Positive,,NOT HISPANIC OR LATINO,,9/19/10,29,,1.1,73,> = 2.0,Negative,<10%,1,3+ POSITIVE,,Infiltrating Ductal Carcinoma,,No,No,C50.9,8500/3,C50.9,Negative,,YES,2002,,0,0,17,,Post (prior bilateral ovariectomy OR >12 mo since LMP with no prior hysterectomy),,,,Core needle biopsy,,YES,,,,,,,,,,,,,81.57,1:DECEASED,1111fb30-46ce-4722-98da-ec9ba2323d90,Negative,,Right Upper Outer Quadrant|Right,,NO,,,>10% STAINING = POSITIVE,,Positive,,BLACK OR AFRICAN AMERICAN,,YES,1,Female,Breast,Sentinel lymph node biopsy plus axillary dissection,,,,Modified Radical Mastectomy,AO,TUMOR FREE
TCGA-AO-A03P,54,M0,N1,Stage IIB,6th,T2,,,0,63.14,1:Recurred/Progressed,,,,Positive,90-99%,NOT HISPANIC OR LATINO,,9/19/10,,,,,,,<10%,0,3+ POSITIVE,,Infiltrating Ductal Carcinoma,,No,No,C50.9,8500/3,C50.9,Negative,4,YES,2003,,0,2,26,,Post (prior bilateral ovariectomy OR >12 mo since LMP with no prior hysterectomy),,,,Core needle biopsy,,YES,,,,,,,,,,,,,95.63,1:DECEASED,2d4c778c-7f77-4f0a-8261-2086accf15fd,Close,,Right Upper Outer Quadrant|Right,,NO,,2+,,,Positive,40-49%,BLACK OR AFRICAN AMERICAN,,YES,1,Female,Breast,Sentinel lymph node biopsy plus axillary dissection,,,,Lumpectomy,AO,WITH TUMOR
TCGA-AO-A03R,57,M0,N1a,Stage IIB,,T2,,70,0,68.69,0:DiseaseFree,,,,Positive,90-99%,NOT HISPANIC OR LATINO,,9/19/10,28,,1.5,105,Ratio >=2.0,Negative,<10%,0,,,Infiltrating Ductal Carcinoma,,No,No,C50.9,8500/3,C50.9,Negative,2,YES,2005,,3,0,26,,Post (prior bilateral ovariectomy OR >12 mo since LMP with no prior hysterectomy),,,,Core needle biopsy,,NO,,,,,,,,,,,,,68.69,0:LIVING,2e82e576-3095-4aee-9853-65f676647c34,Negative,,Left Upper Inner Quadrant|Left Upper Outer Quadrant|Left,,NO,,2+,,,Positive,<10%,WHITE,,YES,1,Female,Breast,Sentinel lymph node biopsy plus axillary dissection,,,,Modified Radical Mastectomy,AO,TUMOR FREE
TCGA-AO-A03T,42,M0,N1a,Stage IIB,6th,T2,,,0,69.78,0:DiseaseFree,,,,Positive,90-99%,NOT HISPANIC OR LATINO,,9/19/10,,,,,,,<10%,0,3+ POSITIVE,,Infiltrating Ductal Carcinoma,,No,No,C50.9,8500/3,C50.9,Negative,2,YES,2007,,2,,12,,Pre (<6 months since LMP AND no prior bilateral ovariectomy AND not on estrogen replacement),,,,Core needle biopsy,,NO,,,,,,,,,,,,,69.78,0:LIVING,dd6b64a8-d546-4fd1-bbbd-ac9703791cae,Negative,,Left Upper Outer Quadrant|Left,,NO,,2+,,,Positive,60-69%,WHITE,,YES,1,Female,Breast,Sentinel lymph node biopsy plus axillary dissection,,,,Modified Radical Mastectomy,AO,TUMOR FREE
TCGA-AO-A03U,31,M0,N0 (i-),Stage I,6th,T1c,,,0,53.02,1:Recurred/Progressed,,,,Negative,<10%,NOT HISPANIC OR LATINO,,1/9/11,,,,,,Negative,<10%,0,3+ Positive,,"Other, specify",,No,No,C50.9,8502/3,C50.9,Negative,,YES,2001,,0,0,8,,Pre (<6 months since LMP AND no prior bilateral ovariectomy AND not on estrogen replacement),,,,Core needle biopsy,,YES,,,,,,,,,,,,,58.9,1:DECEASED,0685edd2-ce1c-4e0e-8dda-393139af4223,Negative,,Left Upper Inner Quadrant|Left Upper Outer Quadrant|Left Lower Inner Quadrant|Left Lower Outer Quadrant|Left,,NO,,,,,Negative,<10%,WHITE,,YES,1,Female,Breast,Sentinel node biopsy alone,,,,Simple Mastectomy,AO,TUMOR FREE
TCGA-AO-A03V,41,M0,N0 (i-),Stage I,6th,T1c,,,0,44.38,0:DiseaseFree,,,,Positive,90-99%,NOT HISPANIC OR LATINO,,1/9/11,,,,,,,<10%,0,3+ Positive,,Infiltrating Ductal Carcinoma,,No,No,C50.9,8500/3,C50.9,Negative,3,YES,2008,,0,0,2,,Peri (6-12 months since last menstrual period),,,,Core needle biopsy,,YES,,,,,,,,,,,,,44.38,0:LIVING,a6cb373a-1604-4e25-bd81-da6c3e4f06ee,Negative,,Left Upper Inner Quadrant|Left,,NO,,2+,,,Positive,80-89%,WHITE,,YES,1,Female,Breast,Sentinel node biopsy alone,,,,Simple Mastectomy,AO,TUMOR FREE
TCGA-AO-A0J2,41,M0,N0 (i-),Stage IA,,T1c,,2.4,0,32.75,0:DiseaseFree,,,,Negative,<10%,NOT HISPANIC OR LATINO,,9/19/10,40,,1.5,3.5,RATIO > 2.2,Negative,30-39%,2,3+ POSITIVE,,Infiltrating Ductal Carcinoma,,No,No,C50.9,8500/3,C50.9,Equivocal,,YES,2008,,0,0,5,,Pre (<6 months since LMP AND no prior bilateral ovariectomy AND not on estrogen replacement),,,,Core needle biopsy,,YES,,,,,,,,,,,,,32.75,0:LIVING,d2f2560c-ec80-4fea-9474-c47a2e85ea95,Negative,,Left Lower Inner Quadrant|Left,,NO,,,,,Negative,<10%,WHITE,,YES,1,Female,Breast,Sentinel node biopsy alone,,,,Simple Mastectomy,AO,TUMOR FREE
TCGA-AO-A0J3,67,M0,N1b,Stage IIB,,T2,,2.6,0,21.39,0:DiseaseFree,,,,Positive,<10%,NOT HISPANIC OR LATINO,,9/19/10,40,,0.9,2.4,Ratio >=2.2,Negative,10-19%,2,3+ Positive,,"Other, specify",,No,No,C50.9,8523/3,C50.9,Equivocal,4,YES,2009,,1,0,36,,Post (prior bilateral ovariectomy OR >12 mo since LMP with no prior hysterectomy),,,,Core needle biopsy,,YES,,,,,,,,,,,,,21.39,0:LIVING,39cde586-df95-435f-b9a6-73b0c0ee5e92,Negative,,Right Upper Inner Quadrant|Right Upper Outer Quadrant|Right Lower Inner Quadrant|Right Lower Outer Quadrant|Right,,NO,,4+,,,Positive,<10%,WHITE,,YES,1,Female,Breast,Axillary lymph node dissection alone,,,,Modified Radical Mastectomy,AO,TUMOR FREE
TCGA-AO-A0J4,41,M0,N0 (i-),Stage IA,,T1c,,,0,52.14,0:DiseaseFree,,,,Negative,<10%,NOT HISPANIC OR LATINO,,9/19/10,,,,,,,<10%,,3+ POSITIVE,,Infiltrating Ductal Carcinoma,,No,No,C50.9,8500/3,C50.9,Negative,,YES,2009,,0,0,4,,Pre (<6 months since LMP AND no prior bilateral ovariectomy AND not on estrogen replacement),,,,Core needle biopsy,,YES,,,,,,,,,,,,,52.14,0:LIVING,a9b7d7fe-be31-4f71-afee-c1bfdf511888,Negative,,Left Upper Outer Quadrant|Left,,NO,,,,,Negative,<10%,BLACK OR AFRICAN AMERICAN,,YES,1,Female,Breast,Sentinel node biopsy alone,,,,Lumpectomy,AO,TUMOR FREE
TCGA-AO-A0J5,48,M1,N1a,Stage IV,,T4,,64,0,,,,,,Positive,90-99%,NOT HISPANIC OR LATINO,,12/7/10,25,>2.2 Positive,1.1,71,,Negative,10-19%,2,3+ Positive,,"Other, specify",,Yes,No,C50.9,8523/3,C50.9,Equivocal,4,YES,2008,,2,,2,,Pre (<6 months since LMP AND no prior bilateral ovariectomy AND not on estrogen replacement),,Lung|Bone|Liver,,Core needle biopsy,,NO,,,,,,,,,,,,,26.02,1:DECEASED,c1442467-d618-435f-8792-b1a18f696f1a,Close,,Right Upper Inner Quadrant|Right Upper Outer Quadrant|Right Lower Inner Quadrant|Right Lower Outer Quadrant|Right,,NO,,,,,Negative,<10%,WHITE,,YES,1,Female,Breast,Axillary lymph node dissection alone,,,,Modified Radical Mastectomy,AO,WITH TUMOR
TCGA-AO-A0J6,61,M0,N0 (i-),Stage IIA,,T2,,,0,37.45,0:DiseaseFree,,,,Negative,<10%,NOT HISPANIC OR LATINO,,9/19/10,,,,,,,<10%,0,3+ POSITIVE,,Infiltrating Ductal Carcinoma,,No,No,C50.9,8500/3,C50.9,Negative,,YES,2008,,0,0,4,,Post (prior bilateral ovariectomy OR >12 mo since LMP with no prior hysterectomy),,,,Fine needle aspiration biopsy,,YES,,,,,,,,,,,,,37.45,0:LIVING,e9f4f373-37a5-48ad-a1a0-b0d47820111a,Negative,,Left Upper Outer Quadrant|Left,,NO,,,,,Negative,<10%,WHITE,,YES,1,Female,Breast,Sentinel node biopsy alone,,,,Lumpectomy,AO,TUMOR FREE
TCGA-AO-A0J7,71,M0,N1,Stage IIB,,T2,,,0,20.3,0:DiseaseFree,,,,Positive,90-99%,NOT HISPANIC OR LATINO,,9/19/10,,,,,,,<10%,1,3+ POSITIVE,,"Other, specify",,No,No,C50.9,8523/3,C50.9,Negative,4,YES,2009,,3,0,11,,Post (prior bilateral ovariectomy OR >12 mo since LMP with no prior hysterectomy),,,,Core needle biopsy,,NO,,,,,,,,,,,,,20.3,0:LIVING,9536bec0-dae0-4d63-a1b3-956741835243,Negative,,Left Upper Inner Quadrant|Left Lower Inner Quadrant|Left,,NO,,,,,Positive,<10%,WHITE,,YES,1,Female,Breast,Sentinel lymph node biopsy plus axillary dissection,,,,Modified Radical Mastectomy,AO,TUMOR FREE
TCGA-AO-A0J8,61,M0,N0 (i+),Stage IIA,,T2,,,0,22.34,0:DiseaseFree,,,,Positive,90-99%,NOT HISPANIC OR LATINO,,9/19/10,,,,,,,<10%,1,3+ POSITIVE,,Infiltrating Lobular Carcinoma,,No,No,C50.9,8520/3,C50.9,Negative,4,YES,2009,,0,1,2,,Post (prior bilateral ovariectomy OR >12 mo since LMP with no prior hysterectomy),,,,Core needle biopsy,,YES,,,,,,,,,,,,,22.34,0:LIVING,02bf5203-f9cd-4c5a-97b4-e5584dc22325,Negative,,Right Upper Outer Quadrant|Right,,NO,,3+,,,Positive,70-79%,WHITE,,YES,1,Female,Breast,Sentinel node biopsy alone,,,,Lumpectomy,AO,TUMOR FREE
TCGA-AO-A0J9,61,M0,N3,Stage IIIC,,T2,,127,0,35.02,1:Recurred/Progressed,,,,Positive,90-99%,NOT HISPANIC OR LATINO,,9/19/10,33,,1.2,149,RATIO >EQUAL 2.0,Negative,,,,,Infiltrating Lobular Carcinoma,,No,No,C50.9,8520/3,C50.9,,4,YES,2007,,15,0,32,Negative,Post (prior bilateral ovariectomy OR >12 mo since LMP with no prior hysterectomy),,,,Core needle biopsy,,NO,,,,,,,,,,,,,52.99,0:LIVING,a4903de8-6cf5-4541-8ec7-065beace8b44,Positive,,Right Upper Inner Quadrant|Right Upper Outer Quadrant|Right,,NO,,4+,,,Positive,30-39%,WHITE,,YES,1,Female,Breast,Sentinel lymph node biopsy plus axillary dissection,,Mastectomy NOS,,Lumpectomy,AO,WITH TUMOR
TCGA-AO-A0JA,36,M0,N3,Stage IIIC,,T2,,,0,4.7,1:Recurred/Progressed,,,,Positive,90-99%,NOT HISPANIC OR LATINO,,9/19/10,,,,,,,<10%,1,3+ POSITIVE,,Infiltrating Ductal Carcinoma,,No,No,C50.9,8500/3,C50.9,Negative,2,YES,2009,,11,,11,,Pre (<6 months since LMP AND no prior bilateral ovariectomy AND not on estrogen replacement),,,,Core needle biopsy,,NO,,,,,,,,,,,,,21.52,0:LIVING,86b7b206-8e69-432d-acc9-bccce710955e,Negative,,Right Upper Inner Quadrant|Right Lower Inner Quadrant|Right,,NO,,1+,,,Positive,<10%,BLACK OR AFRICAN AMERICAN,,YES,1,Female,Breast,Sentinel lymph node biopsy plus axillary dissection,,,,Modified Radical Mastectomy,AO,WITH TUMOR
TCGA-AO-A0JB,50,M0,N1a,Stage IIIA,,T3,,,0,50.66,0:DiseaseFree,,,,Positive,90-99%,NOT HISPANIC OR LATINO,,9/19/10,,,,,,,<10%,0,3+ POSITIVE,,Infiltrating Ductal Carcinoma,,No,No,C50.9,8500/3,C50.9,Negative,4,YES,2007,,1,0,14,,Pre (<6 months since LMP AND no prior bilateral ovariectomy AND not on estrogen replacement),,,,Core needle biopsy,,NO,,,,,,,,,,,,,50.66,0:LIVING,3ea9412b-429e-4dcf-90cd-c53be06885a1,Negative,,Left Upper Inner Quadrant|Left Upper Outer Quadrant|Left Lower Outer Quadrant|Left,,NO,,2+,,,Positive,60-69%,WHITE,,YES,1,Female,Breast,Axillary lymph node dissection alone,,,,Modified Radical Mastectomy,AO,TUMOR FREE
TCGA-AO-A0JC,64,M0,N0 (i-),Stage IIA,,T2,,,0,50.82,0:DiseaseFree,,,,Positive,90-99%,NOT HISPANIC OR LATINO,,9/20/10,,,,,,,<10%,0,3+ POSITIVE,,Infiltrating Ductal Carcinoma,,No,No,C50.9,8500/3,C50.9,Negative,4,YES,2006,,0,0,12,,Post (prior bilateral ovariectomy OR >12 mo since LMP with no prior hysterectomy),,,,Core needle biopsy,,YES,,,,,,,,,,,,,50.82,0:LIVING,03565036-b6d3-432f-8d9a-7099818e0788,Negative,,Right Upper Outer Quadrant|Right Lower Outer Quadrant|Right,,NO,,3+,,,Positive,50-59%,WHITE,,YES,1,Female,Breast,Sentinel lymph node biopsy plus axillary dissection,,,,Modified Radical Mastectomy,AO,TUMOR FREE
TCGA-AO-A0JD,59,M0,N1a,Stage IIIA,,T3,,49,0,71.94,0:DiseaseFree,,,,Positive,90-99%,NOT HISPANIC OR LATINO,,9/20/10,20,,1.4,68,RATIO > = 2.0,Negative,<10%,1,3+ POSITIVE,,Infiltrating Ductal Carcinoma,,No,No,C50.9,8500/3,C50.9,Negative,2,YES,2005,,3,0,27,,Post (prior bilateral ovariectomy OR >12 mo since LMP with no prior hysterectomy),,,,Core needle biopsy,,NO,,,,,,,,,,,,,71.94,0:LIVING,0a229f95-0ea1-4d63-953e-74f5ec2f3028,Negative,,Left Upper Outer Quadrant|Left,,NO,,2+,,,Positive,40-49%,WHITE,,YES,1,Female,Breast,Sentinel lymph node biopsy plus axillary dissection,,,,Modified Radical Mastectomy,AO,TUMOR FREE
TCGA-AO-A0JE,53,M0,N2a,Stage IIIA,,T2,,71,0,76.71,0:DiseaseFree,,,,Negative,<10%,NOT HISPANIC OR LATINO,,9/20/10,33,,3.8,269,RATIO > = 2.0,Positive,50-59%,3,3+ POSITIVE,,Infiltrating Ductal Carcinoma,,No,No,C50.9,8500/3,C50.9,Positive,,YES,2005,,8,0,29,,Post (prior bilateral ovariectomy OR >12 mo since LMP with no prior hysterectomy),,,,Core needle biopsy,,NO,,,,,,,,,,,,,76.71,0:LIVING,36fe6152-f61e-4948-9ccc-23ac01a9d77d,Positive,,Right Lower Outer Quadrant|Right,,NO,,,,,Negative,<10%,BLACK OR AFRICAN AMERICAN,,YES,1,Female,Breast,Sentinel lymph node biopsy plus axillary dissection,,,,Lumpectomy,AO,TUMOR FREE
TCGA-AO-A0JF,68,M0,N1a,Stage IIA,,T1c,,,0,65.05,0:DiseaseFree,,,,Positive,90-99%,NOT HISPANIC OR LATINO,,9/20/10,,,,,,,<10%,1,3+ POSITIVE,,Infiltrating Ductal Carcinoma,,No,No,C50.9,8500/3,C50.9,Negative,4,YES,2009,,2,0,14,,Post (prior bilateral ovariectomy OR >12 mo since LMP with no prior hysterectomy),,,,Core needle biopsy,,NO,,,,,,,,,,,,,65.05,0:LIVING,f357fe19-5359-4662-8ce9-aa996132283b,Negative,,Left Upper Outer Quadrant|Left,,NO,,2+,,,Positive,70-79%,WHITE,,YES,1,Female,Breast,Sentinel lymph node biopsy plus axillary dissection,,,,Lumpectomy,AO,TUMOR FREE
TCGA-AO-A0JG,49,M0,N2a,Stage IIIA,,T2,,,0,26.22,0:DiseaseFree,,,,Positive,90-99%,NOT HISPANIC OR LATINO,,9/20/10,,,,,,,<10%,1,3+ POSITIVE,,"Other, specify",,No,No,C50.9,8523/3,C50.9,Negative,4,YES,2009,,4,0,19,,Post (prior bilateral ovariectomy OR >12 mo since LMP with no prior hysterectomy),,,,Core needle biopsy,,NO,,,,,,,,,,,,,26.22,0:LIVING,58959e88-54e2-4558-9664-2effda7403dc,Close,,Right Lower Outer Quadrant|Right,,NO,,3+,,,Positive,10-19%,WHITE,,YES,1,Female,Breast,Axillary lymph node dissection alone,,,,Modified Radical Mastectomy,AO,TUMOR FREE
TCGA-AO-A0JI,56,M0,N1,Stage IIA,,T1c,,,0,50.2,0:DiseaseFree,,,,Positive,90-99%,NOT HISPANIC OR LATINO,,12/7/10,,,,,,,<10%,1,3+ Positive,,Infiltrating Ductal Carcinoma,,No,No,C50.9,8500/3,C50.9,Negative,4,YES,2007,,0,1,10,,Post (prior bilateral ovariectomy OR >12 mo since LMP with no prior hysterectomy),,,,Core needle biopsy,,YES,,,,,,,,,,,,,50.2,0:LIVING,e17c565c-9857-4df3-a352-903b53093c85,Negative,,Left Upper Outer Quadrant|Left,,NO,,,,,Negative,<10%,WHITE,,YES,1,Female,Breast,Sentinel lymph node biopsy plus axillary dissection,,,,Modified Radical Mastectomy,AO,TUMOR FREE
TCGA-AO-A0JJ,54,M0,N1a,Stage IIB,,T2,,,0,61.99,0:DiseaseFree,,,,Positive,90-99%,NOT HISPANIC OR LATINO,,9/20/10,,,,,,,<10%,0,3+ POSITIVE,,Infiltrating Lobular Carcinoma,,No,No,C50.9,8520/3,C50.9,Negative,4,YES,2006,,2,,44,,Post (prior bilateral ovariectomy OR >12 mo since LMP with no prior hysterectomy),,,,Core needle biopsy,,NO,,,,,,,,,,,,,61.99,0:LIVING,bef7b135-a727-45e8-850a-cc4cd56c49aa,Negative,,Left Upper Outer Quadrant|Left,,NO,,3+,,,Positive,70-79%,WHITE,,YES,1,Female,Breast,Sentinel lymph node biopsy plus axillary dissection,,,,Modified Radical Mastectomy,AO,TUMOR FREE
TCGA-AO-A0JL,59,M0,N2a,Stage IIIA,,T2,,50,0,55.29,0:DiseaseFree,,,,Negative,<10%,NOT HISPANIC OR LATINO,,9/20/10,21,,2.6,131,RATIO > = 2.0,Positive,<10%,1,3+ POSITIVE,,Infiltrating Ductal Carcinoma,,No,No,C50.9,8500/3,C50.9,Negative,,YES,2006,,7,,26,,Post (prior bilateral ovariectomy OR >12 mo since LMP with no prior hysterectomy),,,,Core needle biopsy,,NO,,,,,,,,,,,,,55.29,0:LIVING,d5d8e76e-2f2a-49bc-ba0a-d51283611b16,Negative,,Left Upper Outer Quadrant|Left Lower Outer Quadrant|Left,,NO,,,,,Negative,<10%,WHITE,,YES,1,Female,Breast,Axillary lymph node dissection alone,,,,Modified Radical Mastectomy,AO,TUMOR FREE
TCGA-AO-A0JM,40,M0,N1,Stage IIB,,T2,,74,0,71.75,0:DiseaseFree,,,,Positive,90-99%,HISPANIC OR LATINO,,9/20/10,30,,5,366,,Positive,70-79%,3,3+ POSITIVE,,Infiltrating Ductal Carcinoma,,No,No,C50.9,8500/3,C50.9,Positive,2,YES,2005,,2,,23,,Pre (<6 months since LMP AND no prior bilateral ovariectomy AND not on estrogen replacement),,,,Core needle biopsy,,NO,,,,,,,,,,,,,71.75,0:LIVING,44bec761-b603-49c0-8634-f6bfe0319bb1,Negative,,Right Lower Inner Quadrant|Right Lower Outer Quadrant|Right,,NO,,1+,,,Positive,<10%,,,YES,1,Female,Breast,Sentinel lymph node biopsy plus axillary dissection,,,,Modified Radical Mastectomy,AO,TUMOR FREE
TCGA-AO-A124,38,M0,N0 (i-),Stage IIA,5th,T2,,,0,115.18,0:DiseaseFree,,,,Negative,<10%,NOT HISPANIC OR LATINO,,12/7/10,,,,,,,<10%,0,3+ Positive,,"Other, specify",,No,No,C50.9,8523/3,C50.9,Negative,,YES,2002,,0,0,18,,Pre (<6 months since LMP AND no prior bilateral ovariectomy AND not on estrogen replacement),,,,Core needle biopsy,,YES,,,,,,,,,,,,,115.18,0:LIVING,b094e8b2-8ece-4b36-8025-18073a8b873c,Negative,,Left,,NO,,,,,Negative,<10%,WHITE,,YES,1,Female,Breast,Sentinel lymph node biopsy plus axillary dissection,,,,Modified Radical Mastectomy,AO,TUMOR FREE
TCGA-AO-A125,72,M0,N0 (i-),Stage IIA,5th,T2,,,0,113.53,0:DiseaseFree,,,,Positive,50-59%,NOT HISPANIC OR LATINO,,12/7/10,,,1,,>=2.0 Positive,Negative,<10%,0,3+ Positive,,"Other, specify",,No,No,C50.9,8050/3,C50.9,Negative,3,YES,2002,,0,0,5,,Post (prior bilateral ovariectomy OR >12 mo since LMP with no prior hysterectomy),,,,Core needle biopsy,,YES,,,,,,,,,,,,,113.53,0:LIVING,8577ffcb-242e-40e2-98d4-2831d952be34,Negative,,Left Upper Inner Quadrant|Left Upper Outer Quadrant|Left,,NO,,4+,,,Positive,90-99%,BLACK OR AFRICAN AMERICAN,,YES,1,Female,Breast,Sentinel node biopsy alone,,,,Simple Mastectomy,AO,TUMOR FREE
TCGA-AO-A126,39,M0,N0 (i-),Stage IIA,,T2,,69,0,8.77,1:Recurred/Progressed,,,,Positive,10-19%,NOT HISPANIC OR LATINO,,12/7/10,30,,1.1,74,>=2.2 Positive,Negative,<10%,1,3+ Positive,,Infiltrating Ductal Carcinoma,,No,No,C50.9,8500/3,C50.9,Negative,2,YES,2002,,0,0,5,,Pre (<6 months since LMP AND no prior bilateral ovariectomy AND not on estrogen replacement),,,,Core needle biopsy,,YES,,,,,,,,,,,,,108.64,0:LIVING,cc0902fd-a2fc-4327-929e-d4219e32e1d7,Negative,,Right Upper Inner Quadrant|Right,,NO,,2+,,,Positive,10-19%,ASIAN,,YES,1,Female,Breast,Sentinel node biopsy alone,,,,Simple Mastectomy,AO,TUMOR FREE
TCGA-AO-A128,61,M0,N0 (i-),Stage IIA,,T2,,49,0,106.7,0:DiseaseFree,,,,Negative,<10%,NOT HISPANIC OR LATINO,,12/7/10,30,,1,52,>=2.0 Positive,Negative,<10%,0,3+ Positive,,Infiltrating Ductal Carcinoma,,No,No,C50.9,8500/3,C50.9,Negative,,YES,2002,,0,0,15,,Post (prior bilateral ovariectomy OR >12 mo since LMP with no prior hysterectomy),,,,Fine needle aspiration biopsy,,YES,,,,,,,,,,,,,106.7,0:LIVING,016caf42-4e19-4444-ab5d-6cf1e76c4afa,Negative,,Right Lower Outer Quadrant|Right,,NO,,,,,Negative,<10%,WHITE,,YES,1,Female,Breast,Sentinel node biopsy alone,,,,Lumpectomy,AO,TUMOR FREE
TCGA-AO-A129,29,M0,N1a,Stage IIB,5th,T2,,49,0,107.95,0:DiseaseFree,,,,Negative,<10%,NOT HISPANIC OR LATINO,,12/8/10,31,,1,52,>=2.0 Positive,Negative,<10%,0,3+ Positive,,Infiltrating Ductal Carcinoma,,No,No,C50.9,8500/3,C50.9,Negative,,YES,2002,,2,,21,,Pre (<6 months since LMP AND no prior bilateral ovariectomy AND not on estrogen replacement),,,,Core needle biopsy,,NO,,,,,,,,,,,,,107.95,0:LIVING,c70ee5e1-4703-4996-bb5c-f4cca0fb53ba,Negative,,Left Lower Outer Quadrant|Left,,NO,,,,,Negative,<10%,WHITE,,YES,1,Female,Breast,Axillary lymph node dissection alone,,,,Modified Radical Mastectomy,AO,TUMOR FREE
TCGA-AO-A12A,47,M0,N0 (i+),Stage IIA,6th,T2,,58,0,102.23,0:DiseaseFree,,,,Positive,90-99%,NOT HISPANIC OR LATINO,,12/8/10,30,,1,61,>=2.0 Positive,Negative,<10%,1,3+ Positive,,Infiltrating Ductal Carcinoma,,No,No,C50.9,8500/3,C50.9,Negative,2,YES,2003,,0,1,27,,Pre (<6 months since LMP AND no prior bilateral ovariectomy AND not on estrogen replacement),,,,Core needle biopsy,,YES,,,,,,,,,,,,,102.23,0:LIVING,99927651-34be-4795-893a-128d8a1fdb30,Close,,Right Upper Outer Quadrant|Right,,NO,,4+,,,Positive,90-99%,WHITE,,YES,1,Female,Breast,Sentinel lymph node biopsy plus axillary dissection,,,,Modified Radical Mastectomy,AO,TUMOR FREE
TCGA-AO-A12B,63,M0,N0 (i-),Stage IIA,6th,T2,,,0,98.19,0:DiseaseFree,,,,Positive,90-99%,HISPANIC OR LATINO,,12/8/10,,,,,,,<10%,0,3+ Positive,,Infiltrating Ductal Carcinoma,,No,No,C50.9,8500/3,C50.9,Negative,4,YES,2004,,0,0,2,,Post (prior bilateral ovariectomy OR >12 mo since LMP with no prior hysterectomy),,,,Core needle biopsy,,YES,,,,,,,,,,,,,98.19,0:LIVING,f6ed684f-ee7a-496c-80d5-6eacd494d16a,Negative,,Right Upper Inner Quadrant|Right Lower Inner Quadrant|Right,,NO,,4+,,,Positive,90-99%,WHITE,,YES,1,Female,Breast,Sentinel node biopsy alone,,,,Simple Mastectomy,AO,TUMOR FREE
TCGA-AO-A12C,42,M0,N1a,Stage IIB,6th,T2,,78,0,77.92,0:DiseaseFree,,,,Positive,90-99%,NOT HISPANIC OR LATINO,,12/8/10,30,,1.6,125,>=2.0 Positive,Negative,90-99%,3,3+ Positive,,Infiltrating Ductal Carcinoma,,No,No,C50.9,8500/3,C50.9,Positive,2,YES,2005,,2,,31,Negative,Pre (<6 months since LMP AND no prior bilateral ovariectomy AND not on estrogen replacement),,,,Core needle biopsy,,NO,,,,,,,,,,,,,77.92,0:LIVING,71626753-cc34-4731-abc0-ae188b0964e7,Positive,,Left Upper Outer Quadrant|Left,,NO,,2+,,,Positive,40-49%,WHITE,,YES,1,Female,Breast,Sentinel lymph node biopsy plus axillary dissection,,Modified radical mastectomy,,Lumpectomy,AO,TUMOR FREE
TCGA-AO-A12D,43,M0,N1a,Stage IIA,6th,T1c,,66,0,82.62,0:DiseaseFree,,,,Negative,<10%,NOT HISPANIC OR LATINO,,12/8/10,32,,6.7,441,>=2.0 Positive,Positive,90-99%,3,3+ Positive,,Infiltrating Ductal Carcinoma,,No,No,C50.9,8500/3,C50.9,Positive,,YES,2005,,1,0,16,,Pre (<6 months since LMP AND no prior bilateral ovariectomy AND not on estrogen replacement),,,,Core needle biopsy,,YES,,,,,,,,,,,,,82.62,0:LIVING,2fe854b4-bac9-4801-9a1c-ee99388e8082,Negative,,Left Upper Outer Quadrant|Left,,NO,,,,,Negative,<10%,WHITE,,YES,1,Female,Breast,Sentinel lymph node biopsy plus axillary dissection,,,,Modified Radical Mastectomy,AO,TUMOR FREE
TCGA-AO-A12E,51,M0,N0 (i+),Stage IIB,6th,T3,,,0,70.37,0:DiseaseFree,,,,Positive,80-89%,NOT HISPANIC OR LATINO,,12/8/10,,,,,,,<10%,0,3+ Positive,,Infiltrating Lobular Carcinoma,,No,No,C50.9,8520/3,C50.9,Negative,2,YES,2005,,0,1,13,,Pre (<6 months since LMP AND no prior bilateral ovariectomy AND not on estrogen replacement),,,,Core needle biopsy,,YES,,,,,,,,,,,,,70.37,0:LIVING,2cbeadff-a8a3-4787-9d4e-f6b74c3ab5d9,Negative,,Right Lower Inner Quadrant|Right Lower Outer Quadrant|Right,,NO,,2+,,,Positive,40-49%,WHITE,,YES,1,Female,Breast,Axillary lymph node dissection alone,,,,Modified Radical Mastectomy,AO,TUMOR FREE
TCGA-AO-A12F,36,M0,N0 (i-),Stage IIA,6th,T2,,,0,60.51,0:DiseaseFree,,,,Negative,<10%,NOT HISPANIC OR LATINO,,12/8/10,,,,,,,<10%,1,3+ Positive,,Infiltrating Ductal Carcinoma,,No,No,C50.9,8500/3,C50.9,Negative,,YES,2006,,0,0,17,,Pre (<6 months since LMP AND no prior bilateral ovariectomy AND not on estrogen replacement),,,,Core needle biopsy,,YES,,,,,,,,,,,,,60.51,0:LIVING,495f9eda-b9be-4eef-bae1-766a4bfbd68e,Negative,,Right Upper Outer Quadrant|Right,,NO,,,,,Negative,<10%,WHITE,,YES,1,Female,Breast,Sentinel node biopsy alone,,,,Simple Mastectomy,AO,TUMOR FREE
TCGA-AO-A12G,75,M0,N0 (i+),Stage IIA,6th,T2,,67,0,53.84,0:DiseaseFree,,,,Positive,90-99%,NOT HISPANIC OR LATINO,,12/8/10,23,,1,66,>=2.0 Positive,Negative,,2,,,"Other, specify",,No,No,C50.9,8022/3,C50.9,Positive,4,YES,2006,,0,1,4,,Post (prior bilateral ovariectomy OR >12 mo since LMP with no prior hysterectomy),,,,Core needle biopsy,,YES,,,,,,,,,,,,,53.84,0:LIVING,58c56d4b-3f85-4aad-a779-5f9e1791677d,Negative,,Right Upper Outer Quadrant|Right,,NO,,2+,,,Positive,30-39%,WHITE,,YES,1,Female,Breast,Sentinel node biopsy alone,,,,Simple Mastectomy,AO,TUMOR FREE
TCGA-AO-A12H,69,M0,N0 (i-),Stage IIA,6th,T2,,,0,40.54,0:DiseaseFree,,,,Positive,90-99%,NOT HISPANIC OR LATINO,,12/8/10,,,,,,,<10%,0,3+ Positive,,"Other, specify",,No,No,C50.9,8523/3,C50.9,Negative,4,YES,2008,,0,0,10,,Pre (<6 months since LMP AND no prior bilateral ovariectomy AND not on estrogen replacement),,,,Core needle biopsy,,YES,,,,,,,,,,,,,40.54,0:LIVING,b5b99291-507e-4b68-a039-9a0f571f55df,Negative,,Right Upper Outer Quadrant|Right,,NO,,2+,,,Positive,<10%,BLACK OR AFRICAN AMERICAN,,YES,1,Female,Breast,Sentinel node biopsy alone,,,,Simple Mastectomy,AO,TUMOR FREE
TCGA-AO-A1KO,46,M0,N0 (i+),Stage IIB,6th,T3,,,0,20.43,0:DiseaseFree,,,4 Point Scale,Positive,90-99%,NOT HISPANIC OR LATINO,,4/1/11,,,,,,,<10%,1,,,Infiltrating Lobular Carcinoma,,No,No,C50.9,8520/3,C50.9,Negative,4,YES,2008,YES,0,1,19,,Pre (<6 months since LMP AND no prior bilateral ovariectomy AND not on estrogen replacement),,,NO,Excisional Biopsy,,YES,,,,,,,,,,,,,20.43,0:LIVING,c25898b4-eb33-42f4-bf3f-bf532a929e7d,Negative,,Left Upper Outer Quadrant|Left Lower Outer Quadrant|Left,,NO,,4+,,4 Point Scale,Positive,90-99%,WHITE,,YES,1,Female,Breast,Sentinel lymph node biopsy plus axillary dissection,,,,Simple Mastectomy,AO,TUMOR FREE
TCGA-AO-A1KP,77,M0,N1,Stage IIA,6th,T1,,,0,97.01,0:DiseaseFree,,,4 Point Scale,Positive,80-89%,NOT HISPANIC OR LATINO,,4/1/11,,,1.3,,>=2.0 Positive,Negative,<10%,1,,,Infiltrating Ductal Carcinoma,,No,No,C50.9,8500/3,C50.9,Negative,4,YES,2003,YES,0,1,9,,Post (prior bilateral ovariectomy OR >12 mo since LMP with no prior hysterectomy),,,NO,Core needle biopsy,,YES,,,,,,,,,,,,,97.01,0:LIVING,3aaabc62-f5a4-4025-9b29-5adf82c86c84,Negative,,Left Lower Inner Quadrant|Left Lower Outer Quadrant|Left,,NO,,4+,,4 Point Scale,Positive,40-49%,WHITE,,YES,1,Female,Breast,Sentinel lymph node biopsy plus axillary dissection,,,,Simple Mastectomy,AO,TUMOR FREE
TCGA-AO-A1KQ,84,M0,N1,Stage IIIB,6th,T4,,,0,61.83,0:DiseaseFree,,,4 Point Scale,Positive,90-99%,NOT HISPANIC OR LATINO,,4/1/11,,,,,,,<10%,1,,,Infiltrating Ductal Carcinoma,,No,No,C50.9,8500/3,C50.9,Negative,4,YES,2006,YES,2,0,9,,,,,NO,Core needle biopsy,,NO,,,,,,,,,,,,,61.83,0:LIVING,d2219a3f-4c55-4dee-9b08-c6f330dd1acf,Negative,,Left Upper Inner Quadrant|Left Upper Outer Quadrant|Left Lower Inner Quadrant|Left,,NO,,3+,,4 Point Scale,Positive,80-89%,WHITE,,YES,1,Male,Breast,Sentinel lymph node biopsy plus axillary dissection,,,,Modified Radical Mastectomy,AO,TUMOR FREE
TCGA-AO-A1KR,51,M0,N0,Stage IIA,6th,T2,,,0,82.56,0:DiseaseFree,,,4 Point Scale,Negative,,NOT HISPANIC OR LATINO,,9/15/11,,,,1,,Negative,,1,,,Infiltrating Ductal Carcinoma,,No,No,C50.9,8500/3,C50.9,Negative,,YES,2005,YES,0,0,4,,Pre (<6 months since LMP AND no prior bilateral ovariectomy AND not on estrogen replacement),,,NO,Core needle biopsy,,YES,,,,,,,,,,,,,82.56,0:LIVING,b7f74ae1-6f58-447c-be50-a7666eb19d9a,Negative,,Right Upper Inner Quadrant,,NO,,,,3 Point Scale,Negative,,WHITE,,YES,1,Female,Breast,Sentinel node biopsy alone,,,,Simple Mastectomy,AO,TUMOR FREE
TCGA-AO-A1KS,69,M0,N0 (i-),Stage IIA,7th,T2,,3.2,0,11.5,0:DiseaseFree,,,4 Point Scale,Positive,90-99%,NOT HISPANIC OR LATINO,,4/1/11,40,,1,3.2,Positive >2.2,Negative,10-19%,2,,,Infiltrating Lobular Carcinoma,,No,No,C50.9,8520/3,C50.9,Equivocal,4,YES,2010,YES,0,0,5,,Post (prior bilateral ovariectomy OR >12 mo since LMP with no prior hysterectomy),,,NO,Core needle biopsy,,YES,,,,,,,,,,,,,11.5,0:LIVING,bb8d42d3-ad65-4d88-ae1d-f9aadfc7962d,Negative,,Left Lower Inner Quadrant|Left Lower Outer Quadrant|Left,,NO,,2+,,4 Point Scale,Positive,90-99%,WHITE,,YES,1,Female,Breast,Sentinel node biopsy alone,,,,Lumpectomy,AO,TUMOR FREE
TCGA-AO-A1KT,78,M0,N1,Stage IIA,6th,T1,,1.7,0,17.77,0:DiseaseFree,,,4 Point Scale,Positive,90-99%,NOT HISPANIC OR LATINO,,4/1/11,40,,1.4,2.4,>2.2 Positive,Negative,10-19%,2,,,Infiltrating Ductal Carcinoma,,No,,C50.9,8500/3,C50.9,Equivocal,4,YES,2009,YES,1,1,5,,Post (prior bilateral ovariectomy OR >12 mo since LMP with no prior hysterectomy),,,NO,Core needle biopsy,,YES,,,,,,,,,,,,,17.77,0:LIVING,1f8f87cb-8a0b-474c-97fb-c71b4fd88d97,Negative,,Left Upper Outer Quadrant|Left,,NO,,4+,,4 Point Scale,Positive,40-49%,WHITE,,YES,1,Female,Breast,Sentinel node biopsy alone,,,,Lumpectomy,AO,TUMOR FREE
TCGA-AQ-A04H,61,MX,N2a,Stage IIIA,6th,T2,,,0,24.77,0:DiseaseFree,,>10%,,Positive,90-99%,NOT HISPANIC OR LATINO,,12/15/10,30,,3.2,,,Positive,,2,,,Infiltrating Ductal Carcinoma,,No,No,C50.9,8500/3,C50.9,Indeterminate,,YES,2009,,4,,15,,Post (prior bilateral ovariectomy OR >12 mo since LMP with no prior hysterectomy),,,,Core needle biopsy,,NO,,,,,,,,,,,,,24.77,0:LIVING,83f943c7-3975-4b4f-985d-9c057741793b,Negative,,Left Lower Inner Quadrant,,NO,,,>10%,,Positive,20-29%,WHITE,,YES,1,Female,Breast,Axillary lymph node dissection alone,,,,Modified Radical Mastectomy,AQ,TUMOR FREE
TCGA-AQ-A04J,45,M0,N0 (i+),Stage IIA,,T2,,,0,26.91,0:DiseaseFree,,,,Negative,<10%,NOT HISPANIC OR LATINO,,10/15/10,,,,,,,<10%,0,,,Infiltrating Ductal Carcinoma,,No,No,C50.9,8500/3,C50.9,Negative,0,YES,2009,,0,0,20,,Pre (<6 months since LMP AND no prior bilateral ovariectomy AND not on estrogen replacement),,,,Core needle biopsy,,NO,,,,,,,,,,,,,26.91,0:LIVING,9938ce5c-e74e-446e-a932-f096f85cc3b1,Negative,,Right Upper Outer Quadrant,,NO,,0,,,Negative,<10%,WHITE,,YES,1,Female,Breast,Axillary lymph node dissection alone,,,,Simple Mastectomy,AQ,TUMOR FREE
TCGA-AQ-A04L,48,MX,N0 (i-),Stage IIA,5th,T2,,,0,129.99,0:DiseaseFree,,,,Positive,60-69%,NOT HISPANIC OR LATINO,,12/15/10,,,,,,,,3,,,Infiltrating Ductal Carcinoma,,No,No,C50.9,8500/3,C50.9,Positive,2,YES,2001,,0,,2,,Peri (6-12 months since last menstrual period),,,,Fine needle aspiration biopsy,,NO,,,,,,,,,,,,,129.99,0:LIVING,78582fbc-dcc7-48ae-9f95-5271c9bc5b72,Negative,,Right,,NO,,,,,Negative,,WHITE,,YES,1,Female,Breast,Sentinel node biopsy alone,,,,Modified Radical Mastectomy,AQ,TUMOR FREE
TCGA-AQ-A0Y5,70,MX,N2a,Stage IIIA,7th,T2,,,0,,,,,,Positive,70-79%,NOT HISPANIC OR LATINO,,4/7/11,,,3.8,,,Positive,,2,,,Infiltrating Ductal Carcinoma,,Yes,Yes,C50.9,8500/3,C50.9,Positive,,YES,2010,YES,5,,17,,Post (prior bilateral ovariectomy OR >12 mo since LMP with no prior hysterectomy),,,NO,Core needle biopsy,,NO,,,,,,,,,,,,,5.65,1:DECEASED,d0b78f3f-a198-437a-ab8c-204345d3b75d,Negative,,Right,,YES,,,,,Positive,40-49%,WHITE,,NO,1,Female,Breast,Sentinel lymph node biopsy plus axillary dissection,,,,Modified Radical Mastectomy,AQ,TUMOR FREE
TCGA-AQ-A1H2,84,MX,N2a,Stage IIIA,7th,T2,,,0,15.6,0:DiseaseFree,,,,Positive,90-99%,NOT HISPANIC OR LATINO,,4/20/11,,,2.7,,,Positive,,2,,,Infiltrating Ductal Carcinoma,,No,No,C50.9,8500/3,C50.9,Indeterminate,,YES,2010,YES,13,,19,,Post (prior bilateral ovariectomy OR >12 mo since LMP with no prior hysterectomy),,,NO,Core needle biopsy,,NO,,,,,,,,,,,,,15.6,0:LIVING,4d120899-9a80-4736-b097-285e9e261bcb,Negative,,Right Upper Outer Quadrant,,YES,,,,,Positive,10-19%,WHITE,,NO,1,Female,Breast,Axillary lymph node dissection alone,,,,Modified Radical Mastectomy,AQ,TUMOR FREE
TCGA-AQ-A1H3,49,MX,N3a,Stage IIIC,7th,T2,,,0,32.49,0:DiseaseFree,,,,Positive,90-99%,NOT HISPANIC OR LATINO,,4/20/11,,,,,,,,1,,,Infiltrating Ductal Carcinoma,,No,No,C50.9,8500/3,C50.9,Negative,,YES,2010,YES,14,,23,,Pre (<6 months since LMP AND no prior bilateral ovariectomy AND not on estrogen replacement),,,NO,Core needle biopsy,,NO,,,,,,,,,,,,,32.49,0:LIVING,82ec33dd-e783-4c74-9a87-797a699e11df,Negative,,Right Upper Outer Quadrant,,YES,,,,,Positive,80-89%,WHITE,,NO,1,Female,Breast,Sentinel lymph node biopsy plus axillary dissection,,,,Modified Radical Mastectomy,AQ,TUMOR FREE
TCGA-AQ-A54N,51,M0,N0,Stage IIA,7th,T2,,,0,2.56,0:DiseaseFree,,,,Negative,,HISPANIC OR LATINO,,2/26/13,,,1.1,,,Negative,,2,,,Infiltrating Ductal Carcinoma,,No,Yes,C50.9,8500/3,C50.9,Equivocal,,YES,2011,YES,0,0,1,,Post (prior bilateral ovariectomy OR >12 mo since LMP with no prior hysterectomy),,,,Core needle biopsy,,YES,NO,,,,,,,,,,,,2.56,0:LIVING,58090433-D8D1-4499-A235-810C3E9D5B74,Negative,NO,Left Lower Inner Quadrant,,YES,,,,,Negative,,BLACK OR AFRICAN AMERICAN,NO,NO,1,Female,Breast,Sentinel node biopsy alone,,,,Lumpectomy,AQ,TUMOR FREE
TCGA-AQ-A54O,51,M0,N0,Stage IIA,7th,T2,,,0,32.88,0:DiseaseFree,,,,Positive,90-99%,NOT HISPANIC OR LATINO,,2/26/13,,,,,,,,1,,,Infiltrating Ductal Carcinoma,,No,Yes,C50.9,8500/3,C50.9,Negative,,YES,2011,YES,0,0,14,,,,,,Fine needle aspiration biopsy,,YES,NO,,,,,,,,,,,,32.88,0:LIVING,35CA5E2A-861A-4DD2-A4CE-D294CF080DA3,Negative,YES,Right Upper Outer Quadrant,,YES,,,,,Positive,70-79%,BLACK OR AFRICAN AMERICAN,NO,NO,1,Male,Breast,Sentinel lymph node biopsy plus axillary dissection,,,,Simple Mastectomy,AQ,TUMOR FREE
TCGA-AQ-A7U7,55,M0,N2a,Stage IIIA,7th,T2,,,0,,,,,,Positive,80-89%,NOT HISPANIC OR LATINO,L Total Mastectomy,12/18/13,,,,,,,,,,,Infiltrating Lobular Carcinoma,,No,Yes,C50.9,8520/3,C50.9,Negative,,YES,2013,YES,4,0,14,,Post (prior bilateral ovariectomy OR >12 mo since LMP with no prior hysterectomy),,,,Core needle biopsy,,YES,NO,,,,,,,,,,,,19.19,1:DECEASED,19015644-9C17-4AE7-A656-0FE8623C04AE,Negative,YES,Left,,YES,,,,,Positive,80-89%,WHITE,YES,NO,1,Female,Breast,Sentinel lymph node biopsy plus axillary dissection,,,,Other,AQ,TUMOR FREE
TCGA-AR-A0TP,43,M0,N0,Stage IIA,6th,T2,,,0,140.44,0:DiseaseFree,,,,Positive,<10%,NOT HISPANIC OR LATINO,Wide local excision,2/25/11,,,,,,,,,,,Infiltrating Ductal Carcinoma,,No,No,C50.9,8500/3,C50.9,Negative,,YES,2003,,0,0,5,,Pre (<6 months since LMP AND no prior bilateral ovariectomy AND not on estrogen replacement),,,,Core needle biopsy,,YES,,,,,,,,,,,,,140.44,0:LIVING,ab89bb2e-da84-4116-a8cd-49aad7bbfd4d,Negative,,Left Upper Inner Quadrant,,NO,,,,,Negative,,WHITE,,YES,1,Female,Breast,Sentinel lymph node biopsy plus axillary dissection,,,,Other,AR,
TCGA-AR-A0TQ,27,M0,N1,Stage IIIA,6th,T3,,,0,98.26,0:DiseaseFree,,,,Positive,10-19%,NOT HISPANIC OR LATINO,,3/7/11,,,,,,Positive,,2,,,Infiltrating Ductal Carcinoma,,No,No,C50.9,8500/3,C50.9,Equivocal,,YES,2006,,2,,15,,Pre (<6 months since LMP AND no prior bilateral ovariectomy AND not on estrogen replacement),,,,Core needle biopsy,,NO,,,,,,,,,,,,,98.26,0:LIVING,5dc1bee9-c44d-4fdc-9ae5-83426c4d6880,Negative,,Right Upper Outer Quadrant,,NO,,,,,Negative,,WHITE,,YES,1,Female,Breast,Axillary lymph node dissection alone,,,,Simple Mastectomy,AR,TUMOR FREE
TCGA-AR-A0TR,68,M0,N1,Stage IIB,,T2,,,0,,,,,,Positive,,NOT HISPANIC OR LATINO,,3/8/11,,,,,,Negative,,2,,,Infiltrating Ductal Carcinoma,,No,No,C50.9,8500/3,C50.9,Equivocal,,YES,2006,,1,,27,,Post (prior bilateral ovariectomy OR >12 mo since LMP with no prior hysterectomy),,,,"Other method, specify:",Biopsy not specified,NO,,,,,,,,,,,,,5.26,1:DECEASED,d1703dbd-5c93-4cf2-a4d1-0d90640882bd,Negative,,Left,,NO,,,,,Positive,,WHITE,,YES,1,Female,Breast,Sentinel lymph node biopsy plus axillary dissection,,,,Modified Radical Mastectomy,AR,
TCGA-AR-A0TS,46,M0,N1,Stage IIB,6th,T2,,,0,84.03,0:DiseaseFree,,,,Negative,,NOT HISPANIC OR LATINO,,3/8/11,,,,,,,,1,,,Infiltrating Ductal Carcinoma,,No,No,C50.9,8500/3,C50.9,Negative,,YES,2006,,2,,16,,Pre (<6 months since LMP AND no prior bilateral ovariectomy AND not on estrogen replacement),,,,Core needle biopsy,,YES,,,,,,,,,,,,,84.03,0:LIVING,972447aa-4332-47e7-bddd-2eb699dbb664,Negative,,Right,,NO,,0,,,Negative,,WHITE,,YES,1,Female,Breast,Sentinel lymph node biopsy plus axillary dissection,,,,Lumpectomy,AR,
TCGA-AR-A0TT,53,M0,N2,Stage IIIA,6th,T2,,,0,108.94,0:DiseaseFree,,,,Positive,10-19%,,Wide local excision,3/8/11,,,,,,,,1,,,Infiltrating Ductal Carcinoma,,No,No,C50.9,8500/3,C50.9,Negative,,YES,2006,,5,,19,,Pre (<6 months since LMP AND no prior bilateral ovariectomy AND not on estrogen replacement),,,,Core needle biopsy,,,,,,,,,,,,,,,108.94,0:LIVING,13ca97a1-75bb-4a49-b8c3-181e5b2c9e86,Negative,,Right Upper Outer Quadrant,,NO,,0,,,Negative,,BLACK OR AFRICAN AMERICAN,,YES,1,Female,Breast,Sentinel lymph node biopsy plus axillary dissection,,,,Other,AR,
TCGA-AR-A0TU,35,M0,N0,Stage IIA,6th,T2,,,0,23.29,0:DiseaseFree,,,,Negative,,,,3/10/11,,,,,,,,1,,,Infiltrating Ductal Carcinoma,,No,No,C50.9,8500/3,C50.9,Negative,,YES,2006,,0,,4,,Pre (<6 months since LMP AND no prior bilateral ovariectomy AND not on estrogen replacement),,,,Core needle biopsy,,YES,,,,,,,,,,,,,23.29,0:LIVING,dfe6db17-cf45-488e-bd3c-b8433d7343ca,Negative,,Right Lower Outer Quadrant,,NO,,0,,,Negative,,,,YES,1,Female,Breast,Sentinel lymph node biopsy plus axillary dissection,,,,Simple Mastectomy,AR,TUMOR FREE
TCGA-AR-A0TV,66,M0,N0,Stage IIA,6th,T2,,,0,75.16,0:DiseaseFree,,,,Positive,90-99%,,,3/10/11,,,,,,Negative,,2,,,Infiltrating Ductal Carcinoma,,No,No,C50.9,8500/3,C50.9,Equivocal,,YES,2005,,0,,3,,Post (prior bilateral ovariectomy OR >12 mo since LMP with no prior hysterectomy),,,,Core needle biopsy,,YES,,,,,,,,,,,,,75.16,0:LIVING,6439621e-da61-4723-91cc-c5d87d0a4abc,Negative,,Left Upper Outer Quadrant,,NO,,,,,Positive,,,,YES,1,Female,Breast,Sentinel lymph node biopsy plus axillary dissection,,,,Simple Mastectomy,AR,TUMOR FREE
TCGA-AR-A0TW,50,M0,N1,Stage IIIA,,T3,,,0,24.28,1:Recurred/Progressed,,,,Positive,,NOT HISPANIC OR LATINO,,3/10/11,,,,,,Negative,,2,,,Infiltrating Ductal Carcinoma,,No,No,C50.9,8500/3,C50.9,Equivocal,,YES,2005,,3,,27,,Pre (<6 months since LMP AND no prior bilateral ovariectomy AND not on estrogen replacement),,,,Core needle biopsy,,,,,,,,,,,,,,,98.85,0:LIVING,8da3d6cf-381b-4d1b-93fa-41fd9d2b2e66,Negative,,Right Upper Outer Quadrant|Right Lower Outer Quadrant,,NO,,,,,Positive,,WHITE,,YES,1,Female,Breast,,,,,Modified Radical Mastectomy,AR,
TCGA-AR-A0TX,64,M0,N1,Stage IIA,,T1,,,0,64.78,0:DiseaseFree,,,,Positive,<10%,,Wide local excision,3/10/11,,,,,,,,3,,,Infiltrating Ductal Carcinoma,,No,No,C50.9,8500/3,C50.9,Positive,,YES,2005,,3,,25,,Post (prior bilateral ovariectomy OR >12 mo since LMP with no prior hysterectomy),,,,Core needle biopsy,,NO,,,,,,,,,,,,,64.78,0:LIVING,c364e81c-eb1e-4870-ab37-9c661f5f2e3d,Negative,,Left Upper Outer Quadrant,,NO,,,,,Positive,,,,YES,1,Female,Breast,Axillary lymph node dissection alone,,,,Other,AR,
TCGA-AR-A0TY,54,M0,N0,Stage IIA,,T2,,,0,17.87,1:Recurred/Progressed,,,,Positive,10-19%,NOT HISPANIC OR LATINO,,3/10/11,,,,,,,,,,,Infiltrating Ductal Carcinoma,,No,No,C50.9,8500/3,C50.9,Negative,,YES,2004,,0,,15,,Post (prior bilateral ovariectomy OR >12 mo since LMP with no prior hysterectomy),,,,Core needle biopsy,,YES,,,,Positive,,,1+,,,,Negative,,55.81,1:DECEASED,da1c58a7-c6bd-47d9-95c2-8d2ac70e20e4,Negative,,Right Upper Outer Quadrant,,NO,,0,,,Negative,,WHITE,,YES,1,Female,Breast,Sentinel lymph node biopsy plus axillary dissection,,,,Simple Mastectomy,AR,
TCGA-AR-A0TZ,43,M1,N2,,,T2,,,0,43.13,1:Recurred/Progressed,,,,Positive,,NOT HISPANIC OR LATINO,,3/7/11,,,,,,Negative,,2,,,Infiltrating Ductal Carcinoma,,No,No,C50.9,8500/3,C50.9,Equivocal,,YES,2004,,6,,30,,Pre (<6 months since LMP AND no prior bilateral ovariectomy AND not on estrogen replacement),,Bone,,Core needle biopsy,,,,,,Positive,70-79%,,1+,Negative,,,Positive,<10%,107.16,1:DECEASED,c7c34fd9-3021-45b7-b6ff-30b4196585a8,Negative,,Left Upper Outer Quadrant,,NO,,,,,Positive,,WHITE,,YES,1,Female,Breast,,,,,Modified Radical Mastectomy,AR,
TCGA-AR-A0U0,73,M0,N1,Stage IIB,,T2,,,0,65.31,0:DiseaseFree,,,,Negative,,,,3/7/11,,,,,,,,,,,Infiltrating Ductal Carcinoma,,No,No,C50.9,8500/3,C50.9,,,YES,2004,,0,2,4,,Post (prior bilateral ovariectomy OR >12 mo since LMP with no prior hysterectomy),,,,Core needle biopsy,,YES,,,,,,,,,,,,,65.31,0:LIVING,e3c336f5-c32f-4c5d-81fb-e2408ae145b2,Negative,,Left Lower Inner Quadrant,,NO,,0,,,Negative,,WHITE,,YES,1,Female,Breast,Sentinel lymph node biopsy plus axillary dissection,,,,Simple Mastectomy,AR,
TCGA-AR-A0U1,36,M0,N1,Stage IIB,6th,T2,,,0,133.11,0:DiseaseFree,,,,Negative,,NOT HISPANIC OR LATINO,wide local excision,2/28/11,,,,,,,,1,,,Infiltrating Ductal Carcinoma,,No,No,C50.9,8500/3,C50.9,Negative,,YES,2004,,1,,31,,Pre (<6 months since LMP AND no prior bilateral ovariectomy AND not on estrogen replacement),,,,Fine needle aspiration biopsy,,NO,,,,,,,,,,,,,133.11,0:LIVING,17d9e646-6ab3-40b3-a0bc-2c834d3c3213,Negative,,Left Upper Outer Quadrant,,NO,,0,,,Negative,,WHITE,,YES,1,Female,Breast,Sentinel lymph node biopsy plus axillary dissection,,,,Other,AR,
TCGA-AR-A0U2,47,M0,N2,Stage IIIA,,T2,,,0,52.86,1:Recurred/Progressed,,,,Positive,10-19%,NOT HISPANIC OR LATINO,,2/24/11,,,,,,,,1,,,Infiltrating Ductal Carcinoma,,No,No,C50.9,8500/3,C50.9,Negative,,YES,2004,,4,0,16,Negative,Pre (<6 months since LMP AND no prior bilateral ovariectomy AND not on estrogen replacement),,Bone|Liver,,Incisional Biopsy,,NO,,2.47,,Positive,70-79%,Negative,2+,Negative,,,Negative,,83.8,1:DECEASED,9ad603dc-3fd0-44f5-ae4e-64eeb1ae8d6d,Negative,,Left Lower Outer Quadrant,,NO,,,,,Positive,,WHITE,,YES,1,Female,Breast,Axillary lymph node dissection alone,,,,Modified Radical Mastectomy,AR,WITH TUMOR
TCGA-AR-A0U3,59,M0,N1,Stage IIB,6th,T2,,,0,134.03,0:DiseaseFree,,,,Positive,10-19%,HISPANIC OR LATINO,Wide local excision,2/25/11,,,,,,,,1,,,Infiltrating Ductal Carcinoma,,No,No,C50.9,8500/3,C50.9,Negative,,YES,2004,,1,,4,,Post (prior bilateral ovariectomy OR >12 mo since LMP with no prior hysterectomy),,,,Core needle biopsy,,NO,,,,,,,,,,,,,134.03,0:LIVING,c5f00132-1c6b-4337-af6f-596c652665cc,Negative,,Left Upper Inner Quadrant|Left Upper Outer Quadrant,,NO,,,,,Positive,,WHITE,,YES,1,Female,Breast,Sentinel lymph node biopsy plus axillary dissection,,,,Other,AR,
TCGA-AR-A0U4,54,M0,N0,Stage IIA,6th,T2,,,0,107.13,0:DiseaseFree,,,,Negative,,NOT HISPANIC OR LATINO,,3/10/11,,,,,,,,,,,Infiltrating Ductal Carcinoma,,No,No,C50.9,8500/3,C50.9,Negative,,YES,2006,,0,,10,,Pre (<6 months since LMP AND no prior bilateral ovariectomy AND not on estrogen replacement),,,,Core needle biopsy,,NO,,,,,,,,,,,,,107.13,0:LIVING,71f97b63-c970-44ee-98c2-e02e663d5a40,Negative,,Left Upper Outer Quadrant,,NO,,0,,,Negative,,WHITE,,YES,1,Female,Breast,Sentinel lymph node biopsy plus axillary dissection,,,,Simple Mastectomy,AR,
TCGA-AR-A1AH,51,M0,N1,Stage IIB,6th,T2,,,0,37.32,1:Recurred/Progressed,,,,Positive,10-19%,NOT HISPANIC OR LATINO,Total Mastectomy,6/13/11,,,,,,,,,,,Infiltrating Ductal Carcinoma,,No,No,C50.9,8500/3,C50.9,Negative,,YES,2004,YES,1,,9,,Post (prior bilateral ovariectomy OR >12 mo since LMP with no prior hysterectomy),,,,Core needle biopsy,,,,,,,,,,,,,,,125.07,0:LIVING,a6e11b30-3ae8-4dd1-b04c-a730c6a79746,Negative,,Right Upper Inner Quadrant,,NO,,,,,Negative,,WHITE,,YES,1,Female,Breast,Axillary lymph node dissection alone,,,,Other,AR,TUMOR FREE
TCGA-AR-A1AI,47,M0,N0,Stage IIA,6th,T2,,,0,19.32,1:Recurred/Progressed,,,,Negative,,NOT HISPANIC OR LATINO,,6/15/11,,,,,,Negative,,2,,,Medullary Carcinoma,,No,No,C50.9,8510/3,C50.9,Equivocal,,YES,2005,YES,0,,5,,Post (prior bilateral ovariectomy OR >12 mo since LMP with no prior hysterectomy),,,,Fine needle aspiration biopsy,,YES,,,,,,,,,,,,,108.28,0:LIVING,9848307d-1bd5-40c1-b655-a33297aaf74f,Negative,,Left Upper Outer Quadrant,,NO,,,,,Negative,,WHITE,,YES,1,Female,Breast,Sentinel lymph node biopsy plus axillary dissection,,,,Simple Mastectomy,AR,TUMOR FREE
TCGA-AR-A1AJ,83,M0,N0,Stage I,6th,T1,,,0,100.92,0:DiseaseFree,,,,Positive,10-19%,NOT HISPANIC OR LATINO,Wide local excision,6/13/11,,,,,,,,,,,Infiltrating Ductal Carcinoma,,No,No,C50.9,8500/3,C50.9,Negative,,YES,2005,YES,0,,8,,Post (prior bilateral ovariectomy OR >12 mo since LMP with no prior hysterectomy),,,,Core needle biopsy,,YES,,,,,,,,,,,,,100.92,0:LIVING,23e7a78a-1d56-4ad1-9bb4-72ec0178aff2,Negative,,Right,,NO,,,,,Negative,,WHITE,,YES,1,Female,Breast,Sentinel lymph node biopsy plus axillary dissection,,,,Other,AR,TUMOR FREE
TCGA-AR-A1AK,70,M0,N0,Stage I,6th,T1,,,0,103.78,0:DiseaseFree,,,,Positive,10-19%,NOT HISPANIC OR LATINO,,6/15/11,,,,,,,,1,,,Infiltrating Lobular Carcinoma,,No,No,C50.9,8520/3,C50.9,Negative,,YES,2006,YES,0,,5,,Post (prior bilateral ovariectomy OR >12 mo since LMP with no prior hysterectomy),,,,Core needle biopsy,,YES,,,,,,,,,,,,,103.78,0:LIVING,94b03e1d-50ec-4680-bffd-7086d1536ff2,Negative,,Right,,NO,,,,,Positive,10-19%,WHITE,,YES,1,Female,Breast,Sentinel lymph node biopsy plus axillary dissection,,,,Simple Mastectomy,AR,TUMOR FREE
TCGA-AR-A1AL,60,M0,N1,Stage IIIA,6th,T3,,,0,97.6,0:DiseaseFree,,,,Positive,70-79%,NOT HISPANIC OR LATINO,,6/15/11,,,,,,,,1,,,Infiltrating Lobular Carcinoma,,No,No,C50.9,8520/3,C50.9,Negative,,YES,2006,YES,3,,15,,Post (prior bilateral ovariectomy OR >12 mo since LMP with no prior hysterectomy),,,,Core needle biopsy,,YES,,,,,,,,,,,,,97.6,0:LIVING,1f99e4d4-4e8b-4cc1-a129-227a2a82780e,Negative,,Left Upper Inner Quadrant|Left Upper Outer Quadrant,,NO,,,,,Positive,70-79%,WHITE,,YES,1,Female,Breast,Sentinel lymph node biopsy plus axillary dissection,,,,Simple Mastectomy,AR,TUMOR FREE
TCGA-AR-A1AM,52,M0,N1,Stage IIIA,6th,T3,,,0,98.26,0:DiseaseFree,,,,Positive,,NOT HISPANIC OR LATINO,,11/20/12,,,,,,Negative,,2,,,Infiltrating Lobular Carcinoma,,No,No,C50.9,8520/3,C50.9,Equivocal,,YES,2006,YES,1,,12,,Post (prior bilateral ovariectomy OR >12 mo since LMP with no prior hysterectomy),,,,Core needle biopsy,,,NO,,,,,,,,,,,,98.26,0:LIVING,EBD1512A-4865-4193-97B3-F599D555759A,Negative,YES,Right Upper Outer Quadrant,,NO,,,,,Positive,,WHITE,NO,YES,1,Female,Breast,,,,,Simple Mastectomy,AR,TUMOR FREE
TCGA-AR-A1AN,46,M0,N0,Stage IIA,6th,T2,,,0,95.93,0:DiseaseFree,,,,Positive,70-79%,HISPANIC OR LATINO,Wide Local Excision,6/14/11,,,,,,,,,,,Infiltrating Ductal Carcinoma,,No,No,C50.9,8500/3,C50.9,Negative,,YES,2006,YES,0,,5,,Pre (<6 months since LMP AND no prior bilateral ovariectomy AND not on estrogen replacement),,,,Core needle biopsy,,YES,,,,,,,,,,,,,95.93,0:LIVING,43029932-feb0-4658-97fa-645c1e775009,Negative,,Right Upper Outer Quadrant,,NO,,,,,Positive,70-79%,WHITE,,YES,1,Female,Breast,Sentinel lymph node biopsy plus axillary dissection,,,,Other,AR,TUMOR FREE
TCGA-AR-A1AO,47,M0,N1,Stage IIA,6th,T1,,,0,86.01,0:DiseaseFree,,,,Positive,,NOT HISPANIC OR LATINO,Wide local excision,6/13/11,,,,,,,,1,,,Infiltrating Ductal Carcinoma,,No,No,C50.9,8500/3,C50.9,Negative,,YES,2006,YES,2,,39,,Pre (<6 months since LMP AND no prior bilateral ovariectomy AND not on estrogen replacement),,,,Core needle biopsy,,YES,,,,,,,,,,,,,86.01,0:LIVING,623befd6-0ca4-4a6c-9cf5-d9385c3b718f,Negative,,Left Upper Inner Quadrant,,NO,,,,,Negative,,WHITE,,YES,1,Female,Breast,Sentinel lymph node biopsy plus axillary dissection,,,,Other,AR,TUMOR FREE
TCGA-AR-A1AP,80,M0,N0,Stage I,6th,T1,,,0,93.82,0:DiseaseFree,,,,Positive,70-79%,NOT HISPANIC OR LATINO,Wide local excision,6/13/11,,,,,,Negative,,2,,,Infiltrating Ductal Carcinoma,,No,No,C50.9,8500/3,C50.9,Equivocal,,YES,2007,YES,0,,1,Negative,Post (prior bilateral ovariectomy OR >12 mo since LMP with no prior hysterectomy),,,,Core needle biopsy,,YES,,,,,,,,,,,,,93.82,0:LIVING,9495f029-9882-4c9b-a557-b3aec9e91698,Positive,,Left Upper Outer Quadrant,,NO,,,,,Positive,<10%,WHITE,,YES,1,Female,Breast,Sentinel lymph node biopsy plus axillary dissection,,Mastectomy NOS,,Other,AR,TUMOR FREE
TCGA-AR-A1AQ,49,M0,N0,Stage IIA,6th,T2,,,0,99.24,0:DiseaseFree,,,,Negative,,NOT HISPANIC OR LATINO,Wide local excision,6/14/11,,,,,,Negative,,2,,,Infiltrating Ductal Carcinoma,,No,No,C50.9,8500/3,C50.9,Equivocal,,YES,2007,YES,0,,6,,Post (prior bilateral ovariectomy OR >12 mo since LMP with no prior hysterectomy),,,,Core needle biopsy,,YES,,,,,,,,,,,,,99.24,0:LIVING,98e0b4de-52fc-4945-9bf5-11e29368f939,Negative,,Right Upper Inner Quadrant|Right Upper Outer Quadrant,,NO,,,,,Negative,,WHITE,,YES,1,Female,Breast,Sentinel lymph node biopsy plus axillary dissection,,,,Other,AR,TUMOR FREE
TCGA-AR-A1AR,50,M0,N2,Stage IIIA,6th,T1,,,0,12.71,1:Recurred/Progressed,,,,Negative,,NOT HISPANIC OR LATINO,,6/28/11,,,,,,,,,,,Infiltrating Ductal Carcinoma,,No,Yes,C50.9,8500/3,C50.9,Negative,,YES,2007,,5,,14,,Post (prior bilateral ovariectomy OR >12 mo since LMP with no prior hysterectomy),,,,Core needle biopsy,,,,,,,,,,,,,,,17.21,1:DECEASED,eda6d2d5-4199-4f76-a45b-1d0401b4e54c,Negative,,Left Lower Inner Quadrant,,NO,,,,,Negative,,WHITE,,YES,1,Female,Breast,Axillary lymph node dissection alone,,,,Lumpectomy,AR,TUMOR FREE
TCGA-AR-A1AS,54,M0,N1,Stage IIB,6th,T2,,,0,37.78,0:DiseaseFree,,,,Positive,70-79%,,Wide local excision,6/14/11,,,,,,,,1,,,Infiltrating Ductal Carcinoma,,No,No,C50.9,8500/3,C50.9,Negative,,YES,2007,YES,1,,17,,Post (prior bilateral ovariectomy OR >12 mo since LMP with no prior hysterectomy),,,,Core needle biopsy,,,,,,,,,,,,,,,37.78,0:LIVING,7d681cc6-689d-41c8-9e84-e13733089ec9,Negative,,Left Upper Inner Quadrant,,NO,,,,,Positive,70-79%,ASIAN,,YES,1,Female,Breast,Axillary lymph node dissection alone,,,,Other,AR,
TCGA-AR-A1AT,62,M0,N0,Stage IIA,6th,T2,,,0,,,,,,Positive,<10%,NOT HISPANIC OR LATINO,Wide local excision,6/14/11,,,,,,,,3,,,Infiltrating Lobular Carcinoma,,No,No,C50.9,8520/3,C50.9,Positive,,YES,2007,YES,1,,3,,Post (prior bilateral ovariectomy OR >12 mo since LMP with no prior hysterectomy),,,,Core needle biopsy,,YES,,,,,,,,,,,,,41.79,1:DECEASED,4d26dada-5eb7-4d4e-8eb8-f5465c5c3428,Negative,,Left Upper Outer Quadrant,,NO,,,,,Positive,<10%,WHITE,,YES,1,Female,Breast,Sentinel lymph node biopsy plus axillary dissection,,,,Other,AR,
TCGA-AR-A1AU,39,M0,N2,Stage IIIA,6th,T2,,,0,94.22,0:DiseaseFree,,,,Positive,70-79%,NOT HISPANIC OR LATINO,Total Mastectomy,6/14/11,,,,,,Negative,,2,,,Infiltrating Ductal Carcinoma,,No,No,C50.9,8500/3,C50.9,Equivocal,,YES,2007,YES,4,,37,,Pre (<6 months since LMP AND no prior bilateral ovariectomy AND not on estrogen replacement),,,,Core needle biopsy,,,,,,,,,,,,,,,94.22,0:LIVING,36220587-1c1c-4f92-b177-3b2155e7e273,Negative,,Right Upper Inner Quadrant|Right Upper Outer Quadrant,,NO,,,,,Positive,70-79%,WHITE,,YES,1,Female,Breast,Sentinel lymph node biopsy plus axillary dissection,,,,Other,AR,
TCGA-AR-A1AV,68,M0,N1,Stage IIB,6th,T2,,,0,61.24,0:DiseaseFree,,,,Positive,70-79%,HISPANIC OR LATINO,,6/14/11,,,,,,,,1,,,Infiltrating Ductal Carcinoma,,No,No,C50.9,8500/3,C50.9,Negative,,YES,2007,YES,1,,25,,,,,,Core needle biopsy,,,,,,,,,,,,,,,61.24,0:LIVING,daf62b56-6dd2-4ab7-adaa-f296bb86a0a5,Negative,,Left,,NO,,,,,Positive,70-79%,WHITE,,YES,1,Male,Breast,Axillary lymph node dissection alone,,,,Modified Radical Mastectomy,AR,
TCGA-AR-A1AW,65,M0,N0,Stage IIA,6th,T2,,,0,86.47,0:DiseaseFree,,,,Positive,70-79%,NOT HISPANIC OR LATINO,,6/14/11,,,,,,Negative,,2,,,Infiltrating Ductal Carcinoma,,No,No,C50.9,8500/3,C50.9,Equivocal,,YES,2007,YES,0,,1,,Post (prior bilateral ovariectomy OR >12 mo since LMP with no prior hysterectomy),,,,Incisional Biopsy,,YES,,,,,,,,,,,,,86.47,0:LIVING,a12fd22a-7f84-4b6e-b6d8-012e38eb73d7,Negative,,Left Upper Inner Quadrant,,NO,,,,,Positive,70-79%,WHITE,,YES,1,Female,Breast,Sentinel lymph node biopsy plus axillary dissection,,,,Lumpectomy,AR,
TCGA-AR-A1AX,64,M0,N0,Stage I,6th,T1,,,0,86.37,0:DiseaseFree,,,,Positive,,NOT HISPANIC OR LATINO,Wide local excision,6/14/11,,,,,,,,3,,,Infiltrating Ductal Carcinoma,,No,No,C50.9,8500/3,C50.9,Positive,,YES,2007,YES,0,,8,,Post (prior bilateral ovariectomy OR >12 mo since LMP with no prior hysterectomy),,,,Core needle biopsy,,YES,,,,,,,,,,,,,86.37,0:LIVING,f72c1d69-da35-459f-8542-59bfd6c09c23,Negative,,Left Upper Inner Quadrant|Left Upper Outer Quadrant,,NO,,,,,Positive,70-79%,WHITE,,YES,1,Female,Breast,Sentinel lymph node biopsy plus axillary dissection,,,,Other,AR,
TCGA-AR-A1AY,65,M0,N0,Stage I,6th,T1,,,0,33.71,0:DiseaseFree,,,,Negative,,NOT HISPANIC OR LATINO,Wide Local Excision,6/14/11,,,,,,,,,,,Infiltrating Ductal Carcinoma,,No,No,C50.9,8500/3,C50.9,Negative,,YES,2008,YES,0,,4,,Post (prior bilateral ovariectomy OR >12 mo since LMP with no prior hysterectomy),,,,Core needle biopsy,,YES,,,,,,,,,,,,,33.71,0:LIVING,5fd9552a-c742-4388-940d-295d1107ae00,Negative,,Left Upper Outer Quadrant,,NO,,,,,Negative,,WHITE,,YES,1,Female,Breast,Sentinel lymph node biopsy plus axillary dissection,,,,Other,AR,
TCGA-AR-A24H,65,M0,N0,Stage IIA,5th,T2,,,0,160.78,0:DiseaseFree,,,,Positive,,NOT HISPANIC OR LATINO,Excision,8/29/11,,,,,,,,1,,,Infiltrating Lobular Carcinoma,,No,No,C50.9,8520/3,C50.9,Negative,,YES,2001,YES,0,,4,,Post (prior bilateral ovariectomy OR >12 mo since LMP with no prior hysterectomy),,,,Core needle biopsy,,,,,,,,,,,,,,,160.78,0:LIVING,6f89509c-f802-482e-b4da-94553aa76fe9,Negative,,Right Lower Inner Quadrant|Right Lower Outer Quadrant,,NO,,,,,Positive,,WHITE,,YES,1,Female,Breast,Sentinel lymph node biopsy plus axillary dissection,,,,Other,AR,
TCGA-AR-A24K,46,M0,N0,Stage IIA,6th,T2,No value Given,,0,50.85,0:DiseaseFree,,,,Positive,10-19%,,Wide local excision,8/12/11,,,,,,Negative,,2,,,Infiltrating Ductal Carcinoma,,No,No,C50.9,8500/3,C50.9,Equivocal,,YES,2004,YES,0,,2,,Pre (<6 months since LMP AND no prior bilateral ovariectomy AND not on estrogen replacement),,,,Core needle biopsy,,YES,,,,,,,,,,,,,50.85,0:LIVING,599c3701-df7a-4a75-a347-fa9b510dd242,Negative,,Left Upper Outer Quadrant,,NO,,,,,Positive,10-19%,WHITE,,YES,1,Female,Breast,Sentinel lymph node biopsy plus axillary dissection,,,,Other,AR,
TCGA-AR-A24L,26,M0,N1,Stage IIB,6th,T2,,,0,46.45,1:Recurred/Progressed,,,,Positive,10-19%,NOT HISPANIC OR LATINO,Wide local excision,8/12/11,,,,,,Negative,,2,,,Infiltrating Ductal Carcinoma,,No,No,C50.9,8500/3,C50.9,Equivocal,,YES,2005,YES,2,,12,,Pre (<6 months since LMP AND no prior bilateral ovariectomy AND not on estrogen replacement),,,,Core needle biopsy,,,,,,,,,,,,,,,94.15,1:DECEASED,de646f6a-6d50-4be2-b3cd-f17554b234df,Negative,,Right,,NO,,,,,Positive,10-19%,WHITE,,YES,1,Female,Breast,Sentinel lymph node biopsy plus axillary dissection,,,,Other,AR,
TCGA-AR-A24M,38,M0,N2,Stage IIIA,6th,T2,,,0,120.24,0:DiseaseFree,,,,Positive,10-19%,NOT HISPANIC OR LATINO,Wide local excision,8/12/11,,,,,,,,1,,,Mixed Histology (please specify),Mixed invasive ductal and invasive lobular,No,No,C50.9,8522/3,C50.9,Negative,,YES,2005,YES,4,,28,,Pre (<6 months since LMP AND no prior bilateral ovariectomy AND not on estrogen replacement),,,,Core needle biopsy,,,,,,,,,,,,,,,120.24,0:LIVING,aa30ac3d-4216-45dd-a314-1ae192fafcb2,Negative,,Left Upper Outer Quadrant,,NO,,,,,Positive,10-19%,WHITE,,YES,1,Female,Breast,Sentinel lymph node biopsy plus axillary dissection,,,,Other,AR,
TCGA-AR-A24N,54,M0,N0,Stage I,6th,T1,,,0,99.7,0:DiseaseFree,,,,Positive,10-19%,NOT HISPANIC OR LATINO,,8/16/11,,,,,,Negative,,2,,,Infiltrating Ductal Carcinoma,,No,No,C50.9,8500/3,C50.9,Equivocal,,YES,2005,YES,0,,4,,Peri (6-12 months since last menstrual period),,,,Core needle biopsy,,YES,,,,,,,,,,,,,99.7,0:LIVING,30047d32-0833-4aca-98d1-3b9ab7122863,Negative,,Left Upper Inner Quadrant,,NO,,,,,Positive,10-19%,WHITE,,YES,1,Female,Breast,Sentinel lymph node biopsy plus axillary dissection,,,,Simple Mastectomy,AR,
TCGA-AR-A24O,43,M0,N2,Stage IIIA,6th,T3,,,0,84.13,1:Recurred/Progressed,,,,Positive,,NOT HISPANIC OR LATINO,,8/16/11,,,,,,,,,,,Mixed Histology (please specify),Lobular carcinoma with ductal features,No,No,C50.9,8522/3,C50.9,Negative,,YES,2005,YES,7,,19,Negative,Pre (<6 months since LMP AND no prior bilateral ovariectomy AND not on estrogen replacement),,,,Incisional Biopsy,,,,,,,,,,,,,,,118.5,0:LIVING,125b0a9a-6cbe-4207-9178-e7ff03487e87,Positive,,Left,,NO,,,,,Positive,,WHITE,,YES,1,Female,Breast,,,Mastectomy NOS,,Modified Radical Mastectomy,AR,TUMOR FREE
TCGA-AR-A24P,47,M0,N0,Stage I,6th,T1,,,0,2.76,0:DiseaseFree,,,,Positive,10-19%,NOT HISPANIC OR LATINO,Wide local excision,8/16/11,,,,,,Negative,,2,,,Infiltrating Ductal Carcinoma,,No,No,C50.9,8500/3,C50.9,Equivocal,,YES,2005,YES,0,,3,,Post (prior bilateral ovariectomy OR >12 mo since LMP with no prior hysterectomy),,,,Core needle biopsy,,YES,,,,,,,,,,,,,2.76,0:LIVING,d1fd8ed2-be13-4272-b31e-df86911db3b1,Negative,,Left Upper Outer Quadrant,,NO,,,,,Positive,10-19%,WHITE,,YES,1,Female,Breast,Sentinel lymph node biopsy plus axillary dissection,,,,Other,AR,
TCGA-AR-A24Q,49,M0,N0,Stage IIB,6th,T3,,,0,104.2,0:DiseaseFree,,,,Positive,<10%,,,8/30/11,,,,,,,,,,,Infiltrating Ductal Carcinoma,,No,No,C50.9,8500/3,C50.9,Negative,,YES,2006,YES,0,,2,,Post (prior bilateral ovariectomy OR >12 mo since LMP with no prior hysterectomy),,,,Core needle biopsy,,,,,,,,,,,,,,,104.2,0:LIVING,28e9048a-e540-42de-a1f4-4ef894fccc4c,Negative,,Left Upper Inner Quadrant,,NO,,,,,Negative,,WHITE,,YES,1,Female,Breast,Sentinel lymph node biopsy plus axillary dissection,,,,Simple Mastectomy,AR,
TCGA-AR-A24R,45,M0,N2,Stage IIIA,6th,T1,,,0,112.68,0:DiseaseFree,,,,Positive,10-19%,NOT HISPANIC OR LATINO,Wide local excision,8/26/11,,,,,,Negative,,1,,,Infiltrating Ductal Carcinoma,,No,No,C50.9,8500/3,C50.9,Negative,,YES,2006,YES,6,,28,,Pre (<6 months since LMP AND no prior bilateral ovariectomy AND not on estrogen replacement),,,,Core needle biopsy,,,,,,,,,,,,,,,112.68,0:LIVING,db62d9c7-8343-4771-84fc-146d2e307bb8,Negative,,Right Upper Inner Quadrant|Right Upper Outer Quadrant,,NO,,,,,Positive,10-19%,WHITE,,YES,1,Female,Breast,Sentinel lymph node biopsy plus axillary dissection,,,,Other,AR,
TCGA-AR-A24S,61,M0,N0,Stage I,6th,T1,,,0,97.77,0:DiseaseFree,,,,Positive,70-79%,NOT HISPANIC OR LATINO,Wide local excision,8/30/11,,,,,,,,,,,Infiltrating Ductal Carcinoma,,No,No,C50.9,8500/3,C50.9,Negative,,YES,2006,YES,0,,4,,Post (prior bilateral ovariectomy OR >12 mo since LMP with no prior hysterectomy),,,,Core needle biopsy,,YES,,,,,,,,,,,,,97.77,0:LIVING,074e8b06-3929-4896-9263-3b80ad6a355b,Negative,,Right Lower Outer Quadrant,,NO,,,,,Positive,,WHITE,,YES,1,Female,Breast,Sentinel lymph node biopsy plus axillary dissection,,,,Other,AR,
TCGA-AR-A24T,46,M0,N3,Stage IIIC,6th,T3,,,0,105.19,0:DiseaseFree,,,,Positive,10-19%,NOT HISPANIC OR LATINO,,8/30/11,,,,,,Negative,,2,,,Infiltrating Lobular Carcinoma,,No,No,C50.9,8520/3,C50.9,Equivocal,,YES,2006,YES,15,,17,,Pre (<6 months since LMP AND no prior bilateral ovariectomy AND not on estrogen replacement),,,,Core needle biopsy,,,,,,,,,,,,,,,105.19,0:LIVING,9e3de467-fb0d-4021-89f8-b34968a7c7bc,Negative,,Right Upper Outer Quadrant,,NO,,,,,Positive,10-19%,WHITE,,YES,1,Female,Breast,Sentinel lymph node biopsy plus axillary dissection,,,,Simple Mastectomy,AR,
TCGA-AR-A24U,47,M0,N1,Stage IIA,6th,T1,,,0,102.76,0:DiseaseFree,,,,Negative,,NOT HISPANIC OR LATINO,,8/26/11,,,,,,,,3,,,Infiltrating Ductal Carcinoma,,No,No,C50.9,8500/3,C50.9,Positive,,YES,2006,YES,2,,25,Negative,Pre (<6 months since LMP AND no prior bilateral ovariectomy AND not on estrogen replacement),,,,Core needle biopsy,,,,,,,,,,,,,,,102.76,0:LIVING,241fffc8-4250-4cfa-b2e7-e68c33ae07dc,Positive,,Left Upper Outer Quadrant|Left Lower Outer Quadrant,,NO,,,,,Negative,,WHITE,,YES,1,Female,Breast,Sentinel lymph node biopsy plus axillary dissection,,Mastectomy NOS,,Simple Mastectomy,AR,
TCGA-AR-A24V,52,M0,N1,Stage IIB,6th,T2,,,0,105.22,0:DiseaseFree,,,,Positive,80-89%,NOT HISPANIC OR LATINO,Wide local excision,8/29/11,,,,,,,,,,,Infiltrating Ductal Carcinoma,,No,No,C50.9,8500/3,C50.9,Negative,,YES,2006,YES,1,,2,,Peri (6-12 months since last menstrual period),,,,Core needle biopsy,,YES,,,,,,,,,,,,,105.22,0:LIVING,3cb06c7a-f2a8-448b-91a8-dd201bbf2ddd,Negative,,Right Upper Outer Quadrant,,NO,,,,,Positive,<10%,WHITE,,YES,1,Female,Breast,Sentinel lymph node biopsy plus axillary dissection,,,,Other,AR,
TCGA-AR-A24W,55,M0,N1,Stage IIB,6th,T2,,,0,50.92,0:DiseaseFree,,,,Positive,,,Total Mastectomy,11/10/11,,,,,,,,,,,Infiltrating Ductal Carcinoma,,No,No,C50.9,8500/3,C50.9,Negative,,YES,2006,YES,3,,22,,Post (prior bilateral ovariectomy OR >12 mo since LMP with no prior hysterectomy),,,,Core needle biopsy,,,,,,,,,,,,,,,50.92,0:LIVING,67526f5a-3a30-45b2-aeab-2b21a855063e,Negative,,Right Lower Inner Quadrant,,NO,,,,,Positive,,WHITE,,YES,1,Female,Breast,Sentinel lymph node biopsy plus axillary dissection,,,,Other,AR,
TCGA-AR-A24X,52,M0,N0,Stage IIA,6th,T2,,,0,98.69,0:DiseaseFree,,,,Positive,80-89%,,,8/30/11,,,,,,Negative,,2,,,Mixed Histology (please specify),Mixed invasive ductal and invasive lobular,No,No,C50.9,8522/3,C50.9,Equivocal,,YES,2006,YES,0,,7,,Pre (<6 months since LMP AND no prior bilateral ovariectomy AND not on estrogen replacement),,,,Core needle biopsy,,YES,,,,,,,,,,,,,98.69,0:LIVING,491d5ebb-e9ab-4b17-acb8-630ff9fef0f2,Negative,,Right Upper Inner Quadrant,,NO,,,,,Positive,90-99%,WHITE,,YES,1,Female,Breast,Sentinel lymph node biopsy plus axillary dissection,,,,Simple Mastectomy,AR,
TCGA-AR-A24Z,57,M0,N0,Stage IIA,6th,T2,,,0,98.59,0:DiseaseFree,,,,Positive,,,Total mastectomy,8/30/11,,,,,,,,,,,Infiltrating Ductal Carcinoma,,No,No,C50.9,8500/3,C50.9,Negative,,YES,2006,YES,0,,8,,Post (prior bilateral ovariectomy OR >12 mo since LMP with no prior hysterectomy),,,,Core needle biopsy,,YES,,,,,,,,,,,,,98.59,0:LIVING,9fefbe7c-f66a-4940-843e-285cb7b392c1,Negative,,Left Upper Outer Quadrant,,NO,,,,,Positive,,WHITE,,YES,1,Female,Breast,Sentinel lymph node biopsy plus axillary dissection,,,,Other,AR,
TCGA-AR-A250,58,M0,N0,Stage IIA,6th,T2,,,0,88.93,0:DiseaseFree,,,,Positive,70-79%,NOT HISPANIC OR LATINO,Wide local excision and simple mastectomy,8/30/11,,,,,,Positive,,2,,,Infiltrating Ductal Carcinoma,,No,No,C50.9,8500/3,C50.9,Equivocal,,YES,2006,YES,0,,4,Negative,Post (prior bilateral ovariectomy OR >12 mo since LMP with no prior hysterectomy),,,,Core needle biopsy,,,,,,,,,,,,,,,88.93,0:LIVING,a0963e93-b63e-4de2-86c1-81302e271d3e,Positive,,Left Upper Outer Quadrant,,NO,,,,,Negative,,WHITE,,YES,1,Female,Breast,Sentinel lymph node biopsy plus axillary dissection,,Mastectomy NOS,,Other,AR,TUMOR FREE
TCGA-AR-A251,51,M0,N2,Stage IIIA,6th,T2,,,0,99.54,0:DiseaseFree,,,,Positive,,NOT HISPANIC OR LATINO,Wide local excision,8/30/11,,,,,,Negative,,2,,,Infiltrating Ductal Carcinoma,,No,No,C50.9,8500/3,C50.9,Equivocal,,YES,2006,YES,4,,7,Negative,Pre (<6 months since LMP AND no prior bilateral ovariectomy AND not on estrogen replacement),,,,Core needle biopsy,,,,,,,,,,,,,,,99.54,0:LIVING,8c51bbcb-7c8d-47ad-9193-70ca157c6900,Positive,,Left Upper Outer Quadrant,,NO,,,,,Negative,,WHITE,,YES,1,Female,Breast,Sentinel lymph node biopsy plus axillary dissection,,Mastectomy NOS,,Other,AR,
TCGA-AR-A252,50,M0,N0,Stage I,6th,T1,,,0,93.23,0:DiseaseFree,,,,Positive,70-79%,NOT HISPANIC OR LATINO,Wide local excision,8/30/11,,,,,,,,,,,Infiltrating Ductal Carcinoma,,No,No,C50.9,8500/3,C50.9,Negative,,YES,2007,YES,0,,4,,Pre (<6 months since LMP AND no prior bilateral ovariectomy AND not on estrogen replacement),,,,Core needle biopsy,,YES,,,,,,,,,,,,,93.23,0:LIVING,4d0fec97-e024-4608-a0cc-426a3decc7b1,Negative,,Left Upper Outer Quadrant|Left Lower Outer Quadrant,,NO,,,,,Positive,,WHITE,,YES,1,Female,Breast,Sentinel lymph node biopsy plus axillary dissection,,,,Other,AR,
TCGA-AR-A254,50,M0,N2,Stage IIIA,6th,T2,,,0,85.58,0:DiseaseFree,,,,Positive,,NOT HISPANIC OR LATINO,Wide local excision,8/31/11,,,,,,,,3,,,Infiltrating Ductal Carcinoma,,No,No,C50.9,8500/3,C50.9,Positive,,YES,2007,YES,9,,30,,Pre (<6 months since LMP AND no prior bilateral ovariectomy AND not on estrogen replacement),,,,"Other method, specify:",Wide local incision,,,,,,,,,,,,,,85.58,0:LIVING,6014a582-d22e-46e1-9000-c8e2fbad7acf,Negative,,Left Upper Inner Quadrant|Left Lower Inner Quadrant,,NO,,,,,Positive,,WHITE,,YES,1,Female,Breast,Sentinel lymph node biopsy plus axillary dissection,,,,Other,AR,
TCGA-AR-A255,62,M0,N0,Stage I,6th,T1,,,0,70.99,0:DiseaseFree,,,,Positive,,NOT HISPANIC OR LATINO,Wide local excision,8/31/11,,,,,,,,3,,,Infiltrating Ductal Carcinoma,,No,No,C50.9,8500/3,C50.9,Positive,,YES,2007,YES,0,,2,,Post (prior bilateral ovariectomy OR >12 mo since LMP with no prior hysterectomy),,,,Core needle biopsy,,YES,,,,,,,,,,,,,70.99,0:LIVING,e8f3cc64-5e15-4f4d-b73e-5c9b250a664c,Negative,,Right Lower Inner Quadrant,,NO,,,,,Positive,,WHITE,,YES,1,Female,Breast,Sentinel lymph node biopsy plus axillary dissection,,,,Other,AR,
TCGA-AR-A256,45,M0,N0,Stage IIA,5th,T2,,,0,53.88,1:Recurred/Progressed,,,,Negative,,,Mastectomy,8/31/11,,,,,,,,1,,,Infiltrating Ductal Carcinoma,,No,No,C50.9,8500/3,C50.9,Negative,,YES,2001,YES,0,,5,,Pre (<6 months since LMP AND no prior bilateral ovariectomy AND not on estrogen replacement),,,,Fine needle aspiration biopsy,,YES,,,,,,,,,,,,,93.76,1:DECEASED,d3d545b3-457f-4389-821f-704cb24aff7f,Negative,,Right Lower Inner Quadrant,,NO,,,,,Negative,,WHITE,,YES,1,Female,Breast,Sentinel lymph node biopsy plus axillary dissection,,,,Other,AR,
TCGA-AR-A2LE,69,M0,N0,Stage I,5th,T1,,,0,138.07,1:Recurred/Progressed,,,,Positive,,NOT HISPANIC OR LATINO,Excision,1/12/12,,,,,,,,,,,Infiltrating Lobular Carcinoma,,No,No,C50.9,8520/3,C50.9,,,YES,2001,YES,0,,2,,Post (prior bilateral ovariectomy OR >12 mo since LMP with no prior hysterectomy),,,NO,Core needle biopsy,,YES,,,,,,,,,,,,,166.29,0:LIVING,E3FCBF94-D3EF-4A37-AA45-5297F96AF9EB,Negative,,Right,,NO,,,,,Negative,,WHITE,,YES,1,Female,Breast,Sentinel node biopsy alone,,,,Other,AR,
TCGA-AR-A2LH,55,M0,N3,Stage III,6th,T3,,,0,14.26,1:Recurred/Progressed,,,,Negative,,NOT HISPANIC OR LATINO,,1/12/12,,,,,,Negative,,2,,,Infiltrating Lobular Carcinoma,,No,No,C50.9,8520/3,C50.9,Equivocal,,YES,2007,YES,29,,39,,Post (prior bilateral ovariectomy OR >12 mo since LMP with no prior hysterectomy),,Bone|Liver,YES,Core needle biopsy,,,,,,,,,,,,,,,20.24,1:DECEASED,376FFE63-EFD7-42AF-90E1-261255B28BB7,Negative,,Right Upper Outer Quadrant,,NO,,,,,Negative,,WHITE,,YES,1,Female,Breast,Sentinel lymph node biopsy plus axillary dissection,,,,Modified Radical Mastectomy,AR,
TCGA-AR-A2LJ,40,MX,N1,Stage IIIA,6th,T3,,,0,86.47,0:DiseaseFree,,,,Positive,70-79%,NOT HISPANIC OR LATINO,Total Mastectomy,1/12/12,,,,,,Positive,,3,,,Infiltrating Lobular Carcinoma,,No,No,C50.9,8520/3,C50.9,Positive,,YES,2007,YES,1,,18,,Pre (<6 months since LMP AND no prior bilateral ovariectomy AND not on estrogen replacement),,,NO,Core needle biopsy,,YES,,,,,,,,,,,,,86.47,0:LIVING,738E1ACC-1F0C-4A96-9C8A-222727EF5AF8,Negative,,Left,,NO,,,,,Positive,70-79%,WHITE,,YES,1,Female,Breast,Sentinel lymph node biopsy plus axillary dissection,,,,Other,AR,
TCGA-AR-A2LK,62,M0,N2,Stage III,6th,T3,,,0,42.84,1:Recurred/Progressed,,,,Positive,70-79%,NOT HISPANIC OR LATINO,Wide local excision,1/25/12,,,,,,Negative,,1,,,Infiltrating Lobular Carcinoma,,No,No,C50.9,8520/3,C50.9,Equivocal,,YES,2007,YES,5,,18,Negative,Post (prior bilateral ovariectomy OR >12 mo since LMP with no prior hysterectomy),,,NO,Core needle biopsy,,,,,,Positive,,,,Negative,,,Positive,,54.17,1:DECEASED,1B703058-E596-45BC-80FE-8B98D545C2E2,Positive,,Right Upper Outer Quadrant|Right Lower Outer Quadrant,,NO,,,,,Positive,,WHITE,,YES,1,Female,Breast,Sentinel lymph node biopsy plus axillary dissection,,Mastectomy NOS,,Other,AR,
TCGA-AR-A2LL,70,M0,N0,Stage IIB,6th,T3,,,0,66.1,0:DiseaseFree,,,,Positive,70-79%,NOT HISPANIC OR LATINO,,2/14/12,,,,,,Negative,,2,,,Infiltrating Lobular Carcinoma,,No,Yes,C50.9,8520/3,C50.9,Equivocal,,YES,2007,YES,0,,4,,Post (prior bilateral ovariectomy OR >12 mo since LMP with no prior hysterectomy),,,NO,Core needle biopsy,,YES,,,,,,,,,,,,,66.1,0:LIVING,70FC011C-0F22-4026-9D72-87351126203A,Negative,,Left,,NO,,,,,Positive,70-79%,WHITE,,YES,1,Female,Breast,Sentinel lymph node biopsy plus axillary dissection,,,,Simple Mastectomy,AR,
TCGA-AR-A2LM,49,M0,N1,Stage II,6th,T1,,,0,63.57,0:DiseaseFree,,,,Positive,70-79%,NOT HISPANIC OR LATINO,,1/12/12,,,,,,Negative,,,,,Infiltrating Lobular Carcinoma,,No,No,C50.9,8520/3,C50.9,,,YES,2007,YES,1,,3,,Pre (<6 months since LMP AND no prior bilateral ovariectomy AND not on estrogen replacement),,,NO,Core needle biopsy,,YES,,,,,,,,,,,,,63.57,0:LIVING,0BF6E772-1AA1-4F54-9A50-C1414E2F22F3,Negative,,Right,,NO,,,,,Positive,70-79%,WHITE,,YES,1,Female,Breast,Sentinel lymph node biopsy plus axillary dissection,,,,Simple Mastectomy,AR,
TCGA-AR-A2LN,65,M0,N0,Stage IIA,7th,T2,,,0,38.14,0:DiseaseFree,,,,Positive,70-79%,NOT HISPANIC OR LATINO,Mastectomy,1/12/12,,,,,,,,1,,,Infiltrating Lobular Carcinoma,,No,No,C50.9,8520/3,C50.9,Negative,,YES,2010,YES,0,,2,,Post (prior bilateral ovariectomy OR >12 mo since LMP with no prior hysterectomy),,,NO,Core needle biopsy,,,,,,,,,,,,,,,38.14,0:LIVING,A076F135-BE82-40FA-8516-285ED355C965,Negative,,Right Upper Outer Quadrant,,NO,,,,,Positive,70-79%,WHITE,,YES,1,Female,Breast,Sentinel lymph node biopsy plus axillary dissection,,,,Other,AR,
TCGA-AR-A2LO,46,M0,N1,Stage IIB,7th,T2,,,0,39.36,0:DiseaseFree,,,,Positive,70-79%,NOT HISPANIC OR LATINO,,1/12/12,,,,,,Negative,,2,,,Infiltrating Lobular Carcinoma,,No,No,C50.9,8520/3,C50.9,Equivocal,,YES,2010,YES,1,,16,,Pre (<6 months since LMP AND no prior bilateral ovariectomy AND not on estrogen replacement),,,NO,Core needle biopsy,,,,,,,,,,,,,,,39.36,0:LIVING,AD0FA961-C085-4F38-B3DB-5FC0CBF6B64F,Negative,,Left Lower Outer Quadrant,,NO,,,,,Positive,,WHITE,,YES,1,Female,Breast,Sentinel lymph node biopsy plus axillary dissection,,,,Simple Mastectomy,AR,
TCGA-AR-A2LQ,59,M0,N0,Stage IIB,7th,T3,,,0,40.51,0:DiseaseFree,,,,Positive,70-79%,NOT HISPANIC OR LATINO,,1/12/12,,,,,,,,1,,,Infiltrating Lobular Carcinoma,,No,No,C50.9,8520/3,C50.9,Negative,,YES,2010,YES,0,,3,,Post (prior bilateral ovariectomy OR >12 mo since LMP with no prior hysterectomy),,,NO,Core needle biopsy,,,,,,,,,,,,,,,40.51,0:LIVING,4229E432-6AC5-49D2-B58A-E8713DDB79BD,Negative,,Right Upper Inner Quadrant|Right Upper Outer Quadrant,,NO,,,,,Positive,<10%,WHITE,,YES,1,Female,Breast,Sentinel lymph node biopsy plus axillary dissection,,,,Simple Mastectomy,AR,
TCGA-AR-A2LR,49,M0,N0,Stage I,7th,T1,,,0,57.23,0:DiseaseFree,,,,Negative,,NOT HISPANIC OR LATINO,,2/14/12,,,,,,,,,,,Metaplastic Carcinoma,,No,Yes,C50.9,8575/3,C50.9,Negative,,YES,2010,YES,0,,4,,Post (prior bilateral ovariectomy OR >12 mo since LMP with no prior hysterectomy),,,NO,Core needle biopsy,,,,,,,,,,,,,,,57.23,0:LIVING,D093173F-08AB-4138-BF3C-399C45A6E163,Negative,,Right,,NO,,,,,Negative,,WHITE,,YES,1,Female,Breast,Sentinel lymph node biopsy plus axillary dissection,,,,Simple Mastectomy,AR,TUMOR FREE
TCGA-AR-A5QM,62,M0,N0,Stage IIA,6th,T2,,,0,31.8,1:Recurred/Progressed,,,,Positive,,NOT HISPANIC OR LATINO,Wide Excision,5/15/13,,,,,,,,2,,,Infiltrating Lobular Carcinoma,,No,Yes,C50.9,8520/3,C50.9,Equivocal,,YES,2008,YES,0,,9,,Post (prior bilateral ovariectomy OR >12 mo since LMP with no prior hysterectomy),,,,Core needle biopsy,,,YES,,,,,,,,,,,,73.29,0:LIVING,9C895825-D6F6-4D14-A662-23212200F6E5,,YES,Left,,NO,,,,,Positive,,WHITE,YES,YES,1,Female,Breast,Sentinel lymph node biopsy plus axillary dissection,,,,Other,AR,TUMOR FREE
TCGA-AR-A5QN,68,M0,N3,Stage IIIC,7th,T2,,,0,33.28,0:DiseaseFree,,,,Positive,,NOT HISPANIC OR LATINO,,5/15/13,,,,,,,,3,,,Infiltrating Lobular Carcinoma,,No,No,C50.9,8520/3,C50.9,Positive,,YES,2012,YES,10,,19,,Post (prior bilateral ovariectomy OR >12 mo since LMP with no prior hysterectomy),,,,Core needle biopsy,,,NO,,,,,,,,,,,,33.28,0:LIVING,077506EA-8F11-405D-BB8E-3C9924FE54D0,,YES,Left,,NO,,,,,Positive,,WHITE,YES,YES,1,Female,Breast,Axillary lymph node dissection alone,,,,Modified Radical Mastectomy,AR,TUMOR FREE
TCGA-AR-A5QP,54,M0,N1,Stage IIB,7th,T2,,,0,38.93,0:DiseaseFree,,,,Positive,,NOT HISPANIC OR LATINO,,5/15/13,,,,,,,,2,,,Infiltrating Lobular Carcinoma,,No,No,C50.9,8520/3,C50.9,Equivocal,,YES,2011,YES,1,,40,,Post (prior bilateral ovariectomy OR >12 mo since LMP with no prior hysterectomy),,,,,,,NO,,,,,,,,,,,,38.93,0:LIVING,3C275152-D04B-440C-9621-2FC05EA977B6,,YES,Left,,NO,,,,,Positive,,WHITE,YES,YES,1,Female,Breast,Sentinel lymph node biopsy plus axillary dissection,,,,Lumpectomy,AR,TUMOR FREE
TCGA-AR-A5QQ,68,M0,N1,Stage IIIA,7th,T3,,,0,9.89,1:Recurred/Progressed,,,,Negative,,NOT HISPANIC OR LATINO,,5/15/13,,,,,,,,1,,,"Other, specify",,No,No,C50.9,8575/3,C50.9,Negative,,YES,2011,YES,1,,24,,Post (prior bilateral ovariectomy OR >12 mo since LMP with no prior hysterectomy),,,,Core needle biopsy,,,YES,,,,,,,,,,,,10.58,1:DECEASED,3AF31FCF-AD0C-4FD9-A8E3-10F9176B5E9D,,YES,Right,,NO,,,,,Negative,,WHITE,YES,YES,1,Female,Breast,Axillary lymph node dissection alone,,,,Modified Radical Mastectomy,AR,TUMOR FREE
TCGA-B6-A0I1,73,M0,N0,Stage IIA,5th,T2,image cytometry,,0,36.79,1:Recurred/Progressed,,,,Negative,,NOT HISPANIC OR LATINO,,1/11/12,,,,,,,,,,,Infiltrating Ductal Carcinoma,,No,No,C50.9,8500/3,C50.9,,,YES,1998,YES,0,,7,,Post (prior bilateral ovariectomy OR >12 mo since LMP with no prior hysterectomy),,,,Incisional Biopsy,,NO,,,,,,,,,,,,,77.56,1:DECEASED,5DD423E8-FEAA-4568-A750-500948C41D6C,Negative,,Left Upper Outer Quadrant,,NO,image cytometry,,,,Negative,,BLACK OR AFRICAN AMERICAN,,YES,1,Female,Breast,Axillary lymph node dissection alone,,,,Modified Radical Mastectomy,B6,TUMOR FREE
TCGA-B6-A0I2,45,M0,N0 (i-),Stage IA,4th,T1c,,,0,143.27,0:DiseaseFree,,,,,,NOT HISPANIC OR LATINO,,11/2/10,,,,,,,,,,,Infiltrating Ductal Carcinoma,,No,No,C50.9,8500/3,C50.9,,,YES,1995,,0,,8,,Indeterminate (neither Pre or Postmenopausal),,,,Excisional Biopsy,,NO,,,,,,,,,,,,,143.27,0:LIVING,328dfcb0-b5ae-43f2-bc87-dad0ab3df9e7,,,Left Upper Outer Quadrant|Left,,NO,,,,,,,WHITE,,YES,1,Female,Breast,Axillary lymph node dissection alone,,,,,B6,TUMOR FREE
TCGA-B6-A0I5,49,M0,N1b,Stage IIB,3rd,T2,,,0,281.08,0:DiseaseFree,,,,Positive,,NOT HISPANIC OR LATINO,biopsy,11/2/10,,,,,,,,,,,Infiltrating Ductal Carcinoma,,No,No,C50.9,8500/3,C50.9,,,YES,1988,,5,,13,,Indeterminate (neither Pre or Postmenopausal),,,,"Other method, specify:","biopsy, NOS",NO,,,,,,,,,,,,,281.08,0:LIVING,1a18974d-967c-4727-b42e-12ae7be66589,Negative,,Right Lower Inner Quadrant,,NO,,,,,Positive,,WHITE,,YES,1,Female,Breast,Axillary lymph node dissection alone,,,,Other,B6,TUMOR FREE
TCGA-B6-A0I6,49,M0,N1,Stage IIA,3rd,T1c,,,0,28.22,1:Recurred/Progressed,,,,Negative,,NOT HISPANIC OR LATINO,,11/2/10,,,,,,,,,,,Infiltrating Ductal Carcinoma,,No,No,C50.9,8500/3,C50.9,,,YES,1990,,6,,32,,Indeterminate (neither Pre or Postmenopausal),,,,"Other method, specify:","Biopsy, NOS",NO,,,,,,,,,,,,,32.56,1:DECEASED,045c13ef-3db7-4adf-b0a3-23338f0479f3,Negative,,Left Upper Outer Quadrant|Left,,NO,,,,,Negative,,BLACK OR AFRICAN AMERICAN,,YES,1,Female,Breast,Axillary lymph node dissection alone,,,,Modified Radical Mastectomy,B6,WITH TUMOR
TCGA-B6-A0I8,46,M0,NX,Stage X,4th,T1,,,0,24.51,1:Recurred/Progressed,,,,,,NOT HISPANIC OR LATINO,,11/2/10,,,,,,,,,,,Infiltrating Ductal Carcinoma,,No,Yes,C50.9,8500/3,C50.9,,,YES,1992,,,,0,,Indeterminate (neither Pre or Postmenopausal),,,,"Other method, specify:","Biopsy, NOS",NO,,,,,,,,,,,,,24.61,1:DECEASED,6e6408d6-6c48-4dfc-9f1c-28b7386e87b4,,,Right Upper Inner Quadrant|Right,,NO,,,,,,,WHITE,,YES,1,Female,Breast,No axillary staging,,,,,B6,WITH TUMOR
TCGA-B6-A0I9,62,M1,NX,Stage IV,3rd,T3,IHC,,0,,,,,,Indeterminate,,NOT HISPANIC OR LATINO,,11/2/10,,,,,,,,,,,Infiltrating Ductal Carcinoma,,No,No,C50.9,8500/3,C50.9,,,YES,1992,,,,,,Indeterminate (neither Pre or Postmenopausal),,Bone,,"Other method, specify:","Biopsy, NOS",NO,,,,,,,,,,,,,11.89,1:DECEASED,44954053-0b93-4577-a436-42777e442300,,,Left Lower Outer Quadrant|Left,,NO,IHC,,,,Positive,,WHITE,,YES,1,Female,Breast,No axillary staging,,,,,B6,WITH TUMOR
TCGA-B6-A0IA,51,M0,N0 (i-),Stage IIA,,T2,IHC,,0,275.66,0:DiseaseFree,,,,Positive,,NOT HISPANIC OR LATINO,Excisional biopsy,11/2/10,,,,,,,,,,,"Other, specify",,No,No,C50.9,8523/3,C50.9,,,YES,1992,,0,,15,,Indeterminate (neither Pre or Postmenopausal),,,,"Other method, specify:","Biopsy, NOS",NO,,,,,,,,,,,,,275.66,0:LIVING,0807435a-e75e-4e04-8e45-ed0cd49a841a,Negative,,Right,,NO,IHC,,,,Positive,,WHITE,,YES,1,Female,Breast,Axillary lymph node dissection alone,,,,Other,B6,TUMOR FREE
TCGA-B6-A0IB,64,M1,N3,Stage IV,3rd,T3,IHC,,0,89.26,1:Recurred/Progressed,,,,Positive,,NOT HISPANIC OR LATINO,,11/2/10,,,,,,,,,,,Infiltrating Ductal Carcinoma,,No,No,C50.9,8500/3,C50.9,,,YES,1992,,8,,15,,Indeterminate (neither Pre or Postmenopausal),Skin,"Other, specify",,"Other method, specify:","Biopsy, NOS",NO,,,,,,,,,,,,,129.47,1:DECEASED,157ec9e0-ca6e-4da1-9233-f976cf0db433,Negative,,Right Upper Inner Quadrant|Right,,NO,IHC,,,,Positive,,WHITE,,YES,1,Female,Breast,Axillary lymph node dissection alone,,,,Modified Radical Mastectomy,B6,WITH TUMOR
TCGA-B6-A0IC,90,MX,NX,Stage X,3rd,T2,IHC,,0,,,,,,Positive,,NOT HISPANIC OR LATINO,Excisional biopsy,11/2/10,,,,,,,,,,,"Other, specify",,No,No,C50.9,8503/3,C50.9,,,YES,1992,,,,,,Post (prior bilateral ovariectomy OR >12 mo since LMP with no prior hysterectomy),,,,Fine needle aspiration biopsy,,NO,,,,,,,,,,,,,50.66,1:DECEASED,b804f7ae-da8f-4414-be11-f880f1859160,Negative,,Right,,NO,IHC,,,,Positive,,WHITE,,YES,1,Female,Breast,No axillary staging,,,,Other,B6,
TCGA-B6-A0IE,38,M0,N1b,Stage IIIA,4th,T3,Image Analysis,,0,27.4,1:Recurred/Progressed,,,,Negative,,NOT HISPANIC OR LATINO,Wide re-excisional biopsy,11/2/10,,,,,,,,,,,Mixed Histology (please specify),Lobular/Ductal,No,No,C50.9,8520/3,C50.9,,,YES,1995,,6,,24,Negative,Pre (<6 months since LMP AND no prior bilateral ovariectomy AND not on estrogen replacement),,,,Incisional Biopsy,,NO,,,,,,,,,,,,,65.47,1:DECEASED,3f834fa7-6d7b-4b85-98c0-5c55d55b6c95,Close,,Left Upper Outer Quadrant|Left,,NO,Image Analysis,,,,Negative,,BLACK OR AFRICAN AMERICAN,,YES,1,Female,Breast,Axillary lymph node dissection alone,,,,Other,B6,WITH TUMOR
TCGA-B6-A0IG,50,M0,N1b,Stage IIB,4th,T2,Image Analysis,,0,,,,,,Positive,,NOT HISPANIC OR LATINO,,11/2/10,,,,,,,,,,,Infiltrating Ductal Carcinoma,,No,No,C50.9,8500/3,C50.9,,,YES,1994,,4,,16,,Indeterminate (neither Pre or Postmenopausal),,,,"Other method, specify:","Biopsy, NOS",NO,,,,,,,,,,,,,146.39,1:DECEASED,34ab0cb8-bf19-4cbb-b4eb-3c45ee5aa60b,Negative,,Left,,NO,Image Analysis,,,,Positive,,WHITE,,YES,1,Female,Breast,Axillary lymph node dissection alone,,,,Modified Radical Mastectomy,B6,WITH TUMOR
TCGA-B6-A0IH,81,M0,N1b,Stage IIIA,4th,T3,Image Analysis,,0,,,,,,Positive,,NOT HISPANIC OR LATINO,Excisional biopsy,3/15/11,,,,,,,,,,,Infiltrating Lobular Carcinoma,,No,No,C50.9,8520/3,C50.9,,,YES,1995,YES,25,,27,Negative,Post (prior bilateral ovariectomy OR >12 mo since LMP with no prior hysterectomy),,,,Fine needle aspiration biopsy,,NO,,,,,,,,,,,,,112.29,1:DECEASED,2476dda9-da2a-4242-9642-b92b8b9b1c79,Positive,,Left Upper Outer Quadrant|Left,,NO,Image Analysis,,,,Positive,,WHITE,,YES,1,Female,Breast,Axillary lymph node dissection alone,,Modified radical mastectomy,,Other,B6,
TCGA-B6-A0IJ,42,M0,N0 (i-),Stage IIB,,T3,Image Analysis,,0,233.44,0:DiseaseFree,,,,Positive,,NOT HISPANIC OR LATINO,,11/2/10,,,,,,,,,,,Infiltrating Ductal Carcinoma,,No,No,C50.9,8500/3,C50.9,,,YES,1995,,0,,27,,Indeterminate (neither Pre or Postmenopausal),,,,Excisional Biopsy,,NO,,,,,,,,,,,,,233.44,0:LIVING,2c86c3ea-d926-4d39-a5ae-39ece4774287,Negative,,Right Upper Outer Quadrant|Right,,NO,Image Analysis,,,,Positive,,BLACK OR AFRICAN AMERICAN,,YES,1,Female,Breast,Axillary lymph node dissection alone,,,,Modified Radical Mastectomy,B6,TUMOR FREE
TCGA-B6-A0IK,63,M0,N1,Stage IIIB,4th,T4,Image Analysis,,0,16.06,1:Recurred/Progressed,,,,Negative,,NOT HISPANIC OR LATINO,,11/2/10,,,,,,,,,,,Infiltrating Ductal Carcinoma,,No,No,C50.9,8500/3,C50.9,,,YES,1994,,1,,14,Negative,Indeterminate (neither Pre or Postmenopausal),,,,"Other method, specify:","Biopsy, NOS",NO,,,,,,,,,,,,,18.76,1:DECEASED,0491063c-14a7-4104-8002-1459126332f3,Positive,,Left,,NO,Image Analysis,,,,Negative,,WHITE,,YES,1,Female,Breast,,,Modified radical mastectomy,,Lumpectomy,B6,WITH TUMOR
TCGA-B6-A0IM,75,M0,N0 (i-),Stage IIB,4th,T3,Image Analysis,,0,,,,,,Positive,,NOT HISPANIC OR LATINO,,11/2/10,,,,,,,,,,,"Other, specify",,No,No,C50.9,8523/3,C50.9,,,YES,1997,,0,,9,Negative,Post (prior bilateral ovariectomy OR >12 mo since LMP with no prior hysterectomy),,,,Fine needle aspiration biopsy,,NO,,,,,,,,,,,,,127.23,1:DECEASED,5a4b7098-1f6a-49e9-b364-29d6d34f5bd5,Positive,,Right Upper Outer Quadrant|Right,,NO,Image Analysis,,,,Positive,,BLACK OR AFRICAN AMERICAN,,YES,1,Female,Breast,Axillary lymph node dissection alone,,Modified radical mastectomy,,Lumpectomy,B6,TUMOR FREE
TCGA-B6-A0IN,45,MX,NX,Stage X,4th,T1c,Image Analysis,,0,46.39,1:Recurred/Progressed,,,,Positive,,NOT HISPANIC OR LATINO,Excisional biopsy,11/2/10,,,,,,,,,,,"Other, specify",,No,No,C50.9,8523/3,C50.9,,,YES,1996,,,,,Negative,Indeterminate (neither Pre or Postmenopausal),,,,Fine needle aspiration biopsy,,NO,,,,,,,,,,,,,84.53,1:DECEASED,16a8d916-ad46-4690-b1a5-3b2b323f4336,Positive,,Right Upper Outer Quadrant|Right,,NO,Image Analysis,,,,Negative,,WHITE,,YES,1,Female,Breast,No axillary staging,,Modified radical mastectomy,,Other,B6,WITH TUMOR
TCGA-B6-A0IO,66,M0,N0 (i-),Stage IIA,,T2,Image Analysis,,0,165.64,0:DiseaseFree,,,,Positive,,NOT HISPANIC OR LATINO,,11/2/10,,,,,,,,,,,Infiltrating Ductal Carcinoma,,No,No,C50.9,8500/3,C50.9,,,YES,2001,,0,,17,,Indeterminate (neither Pre or Postmenopausal),,,,Core needle biopsy,,NO,,,,,,,,,,,,,165.64,0:LIVING,04af44fc-c487-4005-b3cb-cb64815824a2,Negative,,Left,,NO,Image Analysis,,,,Indeterminate,,WHITE,,YES,1,Female,Breast,Axillary lymph node dissection alone,,,,Modified Radical Mastectomy,B6,TUMOR FREE
TCGA-B6-A0IP,74,M0,N0 (i-),Stage IA,,T1c,IMAGE ANALYSIS,,0,,,,,,Positive,,NOT HISPANIC OR LATINO,,11/2/10,,,,,,,,,,,Infiltrating Lobular Carcinoma,,No,No,C50.9,8520/3,C50.9,,,YES,1997,YES,0,,16,,Post (prior bilateral ovariectomy OR >12 mo since LMP with no prior hysterectomy),,,,Fine needle aspiration biopsy,,NO,,,,,,,,,,,,,128.98,1:DECEASED,1402082d-25c9-4148-8a1e-f58450b706bb,Negative,,Left Upper Outer Quadrant,,NO,IMAGE ANALYSIS,,,,Positive,,WHITE,,YES,1,Female,Breast,Axillary lymph node dissection alone,,,,Modified Radical Mastectomy,B6,TUMOR FREE
TCGA-B6-A0IQ,40,M0,N1b,Stage IIIA,4th,T3,Image Analysis,,0,140.77,0:DiseaseFree,,,,Negative,,NOT HISPANIC OR LATINO,,11/2/10,,,,,,,,,,,Infiltrating Ductal Carcinoma,,No,No,C50.9,8500/3,C50.9,,,YES,1996,,1,,26,,Indeterminate (neither Pre or Postmenopausal),,,,"Other method, specify:","Biopsy, NOS",NO,,,,,,,,,,,,,140.77,0:LIVING,01eef340-598c-4205-a990-cec190ac2ca5,Negative,,Left Upper Outer Quadrant|Left,,NO,Image Analysis,,,,Negative,,WHITE,,YES,1,Female,Breast,Axillary lymph node dissection alone,,,,Modified Radical Mastectomy,B6,TUMOR FREE
TCGA-B6-A0RE,61,M0,N0 (i-),Stage X,,TX,,,0,255.49,0:DiseaseFree,,,,Negative,,NOT HISPANIC OR LATINO,,11/2/10,,,,,,,,,,,Infiltrating Ductal Carcinoma,,No,No,C50.9,8500/3,C50.9,,,YES,1989,,0,,14,,Indeterminate (neither Pre or Postmenopausal),,,,"Other method, specify:",,NO,,,,,,,,,,,,,255.49,0:LIVING,08da7c4c-3067-4bcf-9d7a-78566df72e69,Negative,,Right Upper Outer Quadrant|Right,,NO,,,,,Negative,,BLACK OR AFRICAN AMERICAN,,YES,1,Female,Breast,Axillary lymph node dissection alone,,,,Modified Radical Mastectomy,B6,TUMOR FREE
TCGA-B6-A0RG,26,M0,N0 (i-),Stage IIB,4th,T3,IHC,,0,68.4,0:DiseaseFree,,,,Negative,,NOT HISPANIC OR LATINO,,11/2/10,,,,,,,,,,,Infiltrating Ductal Carcinoma,,No,No,C50.9,8500/3,C50.9,,,YES,1991,,0,,19,,Indeterminate (neither Pre or Postmenopausal),,,,"Other method, specify:","Biopsy, NOS",NO,,,,,,,,,,,,,68.4,0:LIVING,9b13927c-7357-44fd-8385-92ae6a656b7d,Negative,,Left,,NO,IHC,,,,Negative,,WHITE,,YES,1,Female,Breast,Axillary lymph node dissection alone,,,,Lumpectomy,B6,TUMOR FREE
TCGA-B6-A0RH,51,M0,N0 (i-),Stage IIA,6th,T2,Immunohistochemistry,,0,71.12,1:Recurred/Progressed,,,,Positive,,NOT HISPANIC OR LATINO,,3/15/11,,,,,,,,,,,Infiltrating Ductal Carcinoma,,No,No,C50.9,8500/3,C50.9,,,YES,1991,YES,0,,23,Negative,Indeterminate (neither Pre or Postmenopausal),,,,Incisional Biopsy,,NO,,,,,,,,,,,,,212.09,1:DECEASED,c3148e68-1739-4334-abda-1dcbc2166846,Positive,,Left Lower Inner Quadrant,,NO,Immunohistochemistry,,,,Positive,,BLACK OR AFRICAN AMERICAN,,YES,1,Female,Breast,Axillary lymph node dissection alone,,,,Modified Radical Mastectomy,B6,TUMOR FREE
TCGA-B6-A0RI,44,M0,N1b,Stage IIIB,3rd,T4b,IHC,,0,36.14,1:Recurred/Progressed,,,,Positive,,NOT HISPANIC OR LATINO,,11/2/10,,,,,,,,,,,Infiltrating Ductal Carcinoma,,No,No,C50.9,8500/3,C50.9,,,YES,1992,,6,,15,,Indeterminate (neither Pre or Postmenopausal),,,,"Other method, specify:","Biopsy, NOS",NO,,,,,,,,,,,,,234.1,0:LIVING,bfd55808-dddd-44c3-97d7-41600497b992,Negative,,Right Upper Outer Quadrant|Right,,NO,IHC,,,,Positive,,WHITE,,YES,1,Female,Breast,Axillary lymph node dissection alone,,,,Modified Radical Mastectomy,B6,WITH TUMOR
TCGA-B6-A0RL,60,M0,N0 (i-),Stage IIA,4th,T2,Image Analysis,,0,,,,,,Positive,,NOT HISPANIC OR LATINO,,11/2/10,,,,,,,,,,,Infiltrating Ductal Carcinoma,,No,No,C50.9,8500/3,C50.9,,,YES,1993,,0,,16,,,,,,Fine needle aspiration biopsy,,NO,,,,,,,,,,,,,81.11,1:DECEASED,5562455d-bbb8-46eb-a510-e8c6e1e26789,Negative,,Left,,NO,Image Analysis,,,,Positive,,BLACK OR AFRICAN AMERICAN,,YES,1,Female,Breast,Axillary lymph node dissection alone,,,,Modified Radical Mastectomy,B6,TUMOR FREE
TCGA-B6-A0RM,57,MX,NX,Stage X,4th,TX,Image Analysis,,0,,,,,,Positive,,NOT HISPANIC OR LATINO,,11/2/10,,,,,,,,,,,Infiltrating Ductal Carcinoma,,No,No,C50.9,8500/3,C50.9,,,YES,1993,,,,0,,Indeterminate (neither Pre or Postmenopausal),,,,"Other method, specify:","Biopsy, NOS",NO,,,,,,,,,,,,,77.96,1:DECEASED,151f3677-6854-4265-9126-d92c646c67ae,,,Left,,NO,Image Analysis,,,,Positive,,BLACK OR AFRICAN AMERICAN,,YES,1,Female,Breast,No axillary staging,,,,,B6,TUMOR FREE
TCGA-B6-A0RN,60,M0,N0 (i-),Stage IA,,T1c,Image Analysis,,0,263.07,0:DiseaseFree,,,,Negative,,NOT HISPANIC OR LATINO,,11/2/10,,,,,,,,,,,Infiltrating Ductal Carcinoma,,No,No,C50.9,8500/3,C50.9,,,YES,1993,,0,,19,,Post (prior bilateral ovariectomy OR >12 mo since LMP with no prior hysterectomy),,,,"Other method, specify:","Biopsy, NOS",NO,,,,,,,,,,,,,263.07,0:LIVING,2199b7a1-bd47-4bb5-b36a-a3e291e3e259,Negative,,Right Upper Inner Quadrant|Right,,NO,Image Analysis,,,,Negative,,WHITE,,YES,1,Female,Breast,Axillary lymph node dissection alone,,,,Modified Radical Mastectomy,B6,TUMOR FREE
TCGA-B6-A0RO,71,M0,N1a,Stage IIIB,4th,T4,Image Analysis,,0,161.93,0:DiseaseFree,,,,Positive,,NOT HISPANIC OR LATINO,,11/2/10,,,,,,,,,,,Infiltrating Ductal Carcinoma,,No,No,C50.9,8500/3,C50.9,,,YES,1993,,2,,17,,Post (prior bilateral ovariectomy OR >12 mo since LMP with no prior hysterectomy),,,,"Other method, specify:","Biopsy, NOS",NO,,,,,,,,,,,,,161.93,0:LIVING,0b172e29-6166-4863-803d-a0a010887c11,Negative,,Right,,NO,Image Analysis,,,,Positive,,WHITE,,YES,1,Female,Breast,Axillary lymph node dissection alone,,,,Modified Radical Mastectomy,B6,TUMOR FREE
TCGA-B6-A0RP,73,M0,N1b,,4th,T2,Image Analysis,,0,91.56,1:Recurred/Progressed,,,,Positive,,NOT HISPANIC OR LATINO,,11/2/10,,,,,,,,,,,Mixed Histology (please specify),ductal/lobular,No,No,C50.9,8522/3,C50.9,,,YES,1994,,2,,15,Negative,Post (prior bilateral ovariectomy OR >12 mo since LMP with no prior hysterectomy),,,,"Other method, specify:","Biopsy, NOS",NO,,,,,,,,,,,,,102.69,1:DECEASED,451e1a67-47e6-4738-99d7-fb7771ef61a3,Positive,,Left Upper Outer Quadrant|Left,,NO,Image Analysis,,,,Positive,,WHITE,,YES,1,Female,Breast,Axillary lymph node dissection alone,,Modified radical mastectomy,,Lumpectomy,B6,
TCGA-B6-A0RQ,68,M0,N0 (i-),Stage IIB,4th,T3,Image Analysis,,0,,,,,,Positive,,NOT HISPANIC OR LATINO,excisional biopsy,3/15/11,,,,,,,,,,,Infiltrating Lobular Carcinoma,,No,No,C50.9,8520/3,C50.9,,,YES,1994,YES,0,,14,Negative,Post (prior bilateral ovariectomy OR >12 mo since LMP with no prior hysterectomy),,,,Fine needle aspiration biopsy,,NO,,,,,,,,,,,,,140.18,1:DECEASED,caa9b533-24b4-4ecd-9159-c165de049f6a,,,Right Upper Outer Quadrant|Right,,NO,Image Analysis,,,,Positive,,WHITE,,YES,1,Female,Breast,Axillary lymph node dissection alone,,,,Other,B6,TUMOR FREE
TCGA-B6-A0RS,38,M0,N0 (i-),Stage IIA,3rd,T2,,,0,67.05,1:Recurred/Progressed,,,,Negative,,NOT HISPANIC OR LATINO,,11/2/10,,,,,,,,,,,Infiltrating Ductal Carcinoma,,No,No,C50.9,8500/3,C50.9,,,YES,1988,,0,,15,,Indeterminate (neither Pre or Postmenopausal),,,,"Other method, specify:","Biopsy, NOS",NO,,,,,,,,,,,,,100.62,1:DECEASED,9416ff9b-6f29-4554-b04d-b537a3ae3969,Negative,,Left Lower Inner Quadrant|Left,,NO,,,,,Negative,,WHITE,,YES,1,Female,Breast,Axillary lymph node dissection alone,,,,Modified Radical Mastectomy,B6,WITH TUMOR
TCGA-B6-A0RT,39,M0,N1,Stage IIIA,4th,T3,Image Analysis,,0,89.39,0:DiseaseFree,,,,Negative,,NOT HISPANIC OR LATINO,,11/3/10,,,,,,,,,,,Infiltrating Ductal Carcinoma,,No,No,C50.9,8500/3,C50.9,,,YES,1996,,1,,23,,Indeterminate (neither Pre or Postmenopausal),,,,Fine needle aspiration biopsy,,NO,,,,,,,,,,,,,89.39,0:LIVING,4bf50455-9ab7-4521-a791-089f66d3b877,Close,,Right Upper Outer Quadrant|Right,,NO,Image Analysis,,,,Negative,,WHITE,,YES,1,Female,Breast,Axillary lymph node dissection alone,,,,Modified Radical Mastectomy,B6,TUMOR FREE
TCGA-B6-A0RU,40,M0,N0 (i-),Stage IA,3rd,T1c,Image Analysis,,0,101.05,1:Recurred/Progressed,,,,Negative,,NOT HISPANIC OR LATINO,Excisional biopsy,11/2/10,,,,,,,,,,,"Other, specify",,No,No,C50.9,8523/3,C50.9,,,YES,1990,,0,,15,,Indeterminate (neither Pre or Postmenopausal),,,,Tumor resection,,NO,,,,,,,,,,,,,282.69,0:LIVING,6956473b-92e5-4069-a26b-b48e280e76f2,Negative,,Right,,NO,Image Analysis,,,,Negative,,WHITE,,YES,1,Female,Breast,Axillary lymph node dissection alone,,,,Other,B6,TUMOR FREE
TCGA-B6-A0RV,42,M0,N2,Stage IIIA,4th,T3,Image Analysis,,0,169.38,0:DiseaseFree,,,,Positive,,NOT HISPANIC OR LATINO,,11/2/10,,,,,,,,,,,Mixed Histology (please specify),Lobular/Ductal,No,No,C50.9,8522/3,C50.9,,,YES,1996,,5,,10,,Indeterminate (neither Pre or Postmenopausal),,,,Incisional Biopsy,,NO,,,,,,,,,,,,,169.38,0:LIVING,cd3faa15-743c-476f-ab0d-f205b14126b6,Negative,,Right,,NO,Image Analysis,,,,Positive,,WHITE,,YES,1,Female,Breast,Axillary lymph node dissection alone,,,,Modified Radical Mastectomy,B6,TUMOR FREE
TCGA-B6-A0WS,58,MX,NX,Stage X,4th,T1c,Image Analysis,,0,,,,,,Positive,,NOT HISPANIC OR LATINO,,3/15/11,,,,,,,,,,,Infiltrating Ductal Carcinoma,,No,No,C50.9,8500/3,C50.9,,,YES,1996,NO,,,,,Indeterminate (neither Pre or Postmenopausal),,,,Fine needle aspiration biopsy,,NO,,,,,,,,,,,,,97.4,1:DECEASED,197741de-a098-4f04-bb37-8ea8b3bb39bc,Positive,,Left Upper Outer Quadrant|Left,,NO,Image Analysis,,,,Positive,,BLACK OR AFRICAN AMERICAN,,YES,1,Female,Breast,No axillary staging,,,,Lumpectomy,B6,TUMOR FREE
TCGA-B6-A0WT,61,M0,N1,Stage IIB,4th,T2,Image Analysis,,0,126.87,1:Recurred/Progressed,,,,Positive,,NOT HISPANIC OR LATINO,,12/14/10,,,,,,,,,,,Infiltrating Ductal Carcinoma,,No,No,C50.9,8500/3,C50.9,,,YES,1995,,1,,15,,Post (prior bilateral ovariectomy OR >12 mo since LMP with no prior hysterectomy),,,,Fine needle aspiration biopsy,,NO,,,,,,,,,,,,,188.53,0:LIVING,d7195183-9fe4-4b17-bcfd-9367d2e539ce,Negative,,Left Lower Inner Quadrant|Left,,NO,Image Analysis,,,,Positive,,WHITE,,YES,1,Female,Breast,Axillary lymph node dissection alone,,,,Modified Radical Mastectomy,B6,TUMOR FREE
TCGA-B6-A0WV,67,M0,N1b,Stage IIB,4th,T2,Image Analysis,,0,,,,,,Positive,,NOT HISPANIC OR LATINO,,12/14/10,,,,,,,,,,,Infiltrating Ductal Carcinoma,,No,No,C50.9,8500/3,C50.9,,,YES,1995,,4,,7,,Post (prior bilateral ovariectomy OR >12 mo since LMP with no prior hysterectomy),,,,Incisional Biopsy,,NO,,,,,,,,,,,,,79.4,1:DECEASED,7588a286-6935-424a-bc5f-92e24c83eb37,Negative,,Right,,NO,Image Analysis,,,,Positive,,WHITE,,YES,1,Female,Breast,Axillary lymph node dissection alone,,,,Modified Radical Mastectomy,B6,TUMOR FREE
TCGA-B6-A0WW,58,MX,N1b,Stage X,4th,T2,Image Analysis,,0,14.68,1:Recurred/Progressed,,,,Positive,,NOT HISPANIC OR LATINO,,12/14/10,,,,,,,,,,,Infiltrating Ductal Carcinoma,,No,No,C50.9,8500/3,C50.9,,,YES,1997,,5,,18,,Indeterminate (neither Pre or Postmenopausal),,,,Incisional Biopsy,,NO,,,,,,,,,,,,,18.33,1:DECEASED,f02931f8-d72a-481d-b532-8b141dab115f,Negative,,Right Upper Inner Quadrant|Right,,NO,Image Analysis,,,,Positive,,BLACK OR AFRICAN AMERICAN,,YES,1,Female,Breast,Axillary lymph node dissection alone,,,,Modified Radical Mastectomy,B6,WITH TUMOR
TCGA-B6-A0WX,40,M0,N1b,Stage IIIA,5th,T3,Image Analysis,,0,18.5,1:Recurred/Progressed,,,,Negative,,NOT HISPANIC OR LATINO,,12/14/10,,,,,,,,,,,"Other, specify",,No,No,C50.9,8520/3,C50.9,,,YES,1998,,9,,21,,Pre (<6 months since LMP AND no prior bilateral ovariectomy AND not on estrogen replacement),,,,Excisional Biopsy,,NO,,,,,,,,,,,,,20.99,1:DECEASED,a482fc4c-ff1d-46a0-a968-7df06422cc4b,Negative,,Left,,NO,Image Analysis,,,,Negative,,BLACK OR AFRICAN AMERICAN,,YES,1,Female,Breast,Axillary lymph node dissection alone,,,,Modified Radical Mastectomy,B6,WITH TUMOR
TCGA-B6-A0WY,40,M0,N1b,Stage IIIA,4th,T3,Image Analysis,,0,66.06,1:Recurred/Progressed,,,,Positive,,NOT HISPANIC OR LATINO,,12/14/10,,,,,,,,,,,Infiltrating Ductal Carcinoma,,No,No,C50.9,8500/3,C50.9,,,YES,1996,,3,,21,,Pre (<6 months since LMP AND no prior bilateral ovariectomy AND not on estrogen replacement),,,,Core needle biopsy,,NO,,,,,,,,,,,,,113.7,1:DECEASED,f475d460-75cd-4fe9-aa54-c90be12b4ef8,Negative,,Left Lower Inner Quadrant|Left,,NO,Image Analysis,,,,Negative,,WHITE,,YES,1,Female,Breast,Axillary lymph node dissection alone,,,,Lumpectomy,B6,WITH TUMOR
TCGA-B6-A0WZ,50,M0,N1b,Stage II,4th,T2,Image Analysis,,0,168.1,1:Recurred/Progressed,,,,Positive,,NOT HISPANIC OR LATINO,Fine Needle aspiration biopsy,12/14/10,,,,,,,,,,,Infiltrating Ductal Carcinoma,,No,No,C50.9,8500/3,C50.9,,,YES,1996,,11,,21,,Indeterminate (neither Pre or Postmenopausal),,,,Fine needle aspiration biopsy,,NO,,,,,,,,,,,,,206.7,0:LIVING,08740d7f-5a5e-4dfa-bd48-7fbf228a7a28,Negative,,Right Upper Inner Quadrant|Right,,NO,Image Analysis,,,,Positive,,BLACK OR AFRICAN AMERICAN,,YES,1,Female,Breast,Axillary lymph node dissection alone,,,,Other,B6,TUMOR FREE
TCGA-B6-A0X0,54,M0,N0 (i-),Stage I,4th,T1c,Image Analysis,,0,,,,,,Positive,,NOT HISPANIC OR LATINO,,3/15/11,,,,,,,,,,,"Other, specify",,No,No,C50.919,8201/3,C50.9,,,YES,1996,YES,0,,31,,Indeterminate (neither Pre or Postmenopausal),,,,Fine needle aspiration biopsy,,NO,,,,,,,,,,,,,129.6,1:DECEASED,1e68e760-a4cf-4100-bf9c-e50fa8d126f6,Negative,,Right Upper Outer Quadrant|Right,,NO,Image Analysis,,,,Positive,,WHITE,,YES,1,Female,Breast,Axillary lymph node dissection alone,,,,Modified Radical Mastectomy,B6,
TCGA-B6-A0X1,48,M1,N1,,4th,T2,Image Analysis,,0,16.1,1:Recurred/Progressed,,,,Negative,,NOT HISPANIC OR LATINO,Fine needle aspiration biopsy,12/14/10,,,,,,,,,,,Infiltrating Ductal Carcinoma,,No,No,C50.9,8500/3,C50.9,,,YES,1994,,16,,21,,Indeterminate (neither Pre or Postmenopausal),,,,Fine needle aspiration biopsy,,NO,,,,,,,,,,,,,244.91,1:DECEASED,178b2c48-c07d-422e-ae17-8bcfd996ad51,Negative,,Left,,NO,Image Analysis,,,,Negative,,WHITE,,YES,1,Female,Breast,Axillary lymph node dissection alone,,,,Other,B6,TUMOR FREE
TCGA-B6-A0X4,62,M0,N1b,Stage IIB,4th,T2,Image Analysis,,0,23.52,1:Recurred/Progressed,,,,Positive,,NOT HISPANIC OR LATINO,,12/14/10,,,,,,,,,,,Infiltrating Ductal Carcinoma,,No,No,C50.9,8500/3,C50.9,,,YES,1996,,2,,21,,Post (prior bilateral ovariectomy OR >12 mo since LMP with no prior hysterectomy),,,,Incisional Biopsy,,NO,,,,,,,,,,,,,28.25,1:DECEASED,4e42fdc5-2a8b-49e9-87ef-6db7a6692d08,Negative,,Left,,NO,Image Analysis,,,,Positive,,WHITE,,YES,1,Female,Breast,Axillary lymph node dissection alone,,,,Modified Radical Mastectomy,B6,WITH TUMOR
TCGA-B6-A0X5,61,M0,N1b,Stage IIB,4th,T2,Image Analysis,,0,44.12,1:Recurred/Progressed,,,,Positive,,NOT HISPANIC OR LATINO,,12/14/10,,,,,,,,,,,Infiltrating Ductal Carcinoma,,No,No,C50.9,8500/3,C50.9,,,YES,1995,,3,,14,,Post (prior bilateral ovariectomy OR >12 mo since LMP with no prior hysterectomy),,,,,,NO,,,,,,,,,,,,,68.89,1:DECEASED,4e6edfe6-adcb-4c12-8ff4-38a79f5887e8,Negative,,Left,,NO,Image Analysis,,,,Positive,,BLACK OR AFRICAN AMERICAN,,YES,1,Female,Breast,Axillary lymph node dissection alone,,,,Modified Radical Mastectomy,B6,WITH TUMOR
TCGA-B6-A0X7,62,MX,NX,Stage X,4th,T1c,Image Analysis,,0,36.27,1:Recurred/Progressed,,,,Positive,,NOT HISPANIC OR LATINO,,12/14/10,,,,,,,,,,,Mixed Histology (please specify),Ductal/Lobular,No,No,C50.9,8500/3,C50.9,,,YES,1994,,,,0,,Post (prior bilateral ovariectomy OR >12 mo since LMP with no prior hysterectomy),,,,Excisional Biopsy,,NO,,,,,,,,,,,,,58.51,1:DECEASED,5b9a5cd2-5ec8-48a0-b9f2-da9bede0b089,,,Right,,NO,Image Analysis,,,,Positive,,WHITE,,YES,1,Female,Breast,No axillary staging,,,,,B6,
TCGA-B6-A1KC,67,M0,N1,Stage IIB,6th,T2,image cytometry,,0,43.56,0:DiseaseFree,,49 fmol/mg protein,,Positive,,NOT HISPANIC OR LATINO,,7/19/11,,,,,,,,,,,Infiltrating Ductal Carcinoma,,No,No,C50.9,8500/3,C50.9,Negative,,YES,2003,YES,1,,2,,Post (prior bilateral ovariectomy OR >12 mo since LMP with no prior hysterectomy),,,NO,Core needle biopsy,,NO,,,,,,,,,,,,,43.56,0:LIVING,1502c7d7-1535-4e56-9f34-30623acd50d5,Negative,,Right Lower Outer Quadrant,,NO,image cytometry,,,,Negative,,WHITE,,YES,1,Female,Breast,Sentinel node biopsy alone,,,,Lumpectomy,B6,TUMOR FREE
TCGA-B6-A1KF,68,M0,N1,Stage IIB,5th,T2,,,0,101.45,0:DiseaseFree,,,,Negative,,NOT HISPANIC OR LATINO,Excisional biopsy,7/19/11,,,,,,,60-69%,2,,,Infiltrating Ductal Carcinoma,,No,No,C50.9,8500/3,C50.9,Equivocal,,YES,1998,YES,2,,14,,Post (prior bilateral ovariectomy OR >12 mo since LMP with no prior hysterectomy),,,NO,Fine needle aspiration biopsy,,NO,,,,,,,,,,,,,101.45,0:LIVING,f30eb65f-fb44-4062-ac39-a38d072f655f,Negative,,Right Lower Outer Quadrant,,NO,,,,,Negative,,WHITE,,YES,1,Female,Breast,Axillary lymph node dissection alone,,,,Other,B6,TUMOR FREE
TCGA-B6-A1KI,63,M0,N0,Stage I,6th,T1c,image cytometry,3.1,0,73.46,0:DiseaseFree,,288 fmol/mg,,Positive,,NOT HISPANIC OR LATINO,Excisional biospy,7/19/11,60,,1.2,3.8,,Negative,90-99%,2,,,Infiltrating Ductal Carcinoma,,No,No,C50.9,8500/3,C50.9,Equivocal,,YES,2003,YES,0,,1,,Post (prior bilateral ovariectomy OR >12 mo since LMP with no prior hysterectomy),,,NO,Core needle biopsy,,NO,,,,,,,,,,,,,73.46,0:LIVING,1dafdd64-527d-4d46-bbdf-7a97774f881b,Negative,,Right Upper Inner Quadrant,,NO,image cytometry,,70 fmol/mg,,Positive,,WHITE,,YES,1,Female,Breast,Sentinel node biopsy alone,,,,Other,B6,TUMOR FREE
TCGA-B6-A1KN,57,M0,N1,Stage IIIB,5th,T4b,,,0,139.06,0:DiseaseFree,,,,Negative,,NOT HISPANIC OR LATINO,,7/19/11,,,,,,,,,,,Infiltrating Ductal Carcinoma,,No,No,C50.9,8500/3,C50.9,,,YES,1998,YES,24,,30,,Post (prior bilateral ovariectomy OR >12 mo since LMP with no prior hysterectomy),,,NO,Core needle biopsy,,NO,,,,,,,,,,,,,139.06,0:LIVING,271404de-24e8-43f6-806b-fb510c1124c4,Negative,,Right Upper Inner Quadrant,,NO,,,,,Negative,,WHITE,,YES,1,Female,Breast,Axillary lymph node dissection alone,,,,Modified Radical Mastectomy,B6,TUMOR FREE
TCGA-B6-A2IU,62,M0,N0,Stage IIA,5th,T2,image cytometry,,0,138.76,1:Recurred/Progressed,,,,Positive,,HISPANIC OR LATINO,,1/11/12,,,,,,,,,,,Infiltrating Lobular Carcinoma,,No,No,C50.9,8520/3,C50.9,,,YES,1998,YES,0,,28,,Indeterminate (neither Pre or Postmenopausal),,,,Core needle biopsy,,NO,,,,,,,,,,,,,170.04,0:LIVING,9857BE0C-AECA-4A43-90B1-0535BD08E086,Negative,,Right,,NO,image cytometry,,,,Positive,,WHITE,,YES,1,Female,Breast,Axillary lymph node dissection alone,,,,Modified Radical Mastectomy,B6,
TCGA-B6-A3ZX,50,M1,N1,Stage IV,6th,T3,,,0,32.65,1:Recurred/Progressed,,,4 Point Scale,Negative,<10%,NOT HISPANIC OR LATINO,,9/20/12,,,,,,,<10%,1,,,Mixed Histology (please specify),ductal and lobular,No,No,C50.9,8522/3,C50.9,Negative,1,YES,2007,YES,1,,7,Negative,,,Bone,,Core needle biopsy,,NO,YES,,,,,,,,,,,,37.84,1:DECEASED,9434687A-197C-4959-B6B8-9C05F1DD7F53,Close,YES,Left Upper Inner Quadrant,,NO,,1+,,4 Point Scale,Negative,<10%,BLACK OR AFRICAN AMERICAN,YES,YES,1,Female,Breast,Axillary lymph node dissection alone,,Lumpectomy,,Lumpectomy,B6,WITH TUMOR
TCGA-B6-A400,43,M0,N2a,Stage IIIA,6th,T2,,,0,7.06,0:DiseaseFree,,,4 Point Scale,Negative,<10%,NOT HISPANIC OR LATINO,,9/20/12,,,,,,,<10%,1,,,Infiltrating Ductal Carcinoma,,No,No,C50.9,8500/3,C50.9,Negative,1,YES,2008,YES,4,,5,,,,,,Tumor resection,,NO,NO,,,,,,,,,,,,7.06,0:LIVING,D9A1C06F-7B50-46B0-878E-89E8C31863AE,Negative,YES,Left Upper Outer Quadrant,,NO,,1+,,4 Point Scale,Negative,<10%,BLACK OR AFRICAN AMERICAN,YES,YES,1,Female,Breast,Sentinel lymph node biopsy plus axillary dissection,,,,Lumpectomy,B6,TUMOR FREE
TCGA-B6-A401,47,M0,N1a,Stage IIA,6th,T1c,,,0,85.28,0:DiseaseFree,,,4 Point Scale,Positive,80-89%,NOT HISPANIC OR LATINO,,9/20/12,,,,,,,<10%,1,,,Infiltrating Ductal Carcinoma,,No,No,C50.9,8500/3,C50.9,Negative,2,YES,2007,YES,1,,4,,,,,,Core needle biopsy,,NO,NO,,,,,,,,,,,,85.28,0:LIVING,48FF0420-0F19-4E9D-A75D-6C54949A461A,Negative,YES,Left Upper Outer Quadrant,,NO,,3+,,4 Point Scale,Positive,90-99%,BLACK OR AFRICAN AMERICAN,YES,YES,1,Female,Breast,Sentinel lymph node biopsy plus axillary dissection,,,,Lumpectomy,B6,TUMOR FREE
TCGA-B6-A402,47,M0,N0 (i-),Stage I,6th,T1c,,,0,76.54,1:Recurred/Progressed,,,4 Point Scale,Negative,<10%,NOT HISPANIC OR LATINO,,9/20/12,,,,,,,<10%,1,,,Infiltrating Ductal Carcinoma,,No,No,C50.9,8500/3,C50.9,Negative,1,YES,2008,YES,0,0,3,,,,,,Core needle biopsy,,YES,YES,,,,,,,,,,,,74.93,0:LIVING,75B3FE55-1A63-426E-867E-2EF52F54778D,Negative,YES,Right Lower Outer Quadrant,,NO,,1+,,4 Point Scale,Negative,<10%,BLACK OR AFRICAN AMERICAN,YES,YES,1,Female,Breast,Sentinel node biopsy alone,,,,Lumpectomy,B6,WITH TUMOR
TCGA-B6-A408,55,M0,N3a,Stage IIIC,6th,T2,,2.6,0,68.07,0:DiseaseFree,,,4 Point Scale,Positive,90-99%,NOT HISPANIC OR LATINO,,9/20/12,60,,1.2,2.9,,Negative,20-29%,2,,,Mixed Histology (please specify),ductal and lobular,No,No,C50.9,8522/3,C50.9,Equivocal,3,YES,2008,YES,10,,23,,,,,,Tumor resection,,NO,NO,,,,,,,,,,,,68.07,0:LIVING,9964F447-92AD-4D1E-AF20-11CF84FAB7B0,Negative,YES,Left,,NO,,3+,,4 Point Scale,Positive,60-69%,BLACK OR AFRICAN AMERICAN,YES,YES,1,Female,Breast,Axillary lymph node dissection alone,,,,Simple Mastectomy,B6,TUMOR FREE
TCGA-B6-A409,44,M0,N2a,Stage IIIA,6th,T1c,,1.8,0,14.98,1:Recurred/Progressed,,,4 Point Scale,Negative,<10%,NOT HISPANIC OR LATINO,,9/20/12,60,,1.2,2,,Negative,10-19%,1,,,Infiltrating Ductal Carcinoma,,No,No,C50.9,8500/3,C50.9,Equivocal,2,YES,2008,YES,6,,22,,Pre (<6 months since LMP AND no prior bilateral ovariectomy AND not on estrogen replacement),,,,Fine needle aspiration biopsy,,NO,YES,,,,,,,,,,,,18.82,1:DECEASED,5362CBC4-CD28-4AFD-A8AC-1A4C2C33CAD2,Negative,YES,Right Upper Outer Quadrant,,NO,,1+,,4 Point Scale,Negative,<10%,BLACK OR AFRICAN AMERICAN,NO,YES,1,Female,Breast,Sentinel lymph node biopsy plus axillary dissection,,,,Simple Mastectomy,B6,WITH TUMOR
TCGA-B6-A40B,76,M0,N0 (i-),Stage I,6th,T1b,,,0,103.55,0:DiseaseFree,,,4 Point Scale,Positive,90-99%,NOT HISPANIC OR LATINO,,9/20/12,,,,,,,<10%,1,,,Infiltrating Lobular Carcinoma,,No,No,C50.9,8520/3,C50.9,Negative,3,YES,2005,YES,0,0,3,,Post (prior bilateral ovariectomy OR >12 mo since LMP with no prior hysterectomy),,,,Core needle biopsy,,YES,NO,,,,,,,,,,,,103.55,0:LIVING,8539E15F-BA40-4219-AAEB-08D0AB101311,Negative,NO,Left Upper Outer Quadrant,,NO,,3+,,4 Point Scale,Positive,90-99%,WHITE,NO,YES,1,Female,Breast,Sentinel node biopsy alone,,,,Lumpectomy,B6,TUMOR FREE
TCGA-B6-A40C,51,M0,N0 (i-),Stage IIB,6th,T3,,,0,71.09,0:DiseaseFree,,,4 Point Scale,Positive,50-59%,NOT HISPANIC OR LATINO,,9/20/12,,,,,,,<10%,1,,,Infiltrating Lobular Carcinoma,,No,No,C50.9,8520/3,C50.9,Negative,3,YES,2005,YES,0,0,3,,,,,,Core needle biopsy,,YES,NO,,,,,,,,,,,,71.09,0:LIVING,FD0B1B8B-1A76-480A-B61C-D176E4E02C6B,Negative,YES,Left Upper Outer Quadrant,,NO,,3+,,4 Point Scale,Positive,90-99%,WHITE,YES,YES,1,Female,Breast,Sentinel node biopsy alone,,,,Simple Mastectomy,B6,TUMOR FREE
TCGA-BH-A0AU,45,M0,N0,Stage IIA,6th,T2,,,0,62.88,0:DiseaseFree,,,,Positive,,NOT HISPANIC OR LATINO,left segmental mastectomy with sentinel node dissection,7/27/11,,,,,,Negative,,,,,Infiltrating Ductal Carcinoma,,No,No,C50.9,8500/3,C50.9,Positive,,YES,2008,YES,0,,2,,Pre (<6 months since LMP AND no prior bilateral ovariectomy AND not on estrogen replacement),,,NO,Core needle biopsy,,,,,,,,,,,,,,,62.88,0:LIVING,360d1d6d-cf3e-4c78-b36f-ef5e3160aa6b,Negative,,Left Upper Inner Quadrant,,NO,,,,,Positive,,WHITE,,YES,1,Female,Breast,,,,,Other,BH,TUMOR FREE
TCGA-BH-A0AV,52,M0,N0,Stage I,6th,T1c,,,0,59.79,0:DiseaseFree,,,,Negative,,,Segmental mastectomy with left axillary lymph node dissection,8/2/11,,,,,,Negative,,,,,Infiltrating Ductal Carcinoma,,No,No,C50.9,8500/3,C50.9,,,YES,2008,YES,0,,2,,,,,NO,Core needle biopsy,,,,,,,,,,,,,,,59.79,0:LIVING,790ff5db-b7f3-4946-aaed-305f66b1dd6a,Negative,,Left Upper Inner Quadrant,,NO,,,,,Negative,,BLACK OR AFRICAN AMERICAN,,YES,1,Female,Breast,,,,,Other,BH,TUMOR FREE
TCGA-BH-A0AW,56,M0,N1a,Stage IIA,,T1c,ER Positive H-Score 95,,0,20.43,0:DiseaseFree,,H-Score,,Positive,,,,11/3/10,,,,,,,,3,,,Infiltrating Ductal Carcinoma,,No,No,C50.9,8500/3,C50.9,Positive,,YES,2008,,2,0,12,,Post (prior bilateral ovariectomy OR >12 mo since LMP with no prior hysterectomy),,,,Core needle biopsy,,NO,,,,,,,,,,,,,20.43,0:LIVING,c5891c7a-fd24-4891-8f51-373967e4a6dd,Negative,,Left Upper Inner Quadrant|Left Upper Outer Quadrant|Left,,NO,PR Negative H-Score 0,,H-Score,,Negative,,WHITE,,YES,1,Female,Breast,Axillary lymph node dissection alone,,,,Lumpectomy,BH,TUMOR FREE
TCGA-BH-A0AY,62,M0,N0 (i-),Stage IIA,,T2,,,0,25.53,0:DiseaseFree,,,,Positive,,,,11/3/10,,,,,,,,0,,,Infiltrating Ductal Carcinoma,,No,No,C50.9,8500/3,C50.9,Negative,,YES,2008,,0,,1,,Post (prior bilateral ovariectomy OR >12 mo since LMP with no prior hysterectomy),,,,Core needle biopsy,,NO,,,,,,,,,,,,,25.53,0:LIVING,93ed6066-b567-4e1c-ab81-23370f9d3452,Negative,,Left Lower Outer Quadrant|Left,,NO,,,,,Positive,,WHITE,,YES,1,Female,Breast,Sentinel node biopsy alone,,,,Simple Mastectomy,BH,TUMOR FREE
TCGA-BH-A0AZ,47,cM0 (i+),N1a,Stage IIIA,6th,T3,,,0,63.04,0:DiseaseFree,,,,Positive,,NOT HISPANIC OR LATINO,total mastectomy with sentinel lymph node biopsy with tissue reconstruction,7/27/11,,,,,,,,,,,Infiltrating Ductal Carcinoma,,No,No,C50.9,8500/3,C50.9,Negative,,YES,2008,YES,1,,13,,Pre (<6 months since LMP AND no prior bilateral ovariectomy AND not on estrogen replacement),,,NO,Core needle biopsy,,,,,,,,,,,,,,,63.04,0:LIVING,518f231c-f5f9-4a39-a97b-7fd5666d3e50,Negative,,Right,,NO,,,,,Positive,,WHITE,,YES,1,Female,Breast,,,,,Other,BH,TUMOR FREE
TCGA-BH-A0B0,56,M0,N0,Stage I,6th,T1c,,,0,81.37,0:DiseaseFree,,,,Positive,,,left segmental mastectomy with axillary sentinel lymph node biopsy,7/27/11,,,,,,,,,,,Infiltrating Ductal Carcinoma,,No,No,C50.9,8500/3,C50.9,Negative,,YES,2006,YES,0,,2,,Peri (6-12 months since last menstrual period),,,NO,Fine needle aspiration biopsy,,,,,,,,,,,,,,,81.37,0:LIVING,66af34ea-f471-4092-aff6-9ac9a5b75b11,Negative,,Left Upper Outer Quadrant,,NO,,,,,Positive,,BLACK OR AFRICAN AMERICAN,,YES,1,Female,Breast,,,,,Other,BH,TUMOR FREE
TCGA-BH-A0B1,66,M0,N1a,Stage IIB,,T2,,,0,37.71,0:DiseaseFree,,,,Positive,90-99%,,,11/3/10,,,,,,,,1,,,Infiltrating Ductal Carcinoma,,No,No,C50.9,8500/3,C50.9,Negative,3,YES,2007,,1,0,15,,Post (prior bilateral ovariectomy OR >12 mo since LMP with no prior hysterectomy),,,,Core needle biopsy,,NO,,,,,,,,,,,,,37.71,0:LIVING,b4e4fea2-b802-4a86-923e-3fcbd3c708fe,Negative,,Right Upper Outer Quadrant|Right,,NO,,3+,,,Positive,40-49%,WHITE,,YES,1,Female,Breast,Sentinel lymph node biopsy plus axillary dissection,,,,Modified Radical Mastectomy,BH,TUMOR FREE
TCGA-BH-A0B2,,,,,,,,,,,,,,,,,,,,,,,,,,,,,,,,,,,,,,,,,,,,,,,,,,,,,,,,,,,,,,,,,,,,,,,,,,,,,,,,,,1,,,,,,,,,
TCGA-BH-A0B3,53,M0,N1a,Stage IIB,,T2,,,0,39.52,0:DiseaseFree,,,,Negative,,,Segmental mastectomy,11/3/10,,,,,,,,1,,,Infiltrating Ductal Carcinoma,,No,No,C50.9,8500/3,C50.9,Negative,0,YES,2007,,2,,29,,Post (prior bilateral ovariectomy OR >12 mo since LMP with no prior hysterectomy),,,,Core needle biopsy,,NO,,,,,,,,,,,,,39.52,0:LIVING,18eb4dfc-556f-4bf3-a411-4780209ed1e0,Negative,,Right Upper Inner Quadrant|Right Upper Outer Quadrant|Right,,NO,,0,,,Negative,,WHITE,,YES,1,Female,Breast,Sentinel lymph node biopsy plus axillary dissection,,,,Other,BH,TUMOR FREE
TCGA-BH-A0B4,65,M0,N2,Stage IIIA,,T2,,2,0,39.13,0:DiseaseFree,,,,Positive,80-89%,,,11/4/10,40,,2.83,5.65,,Positive,,2,,,Infiltrating Ductal Carcinoma,,No,No,C50.9,8500/3,C50.9,Equivocal,3,YES,2007,,6,,10,,,,,,Core needle biopsy,,NO,,,,,,,,,,,,,39.13,0:LIVING,c710f4ab-fbd9-42ed-95d4-4e6d51207f38,Negative,,Left,,NO,,3+,,,Positive,50-59%,WHITE,,YES,1,Male,Breast,Axillary lymph node dissection alone,,,,Modified Radical Mastectomy,BH,TUMOR FREE
TCGA-BH-A0B5,40,M0,N2a,Stage IIIA,6th,T2,,,0,70.17,0:DiseaseFree,,,,Positive,,NOT HISPANIC OR LATINO,,8/2/11,,,,,,,,,,,Infiltrating Lobular Carcinoma,,No,No,C50.9,8520/3,C50.9,Negative,,YES,2007,YES,5,,24,,Pre (<6 months since LMP AND no prior bilateral ovariectomy AND not on estrogen replacement),,,NO,Fine needle aspiration biopsy,,,,,,,,,,,,,,,70.17,0:LIVING,9da462b0-93c2-4305-89f6-7199a30399a7,Positive,,Left,,NO,,,,,Positive,,WHITE,,YES,1,Female,Breast,,,,,Modified Radical Mastectomy,BH,TUMOR FREE
TCGA-BH-A0B6,47,M0,N0,Stage I,6th,T1c,,,0,81.57,0:DiseaseFree,,,,Positive,,NOT HISPANIC OR LATINO,segmental mastectomy with sentinel lymph node biopsy,8/4/11,,,,,,,,,,,Infiltrating Ductal Carcinoma,,Yes,Yes,C50.9,8500/3,C50.9,Positive,,YES,2006,YES,0,,4,,,,,NO,Fine needle aspiration biopsy,,,,,,,,,,,,,,,81.57,0:LIVING,FA4E082A-D213-412E-8D91-842A6F4BEF12,Negative,,Left Upper Outer Quadrant,,NO,,,,,Positive,,WHITE,,YES,1,Female,Breast,,,,,Other,BH,TUMOR FREE
TCGA-BH-A0B7,42,M0,N1a,Stage IIB,6th,T2,,,0,84.07,0:DiseaseFree,,,,Positive,,NOT HISPANIC OR LATINO,right total mastectomy with sentinel lymph node dissection right reconstruction with TRAMP,8/4/11,,,,,,,,3,,,Infiltrating Ductal Carcinoma,,No,No,C50.9,8500/3,C50.9,Positive,,YES,2006,YES,1,,17,,Pre (<6 months since LMP AND no prior bilateral ovariectomy AND not on estrogen replacement),,,NO,Core needle biopsy,,,,,,,,,,,,,,,84.07,0:LIVING,214a4507-d974-4b3e-8525-7408fccc6a0f,Negative,,Right,,NO,,,,,Positive,,WHITE,,YES,1,Female,Breast,,,,,Other,BH,TUMOR FREE
TCGA-BH-A0B8,64,M0,N0 (i-),Stage I,,T1b,,,0,51.54,0:DiseaseFree,,,,Positive,90-99%,,,11/3/10,,,1.29,,,Negative,,2,,,Infiltrating Ductal Carcinoma,,No,No,C50.9,8500/3,C50.9,Equivocal,3,YES,2006,,0,,2,,Post (prior bilateral ovariectomy OR >12 mo since LMP with no prior hysterectomy),,,,Core needle biopsy,,NO,,,,,,,,,,,,,51.54,0:LIVING,d3a75976-67d3-40fa-9f6f-cf2a3d7b773c,Negative,,Right Upper Inner Quadrant|Right,,NO,,3+,,,Positive,30-39%,WHITE,,YES,1,Female,Breast,Sentinel node biopsy alone,,,,Lumpectomy,BH,TUMOR FREE
TCGA-BH-A0B9,44,M0,N0 (i-),Stage IA,,T1c,,,0,51.64,0:DiseaseFree,,,,Negative,,,Segmental mastectomy,11/4/10,,,,,,,<10%,0,,,Infiltrating Ductal Carcinoma,,No,No,C50.9,8500/3,C50.9,Negative,0,YES,2006,,0,,1,,Pre (<6 months since LMP AND no prior bilateral ovariectomy AND not on estrogen replacement),,,,Core needle biopsy,,NO,,,,,,,,,,,,,51.64,0:LIVING,5a57dc25-d252-4b22-b192-4de630d7002f,Negative,,Right Lower Inner Quadrant|Right Lower Outer Quadrant|Right,,NO,,0,,,Negative,,WHITE,,YES,1,Female,Breast,Sentinel node biopsy alone,,,,Other,BH,TUMOR FREE
TCGA-BH-A0BA,51,M0,N3a,Stage IIIC,,T3,,,0,37.19,0:DiseaseFree,,,,Positive,80-89%,,,11/4/10,,,,,,,,1,,,Mixed Histology (please specify),Infiltrating ductal & lobular,No,No,C50.9,8522/3,C50.9,Negative,3,YES,2006,,27,,27,,Pre (<6 months since LMP AND no prior bilateral ovariectomy AND not on estrogen replacement),,,,Core needle biopsy,,NO,,,,,,,,,,,,,37.19,0:LIVING,49dc3e68-6206-4f16-969f-a758cc7be8ed,Negative,,Left Upper Inner Quadrant|Left Upper Outer Quadrant|Left Lower Inner Quadrant|Left Lower Outer Quadrant|Left,,NO,,1+,,,Positive,40-49%,WHITE,,YES,1,Female,Breast,Sentinel lymph node biopsy plus axillary dissection,,,,Modified Radical Mastectomy,BH,TUMOR FREE
TCGA-BH-A0BC,60,M0,N3,Stage IIIC,,T2,,,0,32,0:DiseaseFree,,,,Positive,90-99%,,Segmental mastectomy,11/4/10,,,,,,,<10%,0,,,Infiltrating Ductal Carcinoma,,No,No,C50.9,8500/3,C50.9,Negative,3,YES,2007,,12,,18,,Post (prior bilateral ovariectomy OR >12 mo since LMP with no prior hysterectomy),,,,Core needle biopsy,,NO,,,,,,,,,,,,,32,0:LIVING,327a2395-85c8-42e1-9638-8e037a1723ed,Negative,,Right Upper Inner Quadrant|Right Upper Outer Quadrant|Right,,NO,,1+,,,Positive,30-39%,WHITE,,YES,1,Female,Breast,Sentinel lymph node biopsy plus axillary dissection,,,,Other,BH,TUMOR FREE
TCGA-BH-A0BD,47,M0,N1a,Stage IIA,6th,T1c,H-Score-190,,0,18.2,0:DiseaseFree,,H-Score,,Positive,,,segmental mastectomy,11/4/10,,,,,,,,1,,,Infiltrating Ductal Carcinoma,,No,No,C50.9,8500/3,C50.9,Negative,,YES,2009,,2,,9,,Pre (<6 months since LMP AND no prior bilateral ovariectomy AND not on estrogen replacement),,,,Core needle biopsy,,NO,,,,,,,,,,,,,18.2,0:LIVING,b379bfb8-284e-4300-8325-85cfd6809cb8,Negative,,Left Upper Inner Quadrant|Left Upper Outer Quadrant|Left,,NO,H-Score-230,,H-Score,,Positive,,WHITE,,YES,1,Female,Breast,Sentinel lymph node biopsy plus axillary dissection,,,,Other,BH,TUMOR FREE
TCGA-BH-A0BF,56,M0,N1mi,Stage IIB,6th,T2,,,0,,,,,,Positive,,NOT HISPANIC OR LATINO,Total mastectomy with sentinel lymph node biopsy,8/5/11,,,,,,,,,,,Infiltrating Ductal Carcinoma,,No,No,C50.9,8500/3,C50.9,Negative,,YES,2009,YES,1,,3,,Post (prior bilateral ovariectomy OR >12 mo since LMP with no prior hysterectomy),,,NO,Core needle biopsy,,,,,,,,,,,,,,,43.5,1:DECEASED,e6b79d7a-ed6b-459a-b040-d142616e7ab4,Negative,,Right Upper Outer Quadrant,,NO,,,,,Positive,,WHITE,,YES,1,Female,Breast,,,,,Other,BH,TUMOR FREE
TCGA-BH-A0BG,73,M0,N0,Stage I,6th,T1,,,0,61.47,0:DiseaseFree,,,,Negative,,NOT HISPANIC OR LATINO,Segmental mastectomy with sentinel axillary lymph node biopsy,8/8/11,,,,,,,,,,,Infiltrating Ductal Carcinoma,,No,No,C50.9,8500/3,C50.9,Negative,,YES,2008,YES,0,,1,,Post (prior bilateral ovariectomy OR >12 mo since LMP with no prior hysterectomy),,,NO,Core needle biopsy,,,,,,,,,,,,,,,61.47,0:LIVING,4f608829-ffc4-4527-886e-6bc764ab29f5,Negative,,Left Lower Outer Quadrant,,NO,,,,,Negative,,WHITE,,YES,1,Female,Breast,,,,,Other,BH,TUMOR FREE
TCGA-BH-A0BJ,41,M0,N1a,Stage IIB,,T2,H-Score 300,,0,21.68,0:DiseaseFree,,H Score,,Positive,90-99%,,Segmental mastectomy,11/8/10,,,,,,,,1,,,Infiltrating Ductal Carcinoma,,No,No,C50.9,8500/3,C50.9,Negative,3,YES,2008,,2,,18,,Pre (<6 months since LMP AND no prior bilateral ovariectomy AND not on estrogen replacement),,,,Core needle biopsy,,NO,,,,,,,,,,,,,21.68,0:LIVING,d6f911b5-e895-43f8-8f86-0ac2f1bc6fae,Negative,,Left Upper Outer Quadrant|Left,,NO,H-Score 260,3+,H-Score,,Positive,70-79%,WHITE,,YES,1,Female,Breast,Sentinel lymph node biopsy plus axillary dissection,,,,Other,BH,TUMOR FREE
TCGA-BH-A0BL,35,M0,N0,Stage I,6th,T1c,,,0,74.84,0:DiseaseFree,,,,Negative,,NOT HISPANIC OR LATINO,Segmental mastectomy with sentinel lymph node biopsy,8/8/11,,,,,,,,,,,Infiltrating Ductal Carcinoma,,No,No,C50.9,8500/3,C50.9,Negative,,YES,2007,YES,0,,2,,Pre (<6 months since LMP AND no prior bilateral ovariectomy AND not on estrogen replacement),,,NO,Core needle biopsy,,,,,,,,,,,,,,,74.84,0:LIVING,92b5de82-0221-4df1-8094-80f40c0bb4fa,Negative,,Right Upper Outer Quadrant,,NO,,,,,Negative,,WHITE,,YES,1,Female,Breast,,,,,Other,BH,TUMOR FREE
TCGA-BH-A0BM,54,M0,N1a,Stage IIB,6th,T2,,,0,61.63,0:DiseaseFree,,,,Positive,,,,11/8/10,,,,,,,<10%,0,,,Infiltrating Ductal Carcinoma,,No,No,C50.9,8500/3,C50.9,Negative,3,YES,2007,,3,,24,,Post (prior bilateral ovariectomy OR >12 mo since LMP with no prior hysterectomy),,,,Core needle biopsy,,NO,,,,,,,,,,,,,61.63,0:LIVING,c2aeee6c-ba10-4cf9-b560-c739580f7bf3,Negative,,Right Upper Inner Quadrant|Right Upper Outer Quadrant|Right,,NO,,0,,,Negative,,WHITE,,YES,1,Female,Breast,Sentinel lymph node biopsy plus axillary dissection,,,,Lumpectomy,BH,TUMOR FREE
TCGA-BH-A0BO,54,M0,N0,Stage I,6th,T1b,,,0,72.17,0:DiseaseFree,,,,Positive,,NOT HISPANIC OR LATINO,Segmental mastectomy with sentinel lymph node biopsy,8/9/11,,,,,,,,,,,Infiltrating Ductal Carcinoma,,No,No,C50.9,8500/3,C50.9,Negative,,YES,2007,YES,0,,3,,Pre (<6 months since LMP AND no prior bilateral ovariectomy AND not on estrogen replacement),,,NO,Core needle biopsy,,,,,,,,,,,,,,,72.17,0:LIVING,26573441-eedb-4364-966c-e7f803deef19,Negative,,Left Upper Inner Quadrant,,NO,,,,,Positive,,WHITE,,YES,1,Female,Breast,,,,,Other,BH,TUMOR FREE
TCGA-BH-A0BP,76,M0,N0,Stage I,6th,T1c,,,0,,,,,,Positive,,NOT HISPANIC OR LATINO,Segmental mastectomy,8/9/11,,,,,,,,,,,Infiltrating Ductal Carcinoma,,No,No,C50.9,8500/3,C50.9,Negative,,YES,2006,YES,0,,3,,Post (prior bilateral ovariectomy OR >12 mo since LMP with no prior hysterectomy),,,NO,Core needle biopsy,,,,,,,,,,,,,,,75.43,1:DECEASED,f251cb6c-d18e-4691-9c82-24ed1ac0abf9,Negative,,Left Upper Outer Quadrant,,NO,,,,,Positive,,WHITE,,YES,1,Female,Breast,,,,,Other,BH,TUMOR FREE
TCGA-BH-A0BQ,39,M0,N0,Stage I,6th,T1c,,,0,56.14,1:Recurred/Progressed,,,,Positive,,NOT HISPANIC OR LATINO,Total mastectomy with retromammary lymph node excision,8/10/11,,,,,,,,,,,Infiltrating Ductal Carcinoma,,No,No,C50.9,8500/3,C50.9,Positive,,YES,2007,YES,0,,2,,Pre (<6 months since LMP AND no prior bilateral ovariectomy AND not on estrogen replacement),,,NO,Core needle biopsy,,,,,,,,,,,,,,,74.08,0:LIVING,b3bb8fd6-ee54-4813-b042-2bbe70115382,Negative,,Left,,NO,,,,,Positive,,WHITE,,YES,1,Female,Breast,,,,,Other,BH,TUMOR FREE
TCGA-BH-A0BR,59,M0,N0,Stage I,6th,T1c,,,0,76.54,0:DiseaseFree,,,,Positive,,NOT HISPANIC OR LATINO,Segmental mastectomy with sentinel lymph node biopsy,8/10/11,,,,,,,,,,,Infiltrating Ductal Carcinoma,,No,No,C50.9,8500/3,C50.9,Negative,,YES,2007,YES,0,,3,,Post (prior bilateral ovariectomy OR >12 mo since LMP with no prior hysterectomy),,,NO,Core needle biopsy,,,,,,,,,,,,,,,76.54,0:LIVING,3ecb0147-276d-486c-9af0-ce437c24ba83,Negative,,Left Lower Inner Quadrant,,NO,,,,,Positive,,WHITE,,YES,1,Female,Breast,,,,,Other,BH,TUMOR FREE
TCGA-BH-A0BS,55,M0,N1c,Stage IIIA,6th,T3,,,0,85.81,0:DiseaseFree,,,,Positive,,NOT HISPANIC OR LATINO,,8/18/11,,,,,,Negative,,,,,Infiltrating Ductal Carcinoma,,No,No,C50.9,8500/3,C50.9,,,YES,2007,YES,0,,11,,Post (prior bilateral ovariectomy OR >12 mo since LMP with no prior hysterectomy),,,NO,Core needle biopsy,,,,,,,,,,,,,,,85.81,0:LIVING,2b22db1d-54a1-4b9e-a86e-a174cf51d95c,Negative,,Left,,NO,,,,,Positive,,WHITE,,YES,1,Female,Breast,,,,,Simple Mastectomy,BH,TUMOR FREE
TCGA-BH-A0BT,56,M0,N1mi,Stage IIA,6th,T1c,,,0,77.69,0:DiseaseFree,,,,Positive,,NOT HISPANIC OR LATINO,segmental mastectomy with sentinel lymph node excision and biopsy,8/2/11,,,,,,,,,,,Infiltrating Ductal Carcinoma,,No,No,C50.9,8500/3,C50.9,Negative,,YES,2007,,,,,,,,,NO,Core needle biopsy,,,,,,,,,,,,,,,77.69,0:LIVING,a32cb96a-78bf-456e-a6ab-2d47b2c67ad4,Negative,,Right Upper Inner Quadrant,,NO,,,,,Positive,,WHITE,,YES,1,Female,Breast,,,,,Other,BH,TUMOR FREE
TCGA-BH-A0BV,78,M0,N1a,Stage IIB,,T2,,,0,49.9,0:DiseaseFree,,,,Positive,90-99%,,,11/9/10,,,,,,,<10%,0,,,Infiltrating Ductal Carcinoma,,No,No,C50.9,8500/3,C50.9,Negative,3,YES,2006,,2,,25,,Post (prior bilateral ovariectomy OR >12 mo since LMP with no prior hysterectomy),,,,Core needle biopsy,,NO,,,,,,,,,,,,,49.9,0:LIVING,87f03d04-e651-4a6e-aea6-1c946aa46202,Negative,,Right Upper Inner Quadrant|Right,,NO,,2+,,,Positive,50-59%,WHITE,,YES,1,Female,Breast,Sentinel lymph node biopsy plus axillary dissection,,,,Modified Radical Mastectomy,BH,TUMOR FREE
TCGA-BH-A0BW,71,M0,N0,Stage I,6th,T1c,,,0,77.89,0:DiseaseFree,,,,Negative,,NOT HISPANIC OR LATINO,Segmental mastectomy,8/10/11,,,,,,Negative,,,,,Infiltrating Ductal Carcinoma,,No,No,C50.9,8500/3,C50.9,,,YES,2006,YES,0,,8,,Post (prior bilateral ovariectomy OR >12 mo since LMP with no prior hysterectomy),,,NO,Core needle biopsy,,,,,,,,,,,,,,,77.89,0:LIVING,5d1d00c6-fcae-479e-ae1e-de76efd41d98,Negative,,Left Lower Outer Quadrant,,NO,,,,,Negative,,BLACK OR AFRICAN AMERICAN,,YES,1,Female,Breast,,,,,Other,BH,TUMOR FREE
TCGA-BH-A0BZ,59,M0,N1a,Stage IIIA,6th,T3,,,0,74.08,0:DiseaseFree,,,,Positive,,NOT HISPANIC OR LATINO,,8/10/11,,,,,,,,,,,Infiltrating Ductal Carcinoma,,No,No,C50.9,8500/3,C50.9,Negative,,YES,2007,YES,1,,23,,Post (prior bilateral ovariectomy OR >12 mo since LMP with no prior hysterectomy),,,NO,Fine needle aspiration biopsy,,,,,,,,,,,,,,,74.08,0:LIVING,4a032bad-e726-48f2-8f39-e3acc109cc91,Negative,,Left,,NO,,,,,Positive,,WHITE,,YES,1,Female,Breast,,,,,Modified Radical Mastectomy,BH,TUMOR FREE
TCGA-BH-A0C0,62,M0,N1a,Stage IIA,,T1c,,2.65,0,41.72,0:DiseaseFree,,,,Positive,90-99%,,Segmental mastectomy,11/8/10,40,,4.7,12.45,,Positive,,2,,,Infiltrating Ductal Carcinoma,,No,No,C50.9,8500/3,C50.9,Equivocal,3,YES,2007,,1,,35,,Post (prior bilateral ovariectomy OR >12 mo since LMP with no prior hysterectomy),,,,Core needle biopsy,,NO,,,,,,,,,,,,,41.72,0:LIVING,7875018b-91dc-4ab1-83b0-ee3883e2816e,Negative,,Left Upper Outer Quadrant|Left,,NO,,,,,Positive,60-69%,WHITE,,YES,1,Female,Breast,Axillary lymph node dissection alone,,,,Other,BH,TUMOR FREE
TCGA-BH-A0C1,61,M0,N2a,Stage IIIA,6th,T3,,,0,36.89,1:Recurred/Progressed,,,,Positive,,NOT HISPANIC OR LATINO,,8/11/11,,,,,,,,,,,Infiltrating Lobular Carcinoma,,No,No,C50.9,8520/3,C50.9,Negative,,YES,2007,YES,8,,10,,Post (prior bilateral ovariectomy OR >12 mo since LMP with no prior hysterectomy),,,YES,Core needle biopsy,,,,,,,,,,,,,,,46.35,1:DECEASED,d10a4887-373b-4726-a61d-126f950e4a06,Negative,,Right,,NO,,,,,Positive,,WHITE,,YES,1,Female,Breast,,,,,Modified Radical Mastectomy,BH,WITH TUMOR
TCGA-BH-A0C3,47,M0,N0,Stage I,6th,T1c,,,0,87.84,1:Recurred/Progressed,,,,Positive,,,Segmental mastectomy with sentinel node biopsy,8/11/11,,,,,,,,,,,Mixed Histology (please specify),with ductal and lobular phenotypes,No,No,C50.9,8522/3,C50.9,Negative,,YES,2006,YES,0,,4,,Pre (<6 months since LMP AND no prior bilateral ovariectomy AND not on estrogen replacement),,,NO,Core needle biopsy,,,,,,,,,,,,,,,88.99,0:LIVING,7bcf6d42-eb8f-4aa2-825b-38671d4f9e3a,Negative,,Left,,NO,,,,,Negative,,WHITE,,YES,1,Female,Breast,,,,,Other,BH,TUMOR FREE
TCGA-BH-A0C7,48,M0,N1mi,Stage IIB,6th,T2,,,0,90.9,0:DiseaseFree,,,,Positive,,NOT HISPANIC OR LATINO,,8/11/11,,,,,,Positive,,,,,Infiltrating Ductal Carcinoma,,No,No,C50.9,8500/3,C50.9,,,YES,2006,YES,1,,18,,Peri (6-12 months since last menstrual period),,,NO,Core needle biopsy,,,,,,,,,,,,,,,90.9,0:LIVING,e1119732-3e97-4259-bc69-dc4269d9496d,Negative,,Left,,NO,,,,,Negative,,WHITE,,YES,1,Female,Breast,,,,,Simple Mastectomy,BH,TUMOR FREE
TCGA-BH-A0DD,58,M0,N1a,Stage IIB,6th,T2,,,0,81.67,0:DiseaseFree,,,,Positive,,,,8/18/11,,,,,,Positive,,,,,Infiltrating Ductal Carcinoma,,No,No,C50.9,8500/3,C50.9,Positive,,YES,2006,YES,0,,22,,,,,NO,Core needle biopsy,,,,,,,,,,,,,,,81.67,0:LIVING,dba9beec-5e51-48c0-9229-0ee286a02a1a,Negative,,Right,,NO,,,,,Positive,,WHITE,,YES,1,Male,Breast,,,,,Modified Radical Mastectomy,BH,TUMOR FREE
TCGA-BH-A0DE,62,M0,N0,Stage IIA,6th,T2,,,0,77.92,0:DiseaseFree,,,,Positive,,NOT HISPANIC OR LATINO,Segmental mastectomy with sentinel lymph node biopsy,8/11/11,,,,,,,,,,,Infiltrating Ductal Carcinoma,,No,No,C50.9,8500/3,C50.9,Negative,,YES,2007,YES,0,,2,,Post (prior bilateral ovariectomy OR >12 mo since LMP with no prior hysterectomy),,,NO,Core needle biopsy,,,,,,,,,,,,,,,77.92,0:LIVING,7f0bbba1-9bc3-45db-bdda-eb3319bb15d2,Negative,,Left Upper Outer Quadrant,,NO,,,,,Positive,,WHITE,,YES,1,Female,Breast,,,,,Other,BH,TUMOR FREE
TCGA-BH-A0DG,30,M0,N0,Stage IIA,6th,T2,,,0,67.05,0:DiseaseFree,,,,Positive,,NOT HISPANIC OR LATINO,Total mastectomy,8/2/11,,,,,,,,,,,Infiltrating Ductal Carcinoma,,No,No,C50.9,8500/3,C50.9,Negative,,YES,2007,YES,0,,3,,Pre (<6 months since LMP AND no prior bilateral ovariectomy AND not on estrogen replacement),,,NO,Core needle biopsy,,,,,,,,,,,,,,,67.05,0:LIVING,0bc5744c-5fa3-45bb-87d0-70a02068b392,Negative,,Right Upper Outer Quadrant,,NO,,,,,Negative,,BLACK OR AFRICAN AMERICAN,,YES,1,Female,Breast,,,,,Other,BH,TUMOR FREE
TCGA-BH-A0DH,63,M0,N1a,Stage IIB,,T2,,,0,37.98,0:DiseaseFree,,,,Positive,90-99%,,Segmental mastectomy,11/8/10,,,,,,,<10%,0,,,Infiltrating Ductal Carcinoma,,No,No,C50.9,8500/3,C50.9,Negative,3,YES,2007,,3,,28,Negative,Post (prior bilateral ovariectomy OR >12 mo since LMP with no prior hysterectomy),,,,Core needle biopsy,,NO,,,,,,,,,,,,,37.98,0:LIVING,491b6364-1223-474f-816f-e248c8c841e2,Positive,,Left Upper Outer Quadrant|Left,,NO,,3+,,,Positive,40-49%,WHITE,,YES,1,Female,Breast,Axillary lymph node dissection alone,,Mastectomy NOS,,Other,BH,TUMOR FREE
TCGA-BH-A0DI,63,M0,N1a,Stage IIB,6th,T2,,,0,29.96,0:DiseaseFree,,,,Positive,,NOT HISPANIC OR LATINO,,8/11/11,,,,,,,,,,,Infiltrating Ductal Carcinoma,,No,No,C50.9,8500/3,C50.9,Negative,,YES,2009,YES,3,,28,,Post (prior bilateral ovariectomy OR >12 mo since LMP with no prior hysterectomy),,,NO,Core needle biopsy,,,,,,,,,,,,,,,29.96,0:LIVING,27ba717a-5cd8-440a-9345-4ae086f6efca,Negative,,Right,,NO,,,,,Positive,,WHITE,,YES,1,Female,Breast,,,,,Modified Radical Mastectomy,BH,TUMOR FREE
TCGA-BH-A0DK,49,M0,N0 (i-),Stage IIA,,T2,H-SCORE 260,,0,13.9,0:DiseaseFree,,H-SCORE,,Positive,,,,11/8/10,,,,,,,,0,,,Infiltrating Ductal Carcinoma,,No,No,C50.9,8500/3,C50.9,Negative,,YES,2009,,0,,3,,Pre (<6 months since LMP AND no prior bilateral ovariectomy AND not on estrogen replacement),,,,Excisional Biopsy,,NO,,,,,,,,,,,,,13.9,0:LIVING,f2bbfa9d-9a9d-4f46-9fde-378e4c44e2ad,Negative,,Left Upper Outer Quadrant|Left,,NO,H-SCORE 120,,H-SCORE,,Positive,,WHITE,,YES,1,Female,Breast,Sentinel node biopsy alone,,,,Simple Mastectomy,BH,TUMOR FREE
TCGA-BH-A0DL,64,M0,N0,Stage IIA,6th,T2,,,0,78.22,0:DiseaseFree,,,,Positive,,NOT HISPANIC OR LATINO,Segmental mastectomy with sentinel lymph node biopsy,8/11/11,,,,,,,,,,,"Other, specify",,No,No,C50.9,8575/3,C50.9,Negative,,YES,2007,YES,0,,3,,Post (prior bilateral ovariectomy OR >12 mo since LMP with no prior hysterectomy),,,NO,Core needle biopsy,,,,,,,,,,,,,,,78.22,0:LIVING,ba39bfbc-5cac-4f6c-b55c-4eee3466ee93,Negative,,Left,,NO,,,,,Negative,,WHITE,,YES,1,Female,Breast,,,,,Other,BH,TUMOR FREE
TCGA-BH-A0DO,78,M0,N0,Stage I,6th,T1c,,,0,54.01,0:DiseaseFree,,,,Positive,,NOT HISPANIC OR LATINO,,8/11/11,,,,,,,,,,,Infiltrating Ductal Carcinoma,,No,Yes,C50.9,8500/3,C50.9,Negative,,YES,2009,YES,0,,2,,Post (prior bilateral ovariectomy OR >12 mo since LMP with no prior hysterectomy),,,NO,Core needle biopsy,,,,,,,,,,,,,,,54.01,0:LIVING,d3d4d709-ab34-4617-aa8c-51a3d0a3efe6,Negative,,Left Upper Inner Quadrant,,NO,,,,,Positive,,WHITE,,YES,1,Female,Breast,,,,,Simple Mastectomy,BH,TUMOR FREE
TCGA-BH-A0DP,60,M0,N0 (i-),Stage IIB,,T3,H-SCORE 280,,0,15.64,0:DiseaseFree,,H-SCORE,,Positive,80-89%,,,11/9/10,,,,,,,<10%,0,,,Infiltrating Lobular Carcinoma,,No,No,C50.9,8520/3,C50.9,Negative,3,YES,2009,,0,,4,,Post (prior bilateral ovariectomy OR >12 mo since LMP with no prior hysterectomy),,,,Core needle biopsy,,NO,,,,,,,,,,,,,15.64,0:LIVING,14267783-5624-4fe5-ba81-9d67f1017474,Negative,,Right,,NO,H-SCORE 280,3+,H-SCORE,,Positive,80-89%,WHITE,,YES,1,Female,Breast,Sentinel node biopsy alone,,,,Simple Mastectomy,BH,TUMOR FREE
TCGA-BH-A0DQ,42,M0,N1,Stage IIB,,T2,H-SCORE 136,,0,3.22,0:DiseaseFree,,H-SCORE,,Positive,60-69%,,Segmental mastectomy,11/9/10,,,,,,,<10%,0,,,Infiltrating Ductal Carcinoma,,No,No,C50.9,8500/3,C50.9,Negative,1,YES,2009,,1,,25,,Pre (<6 months since LMP AND no prior bilateral ovariectomy AND not on estrogen replacement),,,,Core needle biopsy,,NO,,,,,,,,,,,,,3.22,0:LIVING,a851ca14-7bbf-455b-a054-ec03979a4247,Negative,,Right Upper Inner Quadrant|Right,,NO,H-SCORE 140,1+,H-SCORE,,Positive,70-79%,WHITE,,YES,1,Female,Breast,Sentinel lymph node biopsy plus axillary dissection,,,,Other,BH,TUMOR FREE
TCGA-BH-A0DS,71,M0,N2a,Stage IIIA,7th,T2,H-SCORE 190,,0,2.56,0:DiseaseFree,,H-SCORE,,Positive,70-79%,,Segmental mastectomy,11/9/10,,,,,,,,1,,,Infiltrating Ductal Carcinoma,,No,No,C50.9,8500/3,C50.9,Negative,2,YES,2010,,8,,14,,Post (prior bilateral ovariectomy OR >12 mo since LMP with no prior hysterectomy),,,,Core needle biopsy,,NO,,,,,,,,,,,,,2.56,0:LIVING,fb57c598-b45b-478a-9d34-ca1f050d5b7c,Negative,,Right Upper Inner Quadrant|Right Lower Inner Quadrant|Right,,NO,H-SCORE 162,2+,H-SCORE,,Positive,70-79%,WHITE,,YES,1,Female,Breast,Sentinel lymph node biopsy plus axillary dissection,,,,Other,BH,TUMOR FREE
TCGA-BH-A0DT,41,M0,N1a,Stage IIA,6th,T1c,,,0,78.94,0:DiseaseFree,,,,Positive,,,Total mastectomy with sentinel lymoh node biopsy,8/11/11,,,,,,,,,,,Infiltrating Ductal Carcinoma,,No,No,C50.9,8500/3,C50.9,Negative,,YES,2007,YES,1,,18,,Pre (<6 months since LMP AND no prior bilateral ovariectomy AND not on estrogen replacement),,,NO,Core needle biopsy,,,,,,,,,,,,,,,78.94,0:LIVING,74f31744-0aed-4633-beec-4e203315f0b7,Negative,,Right,,NO,,,,,Positive,,WHITE,,YES,1,Female,Breast,,,,,Other,BH,TUMOR FREE
TCGA-BH-A0DV,54,M0,N2a,Stage IIIA,6th,T2,,,0,67.81,0:DiseaseFree,,,,Positive,,,,8/2/11,,,,,,,,,,,Infiltrating Ductal Carcinoma,,No,No,C50.9,8500/3,C50.9,Negative,,YES,2007,YES,9,,9,,Peri (6-12 months since last menstrual period),,,NO,Core needle biopsy,,,,,,,,,,,,,,,67.81,0:LIVING,96b9c7db-1be1-4b60-b47c-26b654c3d64c,Negative,,Left Upper Inner Quadrant|Left Lower Inner Quadrant|Left Lower Outer Quadrant|Left,,NO,,,,,Positive,,WHITE,,YES,1,Female,Breast,,,,,Modified Radical Mastectomy,BH,TUMOR FREE
TCGA-BH-A0DX,62,M0,N0,Stage I,6th,T1b,,,0,70.83,0:DiseaseFree,,,,Positive,,NOT HISPANIC OR LATINO,Segmental mastectomy with sentinel lymph node biopsy,8/11/11,,,,,,,,,,,Infiltrating Ductal Carcinoma,,No,No,C50.9,8500/3,C50.9,Negative,,YES,2007,YES,0,,11,,Post (prior bilateral ovariectomy OR >12 mo since LMP with no prior hysterectomy),,,NO,Core needle biopsy,,,,,,,,,,,,,,,70.83,0:LIVING,035cb359-eac3-484a-9e88-3ddc739440a3,Negative,,Left Upper Inner Quadrant,,NO,,,,,Positive,,WHITE,,YES,1,Female,Breast,,,,,Other,BH,TUMOR FREE
TCGA-BH-A0DZ,43,M0,N1a,Stage IIB,,T2,H-SCORE 140,,0,16.26,0:DiseaseFree,,H-SCORE,,Positive,50-59%,,,11/9/10,,,,,,,30-39%,3,,,Infiltrating Ductal Carcinoma,,No,No,C50.9,8500/3,C50.9,Positive,2,YES,2009,,1,,5,,Pre (<6 months since LMP AND no prior bilateral ovariectomy AND not on estrogen replacement),,,,Core needle biopsy,,NO,,,,,,,,,,,,,16.26,0:LIVING,478eb8aa-50b8-4ce5-98e4-d518ede4b174,Negative,,Right Upper Inner Quadrant|Right Upper Outer Quadrant|Right Lower Inner Quadrant|Right Lower Outer Quadrant|Right,,NO,H-SCORE 15,2+,H-SCORE,,Positive,<10%,WHITE,,YES,1,Female,Breast,Sentinel lymph node biopsy plus axillary dissection,,,,Simple Mastectomy,BH,TUMOR FREE
TCGA-BH-A0E0,38,M0,N3a,Stage IIIC,,T3,H-SCORE 0,,0,4.4,0:DiseaseFree,,H-SCORE,,Negative,,,,11/9/10,,,,,,,,1,,,Infiltrating Ductal Carcinoma,,No,No,C50.9,8500/3,C50.9,Negative,0,YES,2009,,10,,21,,Pre (<6 months since LMP AND no prior bilateral ovariectomy AND not on estrogen replacement),,,,Core needle biopsy,,NO,,,,,,,,,,,,,4.4,0:LIVING,20e8106b-1290-4735-abe4-7621e08e3dc8,Negative,,Left Upper Outer Quadrant|Left Lower Outer Quadrant|Left,,NO,H-SCORE 0,0,H-SCORE,,Negative,,WHITE,,YES,1,Female,Breast,Axillary lymph node dissection alone,,,,Modified Radical Mastectomy,BH,TUMOR FREE
TCGA-BH-A0E1,52,M0,N1,Stage IIB,,T2,H-SCORE 180,1.67,0,15.67,0:DiseaseFree,,H-SCORE,,Positive,70-79%,,,11/9/10,40,,1.69,2.81,,Negative,,2,,,Infiltrating Ductal Carcinoma,,No,No,C50.9,8500/3,C50.9,Equivocal,2,YES,2009,,2,,17,,Peri (6-12 months since last menstrual period),,,,Core needle biopsy,,NO,,,,,,,,,,,,,15.67,0:LIVING,606fbc6a-b41b-441d-9401-51e54912bf5e,Negative,,Left Upper Inner Quadrant|Left,,NO,H-SCORE 245,3+,H-SCORE,,Positive,50-59%,WHITE,,YES,1,Female,Breast,Sentinel lymph node biopsy plus axillary dissection,,,,Simple Mastectomy,BH,TUMOR FREE
TCGA-BH-A0E2,49,M0,N2a,Stage IIIA,,T2,H-SCORE 300,,0,14.29,0:DiseaseFree,,H-SCORE,,Positive,90-99%,,,11/9/10,,,,,,,,1,,,Infiltrating Ductal Carcinoma,,No,No,C50.9,8500/3,C50.9,Negative,3,YES,2009,,4,,26,,Pre (<6 months since LMP AND no prior bilateral ovariectomy AND not on estrogen replacement),,,,Core needle biopsy,,NO,,,,,,,,,,,,,14.29,0:LIVING,8ace3b8c-f23e-48a9-a137-9e046bd9549b,Negative,,Right Upper Inner Quadrant|Right,,NO,H-SCORE 1,1+,H-SCORE,,Positive,<10%,BLACK OR AFRICAN AMERICAN,,YES,1,Female,Breast,Axillary lymph node dissection alone,,,,Modified Radical Mastectomy,BH,TUMOR FREE
TCGA-BH-A0E6,69,M0,N0 (i-),Stage IA,,T1c,H-SCORE 0,2.38,0,9.63,0:DiseaseFree,,H-SCORE,,Negative,,,Segmental mastectomy,11/9/10,40,,1.19,2.83,,Negative,,2,,,Infiltrating Ductal Carcinoma,,No,No,C50.9,8500/3,C50.9,Equivocal,0,YES,2009,,0,,1,,Post (prior bilateral ovariectomy OR >12 mo since LMP with no prior hysterectomy),,,,Core needle biopsy,,NO,,,,,,,,,,,,,9.63,0:LIVING,6c0066e3-96df-4870-bcd3-98cda64082e9,Negative,,Left Upper Inner Quadrant|Left Upper Outer Quadrant|Left,,NO,H-SCORE 0,0,H-SCORE,,Negative,,WHITE,,YES,1,Female,Breast,Sentinel node biopsy alone,,,,Other,BH,TUMOR FREE
TCGA-BH-A0E7,79,M0,N1a,Stage IIB,,T2,,,0,44.78,0:DiseaseFree,,,,Positive,50-59%,,Segmental mastectomy,11/9/10,,,,,,,,1,,,Infiltrating Ductal Carcinoma,,No,No,C50.9,8500/3,C50.9,Negative,3,YES,2006,,1,,17,,Post (prior bilateral ovariectomy OR >12 mo since LMP with no prior hysterectomy),,,,Excisional Biopsy,,NO,,,,,,,,,,,,,44.78,0:LIVING,d3b9d925-ae04-4721-8bfc-50b41225bc74,Negative,,Left Upper Outer Quadrant|Left,,NO,,3+,,,Positive,60-69%,WHITE,,YES,1,Female,Breast,Axillary lymph node dissection alone,,,,Other,BH,TUMOR FREE
TCGA-BH-A0E9,53,M0,N1a,Stage IIB,6th,T2,,,0,81.77,0:DiseaseFree,,,,Positive,,,,8/11/11,,,,,,,,,,,Infiltrating Lobular Carcinoma,,No,No,C50.9,8520/3,C50.9,Negative,,YES,2006,YES,3,,12,,Post (prior bilateral ovariectomy OR >12 mo since LMP with no prior hysterectomy),,,NO,Core needle biopsy,,,,,,,,,,,,,,,81.77,0:LIVING,76ace6aa-0505-442c-978a-f889cf2d44bb,Negative,,Right,,NO,,,,,Positive,,WHITE,,YES,1,Female,Breast,,,,,Modified Radical Mastectomy,BH,TUMOR FREE
TCGA-BH-A0EA,72,M0,N1a,Stage IIA,6th,T1c,,,0,,,,,,Positive,,NOT HISPANIC OR LATINO,Total mastectomy with sentinel lymph node biopsy,8/11/11,,,,,,,,,,,Infiltrating Ductal Carcinoma,,No,Yes,C50.9,8500/3,C50.9,Negative,,YES,2008,YES,2,,4,,Post (prior bilateral ovariectomy OR >12 mo since LMP with no prior hysterectomy),,,NO,Core needle biopsy,,,,,,,,,,,,,,,32.56,1:DECEASED,1f601832-eee3-48fb-acf5-80c4a454f26e,Negative,,Left,,NO,,,,,Positive,,WHITE,,YES,1,Female,Breast,,,,,Other,BH,TUMOR FREE
TCGA-BH-A0EB,69,M0,N0 (i-),Stage IA,,T1c,H-SCORE 300,2.13,0,24.47,0:DiseaseFree,,H-SCORE,,Positive,90-99%,,Segmental mastectomy,11/9/10,40,,1.25,2.65,,Negative,,2,,,Infiltrating Ductal Carcinoma,,No,No,C50.9,8500/3,C50.9,Equivocal,3,YES,2008,,0,,4,,Post (prior bilateral ovariectomy OR >12 mo since LMP with no prior hysterectomy),,,,Core needle biopsy,,NO,,,,,,,,,,,,,24.47,0:LIVING,ec6930e5-2d83-435a-9a57-a2c5c22caf02,Negative,,Right Lower Inner Quadrant|Right,,NO,H-SCORE 210,3+,H-SCORE,,Positive,40-49%,WHITE,,YES,1,Female,Breast,Sentinel lymph node biopsy plus axillary dissection,,,,Other,BH,TUMOR FREE
TCGA-BH-A0EE,68,M0,N0 (i-),Stage IIB,,T3,,,0,30.98,0:DiseaseFree,,,,Negative,,,,11/9/10,,,,,,,30-39%,3,,,Infiltrating Ductal Carcinoma,,No,No,C50.9,8500/3,C50.9,Positive,0,YES,2007,,0,,1,,Post (prior bilateral ovariectomy OR >12 mo since LMP with no prior hysterectomy),,,,Core needle biopsy,,NO,,,,,,,,,,,,,30.98,0:LIVING,ca76c6fc-ff30-4833-884d-3a94fe53ff17,Negative,,Right Upper Inner Quadrant|Right,,NO,,0,,,Negative,,WHITE,,YES,1,Female,Breast,Sentinel node biopsy alone,,,,Simple Mastectomy,BH,TUMOR FREE
TCGA-BH-A0EI,51,M0,N1a,Stage IIA,6th,T1c,,,0,63.27,0:DiseaseFree,,,,Positive,,NOT HISPANIC OR LATINO,segmental mastectomy with right sentinel lymph node biopsy,8/11/11,,,,,,,,,,,Infiltrating Ductal Carcinoma,,No,No,C50.9,8500/3,C50.9,Negative,,YES,2008,YES,2,,2,,Peri (6-12 months since last menstrual period),,,NO,Core needle biopsy,,,,,,,,,,,,,,,63.27,0:LIVING,22b35927-1c3f-4f98-ba42-deafc56b677a,Negative,,Right,,NO,,,,,Positive,,WHITE,,YES,1,Female,Breast,,,,,Other,BH,TUMOR FREE
TCGA-BH-A0GY,67,M0,N1,Stage IIA,,T2,H-Score 150,,0,30.32,0:DiseaseFree,,H-Score,,Positive,40-49%,,Segmental mastectomy,11/10/10,,,,,,,,1,,,Infiltrating Ductal Carcinoma,,No,No,C50.9,8500/3,C50.9,Negative,2,YES,2008,,3,,26,,Post (prior bilateral ovariectomy OR >12 mo since LMP with no prior hysterectomy),,,,Core needle biopsy,,NO,,,,,,,,,,,,,30.32,0:LIVING,7d9d3522-ec3b-4efe-8c8e-c0e675276ef5,Negative,,Left Lower Outer Quadrant|Left,,NO,H-Score 290,3+,H-Score,,Positive,90-99%,WHITE,,YES,1,Female,Breast,Sentinel lymph node biopsy plus axillary dissection,,,,Other,BH,TUMOR FREE
TCGA-BH-A0GZ,62,M0,N1a,Stage IIA,,T1c,H-SCORE 300,2.08,0,10.78,0:DiseaseFree,,H-SCORE,,Positive,90-99%,,Segmental mastectomy,11/10/10,40,,1.05,2.2,,Negative,,2,,,Infiltrating Ductal Carcinoma,,No,No,C50.9,8500/3,C50.9,Equivocal,3,YES,2009,,1,,14,Negative,Post (prior bilateral ovariectomy OR >12 mo since LMP with no prior hysterectomy),,,,Core needle biopsy,,NO,,,,,,,,,,,,,10.78,0:LIVING,27dfb9d4-3a2c-44bc-9acf-8f638d3f3004,Negative,,Left Upper Inner Quadrant|Left,,NO,H-SCORE 280,3+,H-SCORE,,Positive,80-89%,WHITE,,YES,1,Female,Breast,Sentinel lymph node biopsy plus axillary dissection,,,,Other,BH,TUMOR FREE
TCGA-BH-A0H0,69,M0,N0 (i-),Stage IA,,T1c,H-SCORE 190,,0,15.14,0:DiseaseFree,,H-SCORE,,Positive,50-59%,,Segmental mastectomy,11/10/10,,,,,,,<10%,0,,,Infiltrating Ductal Carcinoma,,No,No,C50.9,8500/3,C50.9,Negative,2,YES,2009,,0,,2,,Post (prior bilateral ovariectomy OR >12 mo since LMP with no prior hysterectomy),,,,Core needle biopsy,,NO,,,,,,,,,,,,,15.14,0:LIVING,96457ebf-ae88-41f4-97e5-cdc3163418aa,Negative,,Right Upper Outer Quadrant|Right,,NO,H-SCORE 7,2+,H-SCORE,,Positive,<10%,WHITE,,YES,1,Female,Breast,Sentinel node biopsy alone,,,,Other,BH,TUMOR FREE
TCGA-BH-A0H3,46,M0,N0,Stage I,6th,T1c,,,0,63.34,0:DiseaseFree,,,,Positive,,NOT HISPANIC OR LATINO,Left segmental mastectomy with axillary lymph node dissection,8/11/11,,,,,,Negative,,,,,Infiltrating Ductal Carcinoma,,No,No,C50.9,8500/3,C50.9,,,YES,2008,YES,0,,2,,Pre (<6 months since LMP AND no prior bilateral ovariectomy AND not on estrogen replacement),,,NO,Core needle biopsy,,,,,,,,,,,,,,,63.34,0:LIVING,6cdc0d53-f813-4101-81e5-9bee68270536,Negative,,Left Upper Outer Quadrant,,NO,,,,,Positive,,WHITE,,YES,1,Female,Breast,,,,,Other,BH,TUMOR FREE
TCGA-BH-A0H5,45,M0,N0 (i-),Stage I,6th,T1c,,,0,53.22,0:DiseaseFree,,,,Positive,,NOT HISPANIC OR LATINO,Right total mastectomy with lymph node left axillary lymph node excision,8/12/11,,,,,,Negative,,,,,Infiltrating Ductal Carcinoma,,No,No,C50.9,8500/3,C50.9,,,YES,2008,YES,0,,1,,Post (prior bilateral ovariectomy OR >12 mo since LMP with no prior hysterectomy),,,NO,Core needle biopsy,,,,,,,,,,,,,,,53.22,0:LIVING,cab38ea8-4555-413c-b81e-4621aac4ef85,Negative,,Right Upper Outer Quadrant,,NO,,,,,Positive,,WHITE,,YES,1,Female,Breast,,,,,Other,BH,TUMOR FREE
TCGA-BH-A0H6,82,M0,NX,Stage I,,T1b,H-SCORE 230,,0,24.54,0:DiseaseFree,,H-SCORE,,Positive,50-59%,,Segmental mastectomy,11/10/10,,,,,,,,1,,,Infiltrating Ductal Carcinoma,,No,No,C50.9,8500/3,C50.9,Negative,2,YES,2008,,0,0,0,,Post (prior bilateral ovariectomy OR >12 mo since LMP with no prior hysterectomy),,,,Core needle biopsy,,NO,,,,,,,,,,,,,24.54,0:LIVING,aeb6a3a6-b57a-4c53-90e6-e833777dd2a1,Negative,,Right Upper Inner Quadrant|Right Upper Outer Quadrant|Right,,NO,H-SCORE 250,3+,H-SCORE,,Positive,60-69%,WHITE,,YES,1,Female,Breast,No axillary staging,,,,Other,BH,TUMOR FREE
TCGA-BH-A0H7,65,M0,N2a,Stage IIIA,,T1c,H-SCORE 255,,0,23.06,0:DiseaseFree,,H-SCORE,,Positive,70-79%,,,11/10/10,,,,,,,,1,,,Infiltrating Ductal Carcinoma,,No,No,C50.9,8500/3,C50.9,Negative,3,YES,2008,,6,,16,,Post (prior bilateral ovariectomy OR >12 mo since LMP with no prior hysterectomy),,,,Core needle biopsy,,NO,,,,,,,,,,,,,23.06,0:LIVING,2021ed1f-dc75-4701-b8b8-1386466e4802,Negative,,Right Upper Inner Quadrant|Right Upper Outer Quadrant|Right Lower Inner Quadrant|Right Lower Outer Quadrant|Right,,NO,H-SCORE 150,2+,H-SCORE,,Positive,30-39%,WHITE,,YES,1,Female,Breast,Axillary lymph node dissection alone,,,,Modified Radical Mastectomy,BH,TUMOR FREE
TCGA-BH-A0H9,69,M0,N0 (i-),Stage IIA,,T2,,2.98,0,40.97,0:DiseaseFree,,,,Positive,90-99%,,Segmental mastectomy,11/17/10,40,,1.5,3.43,,Negative,,2,,,Infiltrating Ductal Carcinoma,,No,No,C50.9,8500/3,C50.9,Equivocal,3,YES,2007,,0,,1,,Post (prior bilateral ovariectomy OR >12 mo since LMP with no prior hysterectomy),,,,Core needle biopsy,,NO,,,,,,,,,,,,,40.97,0:LIVING,0f64edec-0f1f-4025-8a53-75f9534f7828,Negative,,Right Upper Outer Quadrant|Right,,NO,,1+,,,Positive,30-39%,WHITE,,YES,1,Female,Breast,Sentinel node biopsy alone,,,,Other,BH,TUMOR FREE
TCGA-BH-A0HA,31,M0,N0 (i-),Stage I,6th,T1c,,,0,52.92,0:DiseaseFree,,,,Positive,,NOT HISPANIC OR LATINO,bilateral total mastectomies with right sentinel node biopsy,8/2/11,,,,,,Negative,,,,,Infiltrating Ductal Carcinoma,,No,No,C50.9,8500/3,C50.9,,,YES,2008,YES,0,,4,,Pre (<6 months since LMP AND no prior bilateral ovariectomy AND not on estrogen replacement),,,NO,Core needle biopsy,,,,,,,,,,,,,,,52.92,0:LIVING,e666081b-caaf-4e8b-9446-807be71201a5,Negative,,Right,,NO,,,,,Positive,,WHITE,,YES,1,Female,Breast,,,,,Other,BH,TUMOR FREE
TCGA-BH-A0HB,55,M0,N0 (i-),Stage IA,,T1c,H-Score 300,2.13,0,26.48,0:DiseaseFree,,H-Score,,Positive,90-99%,,Segmental mastectomy,11/10/10,40,,1.21,2.58,,Negative,,2,,,Infiltrating Ductal Carcinoma,,No,No,C50.9,8500/3,C50.9,Equivocal,3,YES,2008,,0,,2,,Post (prior bilateral ovariectomy OR >12 mo since LMP with no prior hysterectomy),,,,Core needle biopsy,,NO,,,,,,,,,,,,,26.48,0:LIVING,0c1023c0-d2ce-4940-8047-7642f1dc3965,Negative,,Right Upper Outer Quadrant|Right,,NO,H-Score 70,1+,H-Score,,Positive,30-39%,WHITE,,YES,1,Female,Breast,Sentinel node biopsy alone,,,,Other,BH,TUMOR FREE
TCGA-BH-A0HF,77,M0,N0 (i-),Stage IA,,T1c,H-Score 295,,0,23.88,0:DiseaseFree,,H-Score,,Positive,90-99%,,Segmental mastectomy,11/10/10,,,,,,,<10%,0,,,Infiltrating Ductal Carcinoma,,No,No,C50.9,8500/3,C50.9,Negative,3,YES,2008,,0,,2,,Post (prior bilateral ovariectomy OR >12 mo since LMP with no prior hysterectomy),,,,Core needle biopsy,,NO,,,,,,,,,,,,,23.88,0:LIVING,17ca61a2-607a-45ff-88fa-ef72e80bf891,Negative,,Right Upper Outer Quadrant|Right,,NO,H-Score 15,1+,H-Score,,Positive,<10%,WHITE,,YES,1,Female,Breast,Sentinel node biopsy alone,,,,Other,BH,TUMOR FREE
TCGA-BH-A0HI,78,M0,N0 (i-),Stage IA,,T1c,H-Score 240,,0,20.37,0:DiseaseFree,,H-Score,,Positive,50-59%,,Segmental mastectomy,11/10/10,,,,,,,,1,,,Infiltrating Ductal Carcinoma,,No,No,C50.9,8500/3,C50.9,Negative,3,YES,2008,,0,0,1,,Post (prior bilateral ovariectomy OR >12 mo since LMP with no prior hysterectomy),,,,Core needle biopsy,,YES,,,,,,,,,,,,,20.37,0:LIVING,e0375a8b-a135-4103-a59d-39063fcf4a6f,Negative,,Right Upper Inner Quadrant|Right Lower Inner Quadrant|Right,,NO,H-Score 160,1+,H-Score,,Positive,40-49%,WHITE,,YES,1,Female,Breast,Sentinel node biopsy alone,,,,Other,BH,TUMOR FREE
TCGA-BH-A0HK,81,M0,N1,Stage IIB,,T2,H-SCORE 260,,0,5.85,0:DiseaseFree,,H-SCORE,,Positive,70-79%,,,11/10/10,,,,,,,<10%,0,,,Infiltrating Ductal Carcinoma,,No,No,C50.9,8500/3,C50.9,Negative,3,YES,2010,,2,,17,,Post (prior bilateral ovariectomy OR >12 mo since LMP with no prior hysterectomy),,,,Core needle biopsy,,NO,,,,,,,,,,,,,5.85,0:LIVING,24334ac1-28a3-4b61-b590-3f51e375b247,Negative,,Right Upper Inner Quadrant|Right,,NO,H-SCORE 0,0,H-SCORE,,Negative,<10%,WHITE,,YES,1,Female,Breast,Axillary lymph node dissection alone,,,,Modified Radical Mastectomy,BH,TUMOR FREE
TCGA-BH-A0HL,56,M0,N1a,Stage IIB,,T2,H-SCORE 295,2.25,0,2.37,0:DiseaseFree,,H-SCORE,,Positive,90-99%,,,11/10/10,40,,0.99,2.23,,Negative,,2,,,Infiltrating Ductal Carcinoma,,No,No,C50.9,8503/3,C50.9,Equivocal,3,YES,2009,,2,,17,,Post (prior bilateral ovariectomy OR >12 mo since LMP with no prior hysterectomy),,,,Core needle biopsy,,NO,,,,,,,,,,,,,2.37,0:LIVING,602083f0-18d9-48b6-a529-31e165c54b37,Negative,,Right Lower Inner Quadrant|Right Lower Outer Quadrant|Right,,NO,H-SCORE 200,3+,H-SCORE,,Positive,40-49%,WHITE,,YES,1,Female,Breast,Sentinel lymph node biopsy plus axillary dissection,,,,Modified Radical Mastectomy,BH,TUMOR FREE
TCGA-BH-A0HN,67,M0,N0 (i-),Stage IA,,T1c,H-SCORE 300,1.78,0,16.95,0:DiseaseFree,,H-SCORE,,Positive,90-99%,,Segmental mastectomy,11/11/10,40,,1.13,2,,Negative,,2,,,Infiltrating Ductal Carcinoma,,No,No,C50.9,8500/3,C50.9,Equivocal,3,YES,2009,,0,,2,Negative,Post (prior bilateral ovariectomy OR >12 mo since LMP with no prior hysterectomy),,,,Core needle biopsy,,NO,,,,,,,,,,,,,16.95,0:LIVING,a68a3361-48b4-4bd0-999d-b4cc3d43eb4a,Positive,,Left Upper Inner Quadrant|Left Upper Outer Quadrant|Left,,NO,H-SCORE 290,3+,H-SCORE,,Positive,90-99%,WHITE,,YES,1,Female,Breast,Sentinel node biopsy alone,,Mastectomy NOS,,Other,BH,TUMOR FREE
TCGA-BH-A0HO,48,M0,N1a,Stage IIA,,T1c,H-Score 200,,0,2.5,0:DiseaseFree,,H-Score,,Positive,90-99%,,Segmental mastectomy,11/11/10,,,,,,,,1,,,Infiltrating Ductal Carcinoma,,No,No,C50.9,8500/3,C50.9,Negative,2,YES,2009,,1,1,18,,Pre (<6 months since LMP AND no prior bilateral ovariectomy AND not on estrogen replacement),,,,Core needle biopsy,,YES,,,,,,,,,,,,,2.5,0:LIVING,8332806e-f547-4aae-89af-6d5bec831fd2,Negative,,Right Upper Outer Quadrant|Right,,NO,H-Score 290,3+,H-Score,,Positive,90-99%,WHITE,,YES,1,Female,Breast,Sentinel lymph node biopsy plus axillary dissection,,,,Other,BH,TUMOR FREE
TCGA-BH-A0HP,65,M0,N2a,Stage IIIA,,T3,H-Score 280,,0,13.6,0:DiseaseFree,,H-Score,,Positive,80-89%,,,11/11/10,,,,,,,,1,,,Infiltrating Lobular Carcinoma,,No,No,C50.9,8520/3,C50.9,Negative,3,YES,2009,,8,,17,,Post (prior bilateral ovariectomy OR >12 mo since LMP with no prior hysterectomy),,,,Core needle biopsy,,NO,,,,Positive,,,,,,,Negative,,13.6,0:LIVING,fcef8cb5-fb2c-4bfb-82cd-6b9f3145182c,Negative,,Left Upper Inner Quadrant|Left Upper Outer Quadrant|Left Lower Inner Quadrant|Left Lower Outer Quadrant|Left,,NO,H-Score 0,0,H-Score,,Negative,,WHITE,,YES,1,Female,Breast,Axillary lymph node dissection alone,,,,Modified Radical Mastectomy,BH,TUMOR FREE
TCGA-BH-A0HQ,56,M0,N0 (i+),Stage IIA,,T2,,,0,36.83,0:DiseaseFree,,,,Positive,90-99%,,Segmental mastectomy,11/11/10,,,,,,,,1,,,Infiltrating Ductal Carcinoma,,No,No,C50.9,8500/3,C50.9,Negative,3,YES,2007,,0,,4,,Post (prior bilateral ovariectomy OR >12 mo since LMP with no prior hysterectomy),,,,Core needle biopsy,,YES,,,,,,,,,,,,,36.83,0:LIVING,f31c21b6-0f7f-435b-9e24-97c909755c36,Negative,,Left Upper Outer Quadrant|Left,,NO,,3+,,,Positive,90-99%,WHITE,,YES,1,Female,Breast,Sentinel node biopsy alone,,,,Other,BH,TUMOR FREE
TCGA-BH-A0HU,52,M0,N0 (i-),Stage IA,,T1c,H-Score 140,,0,12.88,0:DiseaseFree,,H-Score,,Positive,40-49%,,Segmental mastectomy,11/11/10,,,,,,,,1,,,Infiltrating Ductal Carcinoma,,No,No,C50.9,8500/3,C50.9,Negative,2,YES,2009,,0,,1,,Peri (6-12 months since last menstrual period),,,,Core needle biopsy,,NO,,,,,,,,,,,,,12.88,0:LIVING,dc657ca8-98e8-4ec4-a513-1b848be0e85d,Negative,,Right Upper Outer Quadrant|Right,,NO,H-Score 140,2+,H-Score,,Positive,40-49%,WHITE,,YES,1,Female,Breast,Sentinel node biopsy alone,,,,Other,BH,TUMOR FREE
TCGA-BH-A0HW,62,M0,N0 (i-),Stage IA,,T1c,,,0,51.28,0:DiseaseFree,,,,Positive,90-99%,,Segmental mastectomy,11/11/10,,,1.6,,,Negative,,2,,,Infiltrating Ductal Carcinoma,,No,No,C50.9,8500/3,C50.9,Equivocal,3,YES,2006,,0,,2,,Post (prior bilateral ovariectomy OR >12 mo since LMP with no prior hysterectomy),,,,Core needle biopsy,,NO,,,,,,,,,,,,,51.28,0:LIVING,29fdc464-f216-4828-b456-829f71436e27,Negative,,Left Lower Inner Quadrant|Left Lower Outer Quadrant|Left,,NO,,0,,,Negative,<10%,ASIAN,,YES,1,Female,Breast,Sentinel node biopsy alone,,,,Other,BH,TUMOR FREE
TCGA-BH-A0HX,54,M0,N1a,Stage IIB,,T2,H-Score 270,,0,27.23,0:DiseaseFree,,H-Score,,Positive,80-89%,,,11/11/10,,,,,,,<10%,,,,Infiltrating Ductal Carcinoma,,No,No,C50.9,8500/3,C50.9,Negative,3,YES,2008,,2,2,24,,Post (prior bilateral ovariectomy OR >12 mo since LMP with no prior hysterectomy),,,,Core needle biopsy,,YES,,,,,,,,,,,,,27.23,0:LIVING,3b01d064-8c00-4972-9f07-407eac8e7534,Negative,,Left Upper Inner Quadrant|Left Upper Outer Quadrant|Left Lower Inner Quadrant|Left Lower Outer Quadrant|Left,,NO,H-Score 190,3+,H-Score,,Positive,50-59%,WHITE,,YES,1,Female,Breast,Sentinel lymph node biopsy plus axillary dissection,,,,Simple Mastectomy,BH,TUMOR FREE
TCGA-BH-A0HY,60,M0,N0,Stage I,6th,T1c,,,0,50.76,0:DiseaseFree,,,,Positive,,NOT HISPANIC OR LATINO,Total mastectomy with left sentinel lymph node biospy,8/2/11,,,,,,,,,,,Infiltrating Ductal Carcinoma,,No,No,C50.9,8500/3,C50.9,Positive,,YES,2009,YES,0,,3,,Post (prior bilateral ovariectomy OR >12 mo since LMP with no prior hysterectomy),,,NO,Core needle biopsy,,,,,,,,,,,,,,,50.76,0:LIVING,844ad251-3ee4-42f6-ad00-59a7a1670eea,Negative,,Left,,NO,,,,,Negative,,WHITE,,YES,1,Female,Breast,,,,,Other,BH,TUMOR FREE
TCGA-BH-A0RX,59,M0,N0 (i-),Stage IIA,,T2,H-Score 0,,0,5.58,0:DiseaseFree,,H-Score,,Negative,<10%,,Segmental mastectomy,11/11/10,,,,,,,,1,,,Infiltrating Ductal Carcinoma,,No,No,C50.9,8500/3,C50.9,Negative,0,YES,2010,,0,,3,,Post (prior bilateral ovariectomy OR >12 mo since LMP with no prior hysterectomy),,,,Core needle biopsy,,NO,,,,,,,,,,,,,5.58,0:LIVING,e828455d-4680-41b2-8a1c-1582e3790d62,Negative,,Left Upper Outer Quadrant|Left,,NO,H-Score 0,0,H-Score,,Negative,<10%,WHITE,,YES,1,Female,Breast,Sentinel node biopsy alone,,,,Other,BH,TUMOR FREE
TCGA-BH-A0W3,58,M0,N1a,Stage IIA,7th,T1c,,,0,23.92,0:DiseaseFree,,,,Positive,,NOT HISPANIC OR LATINO,Segmental mastectomy,2/14/11,,,,,,Negative,,,,,Infiltrating Ductal Carcinoma,,No,No,C50.9,8500/3,C50.9,Equivocal,,YES,2010,,1,1,4,,Indeterminate (neither Pre or Postmenopausal),,,,Core needle biopsy,,,,,,,,,,,,,,,23.92,0:LIVING,3c612e12-6de8-44fa-a095-805c45474821,,,Left Upper Inner Quadrant,,NO,,,,,Positive,,WHITE,,YES,1,Female,Breast,,,,,Other,BH,TUMOR FREE
TCGA-BH-A0W4,46,M0,N0 (i-),Stage IIA,7th,T2,,,0,24.93,0:DiseaseFree,,,,Positive,,NOT HISPANIC OR LATINO,Total mastectomy,2/15/11,,,,,,,,,,,Infiltrating Ductal Carcinoma,,No,No,C50.9,8500/3,C50.9,Negative,,YES,2010,,,,3,,,,,,Core needle biopsy,,,,,,,,,,,,,,,24.93,0:LIVING,0772cdbe-8b0d-452b-8df1-bd70d1306363,,,Left Upper Outer Quadrant,,NO,,,,,Positive,,WHITE,,YES,1,Female,Breast,,,,,Other,BH,TUMOR FREE
TCGA-BH-A0W5,77,M0,N1a,Stage IIA,6th,T1c,,,0,42.31,0:DiseaseFree,,,,Positive,,NOT HISPANIC OR LATINO,segmental mastectomy,2/15/11,,,,,,Equivocal,,,,,Infiltrating Ductal Carcinoma,,No,No,C50.9,8500/3,C50.9,Equivocal,,YES,2008,,1,1,11,,,,,,Core needle biopsy,,,,,,,,,,,,,,,42.31,0:LIVING,da9c10ea-c13f-4d88-8b94-a0cbc106d036,Negative,,Left,,NO,,,,,Positive,,WHITE,,YES,1,Female,Breast,Sentinel lymph node biopsy plus axillary dissection,,,,Other,BH,TUMOR FREE
TCGA-BH-A0W7,49,M0,N0 (i-),Stage I,6th,T1c,,,0,44.78,0:DiseaseFree,,,,Positive,,NOT HISPANIC OR LATINO,segmental mastectomy,2/15/11,,,,,,,,,,,Infiltrating Ductal Carcinoma,,No,No,C50.9,8500/3,C50.9,Negative,,YES,2008,,0,0,2,,,,,,Core needle biopsy,,,,,,,,,,,,,,,44.78,0:LIVING,9f80649b-a249-4fb5-97ad-059a30e13fea,Negative,,Left Upper Outer Quadrant,,NO,,,,,Positive,,WHITE,,YES,1,Female,Breast,Sentinel node biopsy alone,,,,Other,BH,TUMOR FREE
TCGA-BH-A0WA,82,M0,N0 (i-),Stage I,6th,T1c,,,0,23.03,0:DiseaseFree,,,,Negative,,NOT HISPANIC OR LATINO,segmental mastectomy,2/16/11,,,,,,,,,,,,,No,No,C50.9,8575/3,C50.9,Negative,,YES,2008,,0,,3,,,,,,Fine needle aspiration biopsy,,,,,,,,,,,,,,,23.03,0:LIVING,786e8dbe-442e-4551-87b3-b4c333b04dd4,Negative,,Right Upper Outer Quadrant,,NO,,,,,Negative,,WHITE,,YES,1,Female,Breast,Axillary lymph node dissection alone,,,,Other,BH,TUMOR FREE
TCGA-BH-A18F,50,M0,N0,Stage IIA,7th,T2,,,0,32.88,0:DiseaseFree,,,3 Point Scale,Positive,70-79%,NOT HISPANIC OR LATINO,needle localized segmental mastectomy,6/1/11,,,,,,,,,,,Infiltrating Ductal Carcinoma,,No,No,C50.9,8500/3,C50.9,Negative,3,YES,2010,YES,0,,1,,Peri (6-12 months since last menstrual period),,,,Core needle biopsy,,,,,,,,,,,,,,,32.88,0:LIVING,bfd49783-1767-469b-9d79-7822301c5efc,Negative,,Right Lower Outer Quadrant,,NO,,3+,,3 Point Scale,Positive,40-49%,WHITE,,YES,1,Female,Breast,Sentinel node biopsy alone,,,,Other,BH,TUMOR FREE
TCGA-BH-A18G,81,M0,N0,Stage IA,,T1c,,,0,4.89,0:DiseaseFree,,,,Negative,,NOT HISPANIC OR LATINO,right segmental mastectomy,6/1/11,,,,,,,,,,,Infiltrating Ductal Carcinoma,,No,No,C50.5,8500/3,C50.5,Negative,,YES,2010,YES,0,,3,,Post (prior bilateral ovariectomy OR >12 mo since LMP with no prior hysterectomy),,,,Core needle biopsy,,,,,,,,,,,,,,,4.89,0:LIVING,747083ff-0703-431b-aad4-f2adff739516,Negative,,Right,,NO,,,,,Negative,,WHITE,,YES,1,Female,Breast,Sentinel lymph node biopsy plus axillary dissection,,,,Other,BH,
TCGA-BH-A18H,63,M0,N0,Stage IA,7th,T1b,,,0,21.42,0:DiseaseFree,,,,Positive,,NOT HISPANIC OR LATINO,segmental mastectomy,6/6/11,,,,,,Equivocal,,,,,Infiltrating Ductal Carcinoma,,No,Yes,C50.9,8500/3,C50.9,Positive,,YES,2010,YES,0,,2,,Post (prior bilateral ovariectomy OR >12 mo since LMP with no prior hysterectomy),,,,Core needle biopsy,,YES,,,,,,,,,,,,,21.42,0:LIVING,878f975b-94fd-4d69-b7e7-1ed3ac2ee438,Negative,,Right Upper Outer Quadrant,,NO,,,,,Positive,,WHITE,,YES,1,Female,Breast,Sentinel lymph node biopsy plus axillary dissection,,,,Other,BH,
TCGA-BH-A18I,53,cM0 (i+),N1a,Stage IIA,7th,T1c,,,0,35.91,0:DiseaseFree,,H score,,Positive,,NOT HISPANIC OR LATINO,segmental mastectomy,6/7/11,,,,,,,,,,,Infiltrating Ductal Carcinoma,,No,No,C50.2,8500/3,C50.2,Positive,,YES,2010,YES,1,1,3,Negative,Post (prior bilateral ovariectomy OR >12 mo since LMP with no prior hysterectomy),,,,Core needle biopsy,,,,,,,,,,,,,,,35.91,0:LIVING,9c1ceb7d-6fed-4c2f-a89a-bf3c5b15ca58,Positive,,Left Upper Outer Quadrant,,NO,,,H score,,Positive,,WHITE,,YES,1,Female,Breast,Sentinel node biopsy alone,,Modified radical mastectomy,,Other,BH,TUMOR FREE
TCGA-BH-A18J,56,M1,N2,Stage IV,5th,T4b,,,0,,,,,,Positive,40-49%,NOT HISPANIC OR LATINO,,6/8/11,,,,,,,,,,,Infiltrating Ductal Carcinoma,,No,No,C50.9,8500/3,C50.9,Negative,,YES,2000,,,,,,,,Bone,YES,,,,,,,Positive,,Negative,,Negative,,,Positive,,20.11,1:DECEASED,cc074b7f-d3b2-4880-902e-bf10e667b665,Negative,,Right,,NO,,,,,Positive,30-39%,WHITE,,YES,1,Female,Breast,,,,,Modified Radical Mastectomy,BH,WITH TUMOR
TCGA-BH-A18K,46,M0,N0,Stage I,5th,T1,,,0,,,,,,Positive,,NOT HISPANIC OR LATINO,segmental mastectomy with axillary dissection,6/9/11,,,,,,,,,,,Infiltrating Ductal Carcinoma,,No,No,C50.9,8500/3,C50.9,Negative,,YES,1999,YES,0,,11,,,,,NO,Core needle biopsy,,,,,,,,,,,,,,,90.77,1:DECEASED,50619f8c-10aa-464a-a227-90a7aa6ffd43,Negative,,Left Lower Inner Quadrant,,NO,,,,,Positive,,WHITE,,YES,1,Female,Breast,Sentinel lymph node biopsy plus axillary dissection,,,,Other,BH,WITH TUMOR
TCGA-BH-A18L,50,M0,N1mi,Stage IIIA,6th,T3,,,0,,,,,,Positive,,NOT HISPANIC OR LATINO,total mastectomy and sentinel node biopsy,6/9/11,,,,,,,,,,,Infiltrating Ductal Carcinoma,,No,No,C50.9,8500/3,C50.9,Negative,,YES,2003,YES,1,1,3,,,,,NO,Core needle biopsy,,,,,,,,,,,,,,,26.64,1:DECEASED,9ddc3e7b-8b54-4a83-8335-8053940f56c1,Negative,,Left Upper Outer Quadrant,,NO,,,,,Positive,,WHITE,,YES,1,Female,Breast,Sentinel node biopsy alone,,,,Other,BH,
TCGA-BH-A18M,39,M0,N1,Stage IIIA,5th,T3,,,0,,,,,,Positive,,NOT HISPANIC OR LATINO,,6/15/11,,,,,,Positive,,,,,Infiltrating Ductal Carcinoma,,No,No,C50.3,8500/3,C50.3,Positive,,YES,2001,YES,4,4,6,,,,,NO,Core needle biopsy,,,,,,,,,,,,,,,72.5,1:DECEASED,f63722c1-a0bb-4bf9-8a10-1d76a8e1a0ba,Negative,,Left Upper Inner Quadrant,,NO,,,,,Positive,,WHITE,,YES,1,Female,Breast,,,,,Modified Radical Mastectomy,BH,
TCGA-BH-A18N,88,M0,N1b,Stage IIA,,T2,,,0,,,,,,Positive,,NOT HISPANIC OR LATINO,,6/15/11,,,,,,,,,,,Infiltrating Ductal Carcinoma,,No,No,C50.9,8500/3,C50.9,Negative,,YES,2001,YES,2,2,26,,,,,NO,Fine needle aspiration biopsy,,,,,,,,,,,,,,,37.71,1:DECEASED,665dd3d3-779c-4abd-b5d7-13342340451d,Negative,,Left,,NO,,,,,Positive,,WHITE,,YES,1,Female,Breast,Axillary lymph node dissection alone,,,,Modified Radical Mastectomy,BH,
TCGA-BH-A18P,60,M0,N0,Stage I,6th,T1,,,0,,,,,,Positive,<10%,,,6/22/11,,,,,,Positive,10-19%,2,,,Infiltrating Ductal Carcinoma,,No,No,C50.3,8500/3,C50.3,Positive,1,YES,2003,YES,0,,2,,,,,,Fine needle aspiration biopsy,,,,,,,,,,,,,,,30.26,1:DECEASED,557cb0a3-6f1b-4faf-8296-0a15c24158f9,Negative,,Left Lower Inner Quadrant,,NO,,,,,Negative,,WHITE,,YES,1,Female,Breast,Sentinel node biopsy alone,,,,Simple Mastectomy,BH,WITH TUMOR
TCGA-BH-A18Q,56,M0,N1b,Stage IIB,,T2,,,0,,,,,,Negative,,NOT HISPANIC OR LATINO,,6/24/11,,,,,,Negative,,,,,Infiltrating Ductal Carcinoma,,No,No,C50.8,8500/3,C50.8,Positive,,YES,2001,YES,2,2,25,,,,,,Core needle biopsy,,,,,,,,,,,,,,,55.58,1:DECEASED,db4bc6aa-2e7d-4bcb-8519-a455f624d33b,Negative,,Left,,NO,,,,,Negative,,WHITE,,YES,1,Female,Breast,Axillary lymph node dissection alone,,,,Modified Radical Mastectomy,BH,
TCGA-BH-A18R,50,M0,N1,Stage IIA,,T2b,,,0,,,,,,Indeterminate,20-29%,NOT HISPANIC OR LATINO,,7/3/11,,,,,,Positive,,3,,,Infiltrating Ductal Carcinoma,,No,No,C50.9,8500/3,C50.9,Positive,,YES,2001,YES,10,,15,,,,,NO,Incisional Biopsy,,,,,,,,,,,,,,,37.52,1:DECEASED,f6e1ec78-5ad9-4879-9b7e-262d17b166ad,Negative,,Right Upper Outer Quadrant,,NO,,,,,Negative,,WHITE,,YES,1,Female,Breast,,,,,Modified Radical Mastectomy,BH,TUMOR FREE
TCGA-BH-A18S,79,M0,N0,Stage I,6th,T1c,,,0,,,,,,Positive,,NOT HISPANIC OR LATINO,total mastectomy,7/2/11,,,,,,,,,,,Mucinous Carcinoma,,No,No,C50.3,8523/3,C50.3,Negative,,YES,2003,YES,0,,2,,Post (prior bilateral ovariectomy OR >12 mo since LMP with no prior hysterectomy),,,,Core needle biopsy,,,,,,,,,,,,,,,66,1:DECEASED,433427a1-bacf-4381-91ba-5fec8a0953f9,Negative,,Right Lower Inner Quadrant,,NO,,,,,Positive,,WHITE,,YES,1,Female,Breast,Sentinel node biopsy alone,,,,Other,BH,TUMOR FREE
TCGA-BH-A18T,70,M0,N0,Stage IIA,6th,T2,,,0,,,,,,Negative,,NOT HISPANIC OR LATINO,segmental mastectomy,7/2/11,,,,,,Negative,,2,,,Infiltrating Ductal Carcinoma,,No,No,C50.9,8500/3,C50.9,Positive,,YES,2003,,,,,,Post (prior bilateral ovariectomy OR >12 mo since LMP with no prior hysterectomy),,,,Fine needle aspiration biopsy,,,,,,,,,,,,,,,7.36,1:DECEASED,30ec8b1f-28c4-4f46-8a1b-a8d51e558c7d,Negative,,Right Upper Outer Quadrant,,NO,,,,,Negative,,WHITE,,YES,1,Female,Breast,Sentinel node biopsy alone,,,,Other,BH,WITH TUMOR
TCGA-BH-A18U,72,M0,N2a,Stage IIIA,6th,T2,,,0,,,,,,Positive,,NOT HISPANIC OR LATINO,total mastectomy,7/2/11,,,,,,,,3,,,Infiltrating Ductal Carcinoma,,No,No,C50.4,8500/3,C50.4,Positive,,YES,2003,YES,9,,16,,Post (prior bilateral ovariectomy OR >12 mo since LMP with no prior hysterectomy),,,,Core needle biopsy,,,,,,,,,,,,,,,51.35,1:DECEASED,233b02f3-c4f0-4a67-9db5-e68d5cdaccb6,Negative,,Left,,NO,,,,,Positive,,WHITE,,YES,1,Female,Breast,Sentinel lymph node biopsy plus axillary dissection,,,,Other,BH,TUMOR FREE
TCGA-BH-A18V,48,M0,N1b,Stage IIB,5th,T2,,,0,,,,,,Negative,,NOT HISPANIC OR LATINO,Modified radical mastectomy with left breast biopsy,7/2/11,,,,,,,,,,,Infiltrating Ductal Carcinoma,,No,No,C50.4,8500/3,C50.4,Negative,,YES,2001,YES,0,,25,,,axilaary node negative but intrammary node positive,"Other, specify",YES,Core needle biopsy,,,,,,Negative,,,,Negative,,,Negative,,51.12,1:DECEASED,6b960b58-28e1-41c6-bd6e-7e669c6aa4ef,Negative,,Right,,NO,,,,,Negative,,WHITE,,YES,2,Female,Breast,Axillary lymph node dissection alone,,,,Other,BH,
TCGA-BH-A1EN,78,M0,NX,Stage IIA,5th,T2,,,0,,,,,,Negative,,NOT HISPANIC OR LATINO,right segmental mastectomy,9/3/11,,,,,,,,,,,Infiltrating Ductal Carcinoma,,No,No,C50.9,8500/3,C50.9,Positive,,YES,1999,,,,,,Post (prior bilateral ovariectomy OR >12 mo since LMP with no prior hysterectomy),,,NO,Excisional Biopsy,,,,,,,,,,,,,,,69.88,1:DECEASED,858652b8-c4c2-41d8-be32-fdc88e1a7bb0,Negative,,Right,,NO,,,,,Negative,,WHITE,,YES,1,Female,Breast,,,,,Other,BH,TUMOR FREE
TCGA-BH-A1EO,68,M0,N1,Stage IIA,5th,T1c,,,0,,,,,,Positive,,NOT HISPANIC OR LATINO,right segmental mastectomy witrh axillary node dissection,9/6/11,,,,,,,,,,,Mixed Histology (please specify),ductal and lobular features,No,No,C50.9,8522/3,C50.9,Negative,,YES,1999,YES,1,,15,,Post (prior bilateral ovariectomy OR >12 mo since LMP with no prior hysterectomy),,,NO,Excisional Biopsy,,,,,,,,,,,,,,,91.92,1:DECEASED,4510295e-8aa7-4ef1-b2b7-91cc902f8200,,,Right,,NO,,,,,Positive,,WHITE,,YES,1,Female,Breast,,,,,Other,BH,TUMOR FREE
TCGA-BH-A1ES,35,M0,N1a,Stage IIB,5th,T2,,,0,,,,,,Positive,,NOT HISPANIC OR LATINO,total mastectomy with rigth axillary lymph node and sentinel lymph node dissection,9/6/11,,,,,,,,,,,Infiltrating Ductal Carcinoma,,No,No,C50.9,8500/3,C50.9,Negative,,YES,1999,YES,1,,4,,Pre (<6 months since LMP AND no prior bilateral ovariectomy AND not on estrogen replacement),,,NO,Tumor resection,,,,,,,,,,,,,,,113.73,1:DECEASED,51ccbf1b-7cae-44ba-991a-11eda8b8c404,,,Right Upper Inner Quadrant,,NO,,,,,Positive,,WHITE,,YES,2,Female,Breast,,,,,Other,BH,WITH TUMOR
TCGA-BH-A1ET,55,M0,N0,Stage I,5th,T1,,,0,,,,,,Positive,,NOT HISPANIC OR LATINO,Left segmental mastectomy with left axillary lymph node dissection,9/7/11,,,,,,,,,,,Infiltrating Ductal Carcinoma,,No,No,C50.9,8500/3,C50.9,Negative,,YES,1999,YES,1,,19,,,,,,Fine needle aspiration biopsy,,,,,,,,,,,,,,,82.79,1:DECEASED,8986a141-eae7-4157-b695-02cc6fc3b071,,,Left,,NO,,,,,Positive,,WHITE,,YES,1,Female,Breast,,,,,Other,BH,TUMOR FREE
TCGA-BH-A1EU,83,M0,N0,Stage I,5th,T1,,,0,,,,,,Positive,,NOT HISPANIC OR LATINO,Right segmental mastectomy,9/7/11,,,,,,,,,,,Infiltrating Ductal Carcinoma,,No,No,C50.9,8500/3,C50.9,Negative,,YES,1999,NO,,,,,Post (prior bilateral ovariectomy OR >12 mo since LMP with no prior hysterectomy),,,,Fine needle aspiration biopsy,,,,,,,,,,,,,,,42.25,1:DECEASED,a1093598-d3a8-4ffe-83fc-bc7d1faff7e5,,,Right,,NO,,,,,Positive,,WHITE,,YES,1,Female,Breast,,,,,,BH,TUMOR FREE
TCGA-BH-A1EV,45,M0,N1b,Stage IIIA,5th,T3,,,0,,,,,,Positive,,NOT HISPANIC OR LATINO,,9/7/11,,,,,,,,,,,Infiltrating Ductal Carcinoma,,No,No,C50.9,8500/3,C50.9,Positive,,YES,1999,YES,3,,10,,,,,,Fine needle aspiration biopsy,,,,,,,,,,,,,,,11.99,1:DECEASED,417dea5f-f68e-4dab-940e-43ae8c67e5e6,,,Left,,NO,,,,,Positive,,WHITE,,YES,1,Female,Breast,,,,,Modified Radical Mastectomy,BH,WITH TUMOR
TCGA-BH-A1EW,38,M0,N1b,Stage IIA,5th,T2,,,0,,,,,,Negative,,NOT HISPANIC OR LATINO,Left segmental mastectomy with level 1 and level 2 axillary dissection,9/7/11,,,,,,,,,,,Infiltrating Ductal Carcinoma,,No,No,C50.9,8500/3,C50.9,Negative,,YES,1999,YES,1,,16,,Pre (<6 months since LMP AND no prior bilateral ovariectomy AND not on estrogen replacement),,,,Core needle biopsy,,,,,,,,,,,,,,,55.65,1:DECEASED,9d166970-07c8-4ca3-9cfa-ed0049df9ecc,,,Left Upper Outer Quadrant,,NO,,,,,Negative,,WHITE,,YES,1,Female,Breast,,,,,Other,BH,WITH TUMOR
TCGA-BH-A1EX,67,M0,N1b,Stage IIB,5th,T2,,,0,,,,,,Positive,,NOT HISPANIC OR LATINO,Right segmental mastectomy with sentinel lymph node and axillary lymph node biopsy,9/7/11,,,,,,Negative,,,,,Infiltrating Ductal Carcinoma,,No,No,C50.9,8500/3,C50.9,Positive,,YES,2000,YES,2,,24,,Post (prior bilateral ovariectomy OR >12 mo since LMP with no prior hysterectomy),,,,Core needle biopsy,,,,,,,,,,,,,,,49.54,1:DECEASED,7b892055-c59d-4550-8688-ad039790af3d,,,Right Lower Inner Quadrant,,NO,,,,,Positive,,WHITE,,YES,1,Female,Breast,,,,,Other,BH,WITH TUMOR
TCGA-BH-A1EY,79,M0,N0,Stage IIA,5th,T2,,,0,13.01,1:Recurred/Progressed,,,,Positive,,NOT HISPANIC OR LATINO,,9/7/11,,,,,,,,,,,Infiltrating Ductal Carcinoma,,No,No,C50.9,8500/3,C50.9,Negative,,YES,2000,YES,0,,12,,Post (prior bilateral ovariectomy OR >12 mo since LMP with no prior hysterectomy),,,,Core needle biopsy,,,,,,,,,,,,,,,17.67,1:DECEASED,0741b5db-4405-42ba-b63a-c6ee4f341480,,,Left Upper Outer Quadrant,,NO,,,,,Positive,,WHITE,,YES,1,Female,Breast,,,,,Modified Radical Mastectomy,BH,WITH TUMOR
TCGA-BH-A1F0,80,M0,N1c,Stage IIA,5th,T1a,,,0,,,,,,Negative,,NOT HISPANIC OR LATINO,,9/7/11,,,,,,,,,,,Infiltrating Ductal Carcinoma,,No,No,C50.9,8500/3,C50.9,Negative,,YES,2000,YES,1,,9,,Post (prior bilateral ovariectomy OR >12 mo since LMP with no prior hysterectomy),,,,Fine needle aspiration biopsy,,,,,,,,,,,,,,,25.79,1:DECEASED,21ef1730-e5a7-47ce-b419-d000bb59ae15,,,Left,,NO,,,,,Indeterminate,,WHITE,,YES,1,Female,Breast,,,,,Modified Radical Mastectomy,BH,WITH TUMOR
TCGA-BH-A1F2,53,M0,N1b,Stage IIIB,5th,T4b,,,0,,,,,,Positive,,NOT HISPANIC OR LATINO,,9/7/11,,,,,,,,,,,Infiltrating Ductal Carcinoma,,No,No,C50.9,8541/3,C50.9,Positive,,YES,1999,YES,6,,19,,,,,,Core needle biopsy,,,,,,,,,,,,,,,31.5,1:DECEASED,6a2972e3-cca9-47e5-aac0-b770f2399eeb,,,Left,,NO,,,,,Positive,,WHITE,,YES,1,Female,Breast,,,,,Modified Radical Mastectomy,BH,TUMOR FREE
TCGA-BH-A1F5,62,M0,N1a,Stage IIA,5th,T1c,,,0,,,,,,Positive,,NOT HISPANIC OR LATINO,,9/7/11,,,,,,,,,,,Infiltrating Ductal Carcinoma,,No,Yes,C50.9,8500/3,C50.9,Negative,,YES,2002,YES,1,,4,,,,,,Core needle biopsy,,,,,,,,,,,,,,,89.09,1:DECEASED,e663954c-05a8-479a-a623-400c1eb5efc6,,,Right,,NO,,,,,Positive,,WHITE,,YES,1,Female,Breast,,,,,,BH,TUMOR FREE
TCGA-BH-A1F6,51,MX,N2a,,,T4d,,,0,,,,,,Negative,,NOT HISPANIC OR LATINO,,9/7/11,,,,,,,,,,,Infiltrating Ductal Carcinoma,,No,No,C50.9,8500/3,C50.9,Negative,,YES,1996,YES,6,,6,,,,,,Core needle biopsy,,,,,,,,,,,,,,,97.4,1:DECEASED,ad18820b-a804-49c0-ba8a-86c09fa6bce2,,,Left,,NO,,,,,Negative,,WHITE,,YES,1,Female,Breast,,,,,Modified Radical Mastectomy,BH,
TCGA-BH-A1F8,90,M0,N2,Stage IIIB,5th,T4b,,,0,,,,,,Positive,,NOT HISPANIC OR LATINO,,9/7/11,,,,,,,,,,,Infiltrating Ductal Carcinoma,,No,No,C50.9,8500/3,C50.9,Positive,,YES,1999,YES,12,,13,,Post (prior bilateral ovariectomy OR >12 mo since LMP with no prior hysterectomy),,,,Core needle biopsy,,,,,,,,,,,,,,,25.07,1:DECEASED,ee554215-bea2-4268-aaf9-784e68cdb969,,,Left,,NO,,,,,Positive,,WHITE,,YES,1,Female,Breast,,,,,Modified Radical Mastectomy,BH,WITH TUMOR
TCGA-BH-A1FB,60,M0,N1b,Stage IIB,5th,T2,,,0,,,,,,Positive,,NOT HISPANIC OR LATINO,segmental mastectomy with sentinel lymph node dissection,9/7/11,,,,,,,,,,,Infiltrating Ductal Carcinoma,,No,No,C50.9,8500/3,C50.9,Negative,,YES,2000,YES,0,,15,,Post (prior bilateral ovariectomy OR >12 mo since LMP with no prior hysterectomy),,,,Core needle biopsy,,,,,,,,,,,,,,,120.53,1:DECEASED,ecab16bc-28d5-4c3a-8735-3c785bd047c4,,,Right,,NO,,,,,Positive,,WHITE,,YES,1,Female,Breast,,,,,,BH,WITH TUMOR
TCGA-BH-A1FC,78,M0,N1b,Stage IIA,5th,T1c,,,0,,,,,,Negative,,NOT HISPANIC OR LATINO,localized segmental mastectomy with axillary node dissection,9/8/11,,,,,,,,,,,Medullary Carcinoma,,No,No,C50.9,8510/3,C50.9,Negative,,YES,1998,YES,1,,23,,Post (prior bilateral ovariectomy OR >12 mo since LMP with no prior hysterectomy),,,,Fine needle aspiration biopsy,,,,,,,,,,,,,,,114.06,1:DECEASED,b97bf89a-7a85-4eef-ae7e-f787aead1f0a,,,Right Upper Outer Quadrant,,NO,,,,,Negative,,BLACK OR AFRICAN AMERICAN,,YES,1,Female,Breast,,,,,Other,BH,TUMOR FREE
TCGA-BH-A1FD,68,M0,N0,Stage I,5th,T1c,,,0,,,,,,Positive,,NOT HISPANIC OR LATINO,,9/8/11,,,,,,,,,,,Infiltrating Ductal Carcinoma,,No,No,C50.9,8500/3,C50.9,Negative,,YES,1998,YES,0,,19,,Post (prior bilateral ovariectomy OR >12 mo since LMP with no prior hysterectomy),,,,Core needle biopsy,,,,,,,,,,,,,,,33.15,1:DECEASED,3c8b5af9-c34d-43c2-b8c9-39ea11e44fa6,,,Left,,NO,,,,,Positive,,WHITE,,YES,1,Female,Breast,,,,,,BH,WITH TUMOR
TCGA-BH-A1FE,31,M0,N1,Stage IIB,5th,T2,,,0,,,,,,Positive,,NOT HISPANIC OR LATINO,,9/8/11,,,,,,,,,,,Infiltrating Ductal Carcinoma,,No,No,C50.9,8500/3,C50.9,,,YES,1998,,1,,12,,,,,,Core needle biopsy,,,,,,,,,,,,,,,74.67,1:DECEASED,4aa68586-6331-4795-b40c-859386640df6,,,Left,,NO,,,,,Positive,,,,YES,2,Female,Breast,,,,,Modified Radical Mastectomy,BH,WITH TUMOR
TCGA-BH-A1FG,88,M0,NX,Stage I,5th,T1c,,,0,,,,,,Positive,,NOT HISPANIC OR LATINO,segmental mastectomy,9/8/11,,,,,,,,,,,Infiltrating Ductal Carcinoma,,No,No,C50.9,8500/3,C50.9,Negative,,YES,1998,,,,,,Post (prior bilateral ovariectomy OR >12 mo since LMP with no prior hysterectomy),,,,Excisional Biopsy,,,,,,,,,,,,,,,122.73,1:DECEASED,d4e7426c-9739-4585-9114-e564b13c7c02,,,Left,,NO,,,,,Positive,,WHITE,,YES,1,Female,Breast,,,,,Other,BH,
TCGA-BH-A1FH,47,M1,N1b,Stage IV,5th,T2,,,0,,,,,,Positive,,NOT HISPANIC OR LATINO,,9/8/11,,,,,,,,,,,Infiltrating Ductal Carcinoma,,No,No,C50.9,8500/3,C50.9,,,YES,1998,YES,8,,13,,,,Bone,YES,Core needle biopsy,,,,,,,,,,,,,,,33.97,1:DECEASED,1783cac1-253a-40af-a9ac-48dfb20e1ab8,,,Left Upper Outer Quadrant,,NO,,,,,Negative,,WHITE,,YES,1,Female,Breast,,,,,Modified Radical Mastectomy,BH,WITH TUMOR
TCGA-BH-A1FJ,66,M0,N1b,Stage IIIA,5th,T3,,,0,,,,,,Negative,,NOT HISPANIC OR LATINO,,9/8/11,,,,,,,,,,,Infiltrating Ductal Carcinoma,,No,No,C50.9,8500/3,C50.9,,,YES,1998,YES,6,,35,,,,,,Core needle biopsy,,,,,,,,,,,,,,,63.3,1:DECEASED,f6581eee-61b9-43d4-ab0d-ce5ce3ba1c74,,,Right Upper Outer Quadrant,,NO,,,,,Positive,,WHITE,,YES,1,Female,Breast,,,,,Modified Radical Mastectomy,BH,
TCGA-BH-A1FL,69,M0,N1b,Stage IIB,5th,T2,,,0,,,,,,Positive,,NOT HISPANIC OR LATINO,needle directed right breast biopsy with left segmental mastectomy with axillary lymph node dissection,9/8/11,,,,,,,,,,,Infiltrating Ductal Carcinoma,,No,No,C50.9,8500/3,C50.9,,,YES,1998,YES,4,,22,,,,,,Fine needle aspiration biopsy,,,,,,,,,,,,,,,54.96,1:DECEASED,14d1d84e-99e1-41ad-8892-3b4da3d4f948,,,Left Upper Outer Quadrant,,NO,,,,,Positive,,WHITE,,YES,1,Female,Breast,,,,,Other,BH,WITH TUMOR
TCGA-BH-A1FM,44,M0,N2,Stage IIIA,5th,T2,,,0,,,,,,Positive,,NOT HISPANIC OR LATINO,,9/8/11,,,,,,,,,,,Infiltrating Ductal Carcinoma,,No,No,C50.9,8500/3,C50.9,,,YES,1998,YES,8,,10,,,,,,Core needle biopsy,,,,,,,,,,,,,,,45.6,1:DECEASED,7eb18190-5a41-4637-9783-f81bbde499e4,,,Right Upper Outer Quadrant,,NO,,,,,Negative,,WHITE,,YES,1,Female,Breast,,,,,Modified Radical Mastectomy,BH,
TCGA-BH-A1FN,34,M0,N0,Stage IIA,5th,T2,,,0,,,,,,Positive,,NOT HISPANIC OR LATINO,segmental mastectomy with axillary lymph node dissection,9/8/11,,,,,,,,,,,Infiltrating Ductal Carcinoma,,No,No,C50.9,8500/3,C50.9,,,YES,1997,YES,0,,29,,,,,,Fine needle aspiration biopsy,,,,,,,,,,,,,,,72.01,1:DECEASED,6dd0dd7b-62ff-4fd1-a99a-b265f1a91dca,,,Right Upper Outer Quadrant,,NO,,,,,Positive,,WHITE,,YES,1,Female,Breast,,,,,Other,BH,WITH TUMOR
TCGA-BH-A1FR,73,M0,N1a,Stage IIIB,5th,T4b,,,0,,,,,,Positive,,NOT HISPANIC OR LATINO,segmental mastectomy with excision of mass on chest wall and axillary node dissection,9/8/11,,,,,,,,,,,"Other, specify",,No,No,C50.9,8523/3,C50.9,,,YES,1997,YES,4,,10,,,,,,Core needle biopsy,,,,,,,,,,,,,,,53.94,1:DECEASED,bf3b1481-ae31-4406-b084-b6cc1d7163e3,,,Right Upper Inner Quadrant,,NO,,,,,Positive,,WHITE,,YES,1,Female,Breast,,,,,Other,BH,WITH TUMOR
TCGA-BH-A1FU,44,M0,N0,Stage IA,5th,T1c,,,0,,,,,,Negative,,NOT HISPANIC OR LATINO,,9/8/11,,,,,,,,,,,Infiltrating Ductal Carcinoma,,No,No,C50.9,8500/3,C50.9,,,YES,1997,YES,0,,5,,,,,,Fine needle aspiration biopsy,,,,,,,,,,,,,,,55.45,1:DECEASED,c348a9b3-c901-4384-a222-144387bac0c5,,,Right Upper Outer Quadrant,,NO,,,,,Negative,,WHITE,,YES,1,Female,Breast,,,,,Modified Radical Mastectomy,BH,WITH TUMOR
TCGA-BH-A201,64,M0,N0,Stage IA,7th,T1,,,0,28.12,0:DiseaseFree,,,,Positive,,NOT HISPANIC OR LATINO,segmental mastectomy with sentinel lymph node biopsy and wire localization,9/8/11,,,,,,,,,,,Infiltrating Ductal Carcinoma,,No,No,C50.9,8500/3,C50.9,Negative,,YES,2011,YES,0,,2,,Post (prior bilateral ovariectomy OR >12 mo since LMP with no prior hysterectomy),,,,Core needle biopsy,,,,,,,,,,,,,,,28.12,0:LIVING,3bf81a9f-abb4-4495-a514-fd3865e13a03,,,Left,,NO,,,,,Positive,,WHITE,,YES,1,Female,Breast,,,,,Other,BH,TUMOR FREE
TCGA-BH-A202,60,M0,N0,Stage II,6th,T2,,,0,26.12,0:DiseaseFree,,,,Positive,,NOT HISPANIC OR LATINO,segmental mastectomy with sentinel lymph node biopsy,9/8/11,,,,,,,,,,,Infiltrating Ductal Carcinoma,,No,No,C50.9,8500/3,C50.9,Positive,,YES,2011,YES,0,,4,,Post (prior bilateral ovariectomy OR >12 mo since LMP with no prior hysterectomy),,,,Core needle biopsy,,,,,,,,,,,,,,,26.12,0:LIVING,e7a00d67-2c26-4d1f-bd17-35f659e88bc1,,,Left,,NO,,,,,Positive,,WHITE,,YES,1,Female,Breast,,,,,Other,BH,
TCGA-BH-A203,78,M0,N1b,Stage IIB,5th,T2,,,0,,,,,,,,NOT HISPANIC OR LATINO,,9/8/11,,,,,,,,,,,Infiltrating Ductal Carcinoma,,No,No,C50.9,8500/3,C50.9,,,YES,1996,YES,35,,39,,Post (prior bilateral ovariectomy OR >12 mo since LMP with no prior hysterectomy),,,,,,,,,,,,,,,,,,,38.57,1:DECEASED,b3264748-947a-43aa-b227-b294fbcc8447,,,Right,,NO,,,,,,,WHITE,,YES,1,Female,Breast,,,,,Lumpectomy,BH,WITH TUMOR
TCGA-BH-A204,80,M0,N1b,Stage IIB,5th,T2,,,0,,,,,,,,NOT HISPANIC OR LATINO,,9/8/11,,,,,,,,,,,Infiltrating Ductal Carcinoma,,No,No,C50.9,8500/3,C50.9,,,YES,1996,YES,2,,16,,Post (prior bilateral ovariectomy OR >12 mo since LMP with no prior hysterectomy),,,,Fine needle aspiration biopsy,,,,,,,,,,,,,,,83.25,1:DECEASED,05135396-df5c-49db-b34e-f4add5b65a2b,,,Left,,NO,,,,,,,WHITE,,YES,1,Female,Breast,,,,,Modified Radical Mastectomy,BH,
TCGA-BH-A208,48,M0,N1b,Stage IIB,5th,T2,,,0,,,,,,,,NOT HISPANIC OR LATINO,,9/8/11,,,,,,,,,,,Infiltrating Ductal Carcinoma,,No,No,C50.9,8500/3,C50.9,,,YES,1995,YES,3,,15,,,,,,Core needle biopsy,,,,,,,,,,,,,,,57.79,1:DECEASED,ddcbdac6-9e43-4146-a611-d033125eba14,,,Left,,NO,,,,,,,WHITE,,YES,1,Female,Breast,,,,,Lumpectomy,BH,TUMOR FREE
TCGA-BH-A209,77,M0,N0,Stage I,5th,T1c,,,0,,,,,,Positive,,NOT HISPANIC OR LATINO,,9/8/11,,,,,,,,,,,Medullary Carcinoma,,No,No,C50.9,8510/3,C50.9,,,YES,1996,YES,0,,12,,Post (prior bilateral ovariectomy OR >12 mo since LMP with no prior hysterectomy),,,,Fine needle aspiration biopsy,,,,,,,,,,,,,,,130.06,1:DECEASED,5258294f-ef5b-4091-9183-6bcc545d54b2,,,Left Upper Outer Quadrant,,NO,,,,,Positive,,BLACK OR AFRICAN AMERICAN,,YES,1,Female,Breast,,,,,Lumpectomy,BH,TUMOR FREE
TCGA-BH-A28O,50,M0,N3,Stage IIIC,7th,T3a,,,0,36.79,0:DiseaseFree,,,,Positive,,NOT HISPANIC OR LATINO,Segmental mastectomy,7/2/12,,,,,,,,,,,Infiltrating Lobular Carcinoma,,No,No,C50.9,8520/3,C50.9,Negative,,YES,2010,YES,14,,14,,,,,NO,Fine needle aspiration biopsy,,NO,,,,,,,,,,,,,36.79,0:LIVING,84B7CCF2-8AB3-4B21-96DE-800D231BC072,Negative,,Right Lower Outer Quadrant,,YES,,,,,Positive,,WHITE,,NO,1,Female,Breast,Sentinel node biopsy alone,,,,Other,BH,TUMOR FREE
TCGA-BH-A28Q,46,M0,N1a,Stage IIB,7th,T2,,,0,36.76,0:DiseaseFree,,,,Positive,,NOT HISPANIC OR LATINO,,9/29/11,,,,,,Indeterminate,,,,,Infiltrating Lobular Carcinoma,,No,No,C50.9,8520/3,C50.9,Negative,,YES,2010,YES,2,,18,,Pre (<6 months since LMP AND no prior bilateral ovariectomy AND not on estrogen replacement),,,,Fine needle aspiration biopsy,,,,,,,,,,,,,,,36.76,0:LIVING,32861b48-83f5-43a3-bb54-45215ad2c5d6,,,Right,,NO,,,,,Positive,,WHITE,,YES,1,Female,Breast,,,,,Modified Radical Mastectomy,BH,TUMOR FREE
TCGA-BH-A2L8,45,M0,N0 (i-),Stage IIA,7th,T2,,,0,20.11,0:DiseaseFree,,Oncotype Dx test,,Positive,70-79%,NOT HISPANIC OR LATINO,TOTAL MASTECTOMY,3/27/12,,,,,,Negative,,,,,Infiltrating Lobular Carcinoma,,No,No,C50.9,8520/3,C50.9,Negative,,YES,2011,YES,0,0,1,,Pre (<6 months since LMP AND no prior bilateral ovariectomy AND not on estrogen replacement),,,NO,Core needle biopsy,,NO,,,,,,,,,,,,,20.11,0:LIVING,BAC4B268-C781-4408-96D8-43A48FEC7418,Negative,,Right Upper Outer Quadrant,,YES,,,Oncotype Dx test,,Positive,80-89%,WHITE,,NO,1,Female,Breast,Sentinel node biopsy alone,,,,Other,BH,TUMOR FREE
TCGA-BH-A42T,75,M0,N0 (i+),Stage IIA,7th,T2,,,0,,,,,,Positive,,NOT HISPANIC OR LATINO,,9/28/12,,,,,,Equivocal,,2,,,Infiltrating Lobular Carcinoma,,No,No,C50.9,8520/3,C50.9,Positive,,YES,2012,YES,,1,2,,Post (prior bilateral ovariectomy OR >12 mo since LMP with no prior hysterectomy),,,,Core needle biopsy,,,NO,,,,,,,,,,,,10.51,1:DECEASED,10C829EC-FD66-49C4-8AFE-AD3AE567372C,Negative,NO,Left,,YES,,,,,Positive,,BLACK OR AFRICAN AMERICAN,NO,NO,1,Female,Breast,Sentinel node biopsy alone,,,,Simple Mastectomy,BH,TUMOR FREE
TCGA-BH-A42U,80,M0,N0,Stage IIA,6th,T2,,,0,110.51,0:DiseaseFree,,,,Negative,,NOT HISPANIC OR LATINO,,10/1/12,,,,,,,,,,,Infiltrating Lobular Carcinoma,,No,No,C50.9,8520/3,C50.9,Negative,,YES,2004,YES,,,1,,Post (prior bilateral ovariectomy OR >12 mo since LMP with no prior hysterectomy),,,,Core needle biopsy,,,NO,,,,,,,,,,,,110.51,0:LIVING,2DC1CEC9-925A-417F-9E21-3C2143E711B4,Negative,NO,Right,,YES,,,,,Negative,,BLACK OR AFRICAN AMERICAN,NO,NO,1,Female,Breast,,,,,Simple Mastectomy,BH,
TCGA-BH-A42V,41,M0,N1mi,Stage IB,7th,T1c,,,0,20.86,0:DiseaseFree,,,,Positive,,NOT HISPANIC OR LATINO,,1/17/13,,,,,,,,,,,Infiltrating Ductal Carcinoma,,No,No,C50.9,8500/3,C50.9,Negative,,YES,2012,YES,1,,3,Negative,Pre (<6 months since LMP AND no prior bilateral ovariectomy AND not on estrogen replacement),,,,Core needle biopsy,,,NO,,,,,,,,,,,,20.86,0:LIVING,57CF380D-AB52-467F-B9AE-740B2F84C820,Positive,NO,Left Lower Outer Quadrant,,YES,,,,,Positive,,BLACK OR AFRICAN AMERICAN,NO,NO,1,Female,Breast,Sentinel node biopsy alone,,Other,Reexcision of segmental mastectomy,Modified Radical Mastectomy,BH,TUMOR FREE
TCGA-BH-A5IZ,51,cM0 (i+),N1a,Stage IIB,7th,T2,,,0,18.63,0:DiseaseFree,,,,Positive,,NOT HISPANIC OR LATINO,,2/13/14,,,,,,Negative,,,,,Infiltrating Ductal Carcinoma,,No,No,C50.9,8500/3,C50.9,Negative,,YES,2012,YES,1,,6,,Post (prior bilateral ovariectomy OR >12 mo since LMP with no prior hysterectomy),,,,Core needle biopsy,,,NO,,,,,,,,,,,,18.63,0:LIVING,A8A33BA9-0976-4E19-B0E9-FA5BA4D4EAA8,Negative,YES,Left,,YES,,,,,Negative,,BLACK OR AFRICAN AMERICAN,YES,NO,1,Female,Breast,,,,,Lumpectomy,BH,TUMOR FREE
TCGA-BH-A5J0,63,M0,N0,Stage IA,7th,T1c,,,0,23.49,0:DiseaseFree,,,,Positive,,NOT HISPANIC OR LATINO,,2/13/14,,,,,,,,,,,Infiltrating Ductal Carcinoma,,No,No,C50.9,8500/3,C50.9,Negative,,YES,2012,YES,0,,5,,Post (prior bilateral ovariectomy OR >12 mo since LMP with no prior hysterectomy),,,,Core needle biopsy,,,NO,,,,,,,,,,,,23.49,0:LIVING,DB55D9D9-DD56-4CA9-B1F1-0D929697B280,Negative,NO,Left,,YES,,,,,Positive,,BLACK OR AFRICAN AMERICAN,NO,NO,1,Female,Breast,,,,,Simple Mastectomy,BH,TUMOR FREE
TCGA-BH-A6R8,46,M0,N0,Stage IIA,7th,T2,,,0,9.63,0:DiseaseFree,,,,Positive,,NOT HISPANIC OR LATINO,,2/13/14,,,,,,Negative,,,,,Infiltrating Ductal Carcinoma,,No,No,C50.9,8500/3,C50.9,,,YES,2012,YES,0,,4,,,,,,Core needle biopsy,,,NO,,,,,,,,,,,,9.63,0:LIVING,91B09291-5944-4691-A0D8-7D1CCC649B9B,Negative,NO,Left,,YES,,,,,Positive,,BLACK OR AFRICAN AMERICAN,YES,NO,1,Female,Breast,,,,,Lumpectomy,BH,TUMOR FREE
TCGA-BH-A6R9,61,M0,N0,Stage IIA,7th,T2,,,0,5.26,0:DiseaseFree,,,,Negative,,NOT HISPANIC OR LATINO,,2/13/14,,,,,,,,,,,Metaplastic Carcinoma,,No,No,C50.9,8575/3,C50.9,Negative,,YES,2012,,,,,,Post (prior bilateral ovariectomy OR >12 mo since LMP with no prior hysterectomy),,,,Core needle biopsy,,,NO,,,,,,,,,,,,5.26,0:LIVING,43CC074D-B85A-4B0B-8FEB-833094FFC565,Negative,NO,Left,,YES,,,,,Positive,,WHITE,NO,NO,1,Female,Breast,,,,,Modified Radical Mastectomy,BH,TUMOR FREE
TCGA-BH-A8FY,87,M0,N0 (i+),Stage IA,7th,T1c,,,0,,,,,,Positive,,NOT HISPANIC OR LATINO,,3/25/14,,,,,,,,,,,Infiltrating Lobular Carcinoma,,No,Yes,C50.9,8520/3,C50.9,Negative,,YES,2012,YES,0,,2,,Post (prior bilateral ovariectomy OR >12 mo since LMP with no prior hysterectomy),,,,,,,NO,,,,,,,,,,,,9.69,1:DECEASED,5F4D16AA-9CC4-4EDB-B714-394E2661439A,Negative,NO,Left|Left Upper Outer Quadrant|Left Lower Outer Quadrant,,YES,,,,,Positive,,WHITE,NO,NO,1,Female,Breast,,,,,Simple Mastectomy,BH,TUMOR FREE
TCGA-BH-A8FZ,58,M0,N0,Stage IA,7th,T1b,,,0,18.86,0:DiseaseFree,,,,Positive,,NOT HISPANIC OR LATINO,,3/25/14,,,,,,,,,,,Infiltrating Lobular Carcinoma,,No,No,C50.9,8520/3,C50.9,Equivocal,,YES,2012,YES,0,,7,,Post (prior bilateral ovariectomy OR >12 mo since LMP with no prior hysterectomy),,,,Core needle biopsy,,,NO,,,,,,,,,,,,18.86,0:LIVING,1CC30842-4A5B-4F07-B36F-5B84CEAA5662,Negative,NO,Left,,YES,,,,,Positive,,WHITE,YES,NO,1,Female,Breast,,,,,Simple Mastectomy,BH,TUMOR FREE
TCGA-BH-A8G0,54,M0,N1a,Stage IIB,7th,T2,,,0,21.75,0:DiseaseFree,,,,Positive,,NOT HISPANIC OR LATINO,,3/26/14,,,,,,,,,,,Infiltrating Lobular Carcinoma,,No,No,C50.9,8520/3,C50.9,Negative,,YES,2012,YES,3,,3,,Peri (6-12 months since last menstrual period),,,,Core needle biopsy,,,NO,,,,,,,,,,,,21.75,0:LIVING,59D60247-E549-4326-A672-50B05C13A291,Negative,YES,Left,,YES,,,,,Positive,,WHITE,NO,NO,1,Female,Breast,,,,,Simple Mastectomy,BH,TUMOR FREE
TCGA-BH-AB28,53,M0,N1a,Stage IIIA,7th,T3,,,0,9.43,0:DiseaseFree,,,,Positive,,NOT HISPANIC OR LATINO,,6/30/14,,,,,,Indeterminate,,,,,Infiltrating Lobular Carcinoma,,No,No,C50.9,8520/3,C50.9,Negative,,YES,2013,YES,3,,20,,,,,,Core needle biopsy,,,NO,,,,,,,,,,,,9.43,0:LIVING,09D6E904-7184-4788-8A19-04F8C46CB13F,Negative,YES,Left,,YES,,,,,Positive,,WHITE,NO,NO,1,Female,Breast,,,,,Modified Radical Mastectomy,BH,TUMOR FREE
TCGA-C8-A12K,80,M0,N1,Stage IIB,6th,T2,,,0,0,0:DiseaseFree,,,,,,NOT HISPANIC OR LATINO,Pateys surgery,4/12/11,,,,,,,,,,,Infiltrating Ductal Carcinoma,,No,No,C50.9,8500/3,C50.9,,,YES,2010,,1,,7,,Post (prior bilateral ovariectomy OR >12 mo since LMP with no prior hysterectomy),,,,"Other method, specify:",Patey's Surgery,NO,,,,,,,,,,,,,0,0:LIVING,6b923e30-2ddc-407f-91b1-c202f1373fbb,Negative,,Right Upper Inner Quadrant,,YES,,,,,,,ASIAN,,NO,1,Female,Breast,Other (specify),Pateys surgery,,,Other,C8,TUMOR FREE
TCGA-C8-A12L,67,M0,N0 (i-),Stage IIA,6th,T2,,,0,11.93,0:DiseaseFree,,,,Negative,,NOT HISPANIC OR LATINO,Patey's Surgery,4/12/11,,,,,,,,2,,,Infiltrating Ductal Carcinoma,,No,No,C50.9,8500/3,C50.9,Equivocal,,YES,2010,,,,3,,Post (prior bilateral ovariectomy OR >12 mo since LMP with no prior hysterectomy),,,,"Other method, specify:",Patey's Suregery,,,,,,,,,,,,,,11.93,0:LIVING,441919eb-8c9f-478c-bda3-8de4f8295e8a,Negative,,Right,,YES,,,,,Negative,,ASIAN,,NO,1,Female,Breast,Axillary lymph node dissection alone,,,,Other,C8,TUMOR FREE
TCGA-C8-A12M,70,M0,N0 (i-),Stage IIA,6th,T2,,,0,11.76,0:DiseaseFree,,Allred Score 8,,Positive,,NOT HISPANIC OR LATINO,Patey's Surgery,4/12/11,,,,,,,,,,,Infiltrating Ductal Carcinoma,,No,No,C50.9,8500/3,C50.9,Negative,,YES,2010,,,,10,,Post (prior bilateral ovariectomy OR >12 mo since LMP with no prior hysterectomy),,,,"Other method, specify:",Patey's Surgery,,,,,,,,,,,,,,11.76,0:LIVING,dd0f8e5a-383d-4f03-bb71-0e115d4e442c,Negative,,Left,,YES,,,,,Negative,,ASIAN,,NO,1,Female,Breast,Axillary lymph node dissection alone,,,,Other,C8,TUMOR FREE
TCGA-C8-A12N,58,M0,N0 (i-),Stage IIA,6th,T2,,,0,11.76,0:DiseaseFree,,Allred Score 8,,Positive,,NOT HISPANIC OR LATINO,Patey's Surgery,4/12/11,,,,,,,,,,,Infiltrating Ductal Carcinoma,,No,No,C50.9,8500/3,C50.9,Negative,,YES,2010,,,,10,,Post (prior bilateral ovariectomy OR >12 mo since LMP with no prior hysterectomy),,,,"Other method, specify:",Patey's Surgery,,,,,,,,,,,,,,11.76,0:LIVING,b8a615f9-d19b-4b09-8ec8-0674e5c648cd,Negative,,Right,,YES,,,Allread Score 8,,Positive,,ASIAN,,NO,1,Female,Breast,Axillary lymph node dissection alone,,,,Other,C8,TUMOR FREE
TCGA-C8-A12O,50,M0,N0 (i-),Stage IIA,6th,T2,,,0,12.65,0:DiseaseFree,,Allred Score 7,,Positive,,NOT HISPANIC OR LATINO,Patey's Surgery,4/13/11,,,,,,,,,,,Infiltrating Ductal Carcinoma,,No,No,C50.9,8500/3,C50.9,Negative,,YES,2010,,,,10,,Pre (<6 months since LMP AND no prior bilateral ovariectomy AND not on estrogen replacement),,,,"Other method, specify:",Patey's Surgery,,,,,,,,,,,,,,12.65,0:LIVING,83f26720-007c-42c9-a7de-7484bf8afa89,Negative,,Left,,YES,,,Allred Score 7,,Positive,,ASIAN,,NO,1,Female,Breast,Axillary lymph node dissection alone,,,,Other,C8,TUMOR FREE
TCGA-C8-A12P,55,M0,N1,Stage IIB,6th,T2,,,0,11.76,0:DiseaseFree,,,,Negative,,NOT HISPANIC OR LATINO,Patey's Surgery,4/13/11,,,,,,,,3,,,Infiltrating Ductal Carcinoma,,No,No,C50.9,8500/3,C50.9,Positive,,YES,2010,,,,8,,Post (prior bilateral ovariectomy OR >12 mo since LMP with no prior hysterectomy),,,,"Other method, specify:",Patey's Surgery,,,,,,,,,,,,,,11.76,0:LIVING,abdc76db-f85e-4337-a57e-6d098789da03,Negative,,Left,,YES,,,,,Negative,,ASIAN,,NO,1,Female,Breast,,,,,Other,C8,TUMOR FREE
TCGA-C8-A12Q,78,M0,N2,Stage IIIA,,T1,,,0,,,,,,Negative,,NOT HISPANIC OR LATINO,Patey's Surgery,4/13/11,,,,,,,,3,,,Infiltrating Ductal Carcinoma,,No,No,C50.9,8500/3,C50.9,Positive,,YES,2010,,,,7,,Post (prior bilateral ovariectomy OR >12 mo since LMP with no prior hysterectomy),,,,"Other method, specify:",Patey's Surgery,,,,,,,,,,,,,,12.65,1:DECEASED,a824b3bd-34d5-4cc1-a92f-f9d6ac0f1814,Negative,,Left,,YES,,,,,Negative,,ASIAN,,NO,1,Female,Breast,Axillary lymph node dissection alone,,,,Other,C8,TUMOR FREE
TCGA-C8-A12T,43,M0,N0,Stage IIA,6th,T2,,,0,0,0:DiseaseFree,,Allred Score 6,,Positive,,NOT HISPANIC OR LATINO,Patey's Surgery,4/11/11,,,,,,,,3,,,Infiltrating Ductal Carcinoma,,No,No,C50.9,8500/3,C50.9,Positive,,YES,2010,YES,0,,5,,Pre (<6 months since LMP AND no prior bilateral ovariectomy AND not on estrogen replacement),,,NO,"Other method, specify:",Patey's Surgery,NO,,,,,,,,,,,,,0,0:LIVING,71229981-97c2-4ae1-a130-fe5de336b37d,Negative,,Left,,YES,,,Allred Score 8,,Positive,,ASIAN,,NO,1,Female,Breast,Axillary lymph node dissection alone,,,,Other,C8,TUMOR FREE
TCGA-C8-A12U,46,M0,N1,Stage IIB,6th,T2,,,0,12.65,0:DiseaseFree,,Allred Score 5,,Positive,,NOT HISPANIC OR LATINO,Patey's Surgery,4/13/11,,,,,,,,1,,,Infiltrating Ductal Carcinoma,,No,No,C50.9,8500/3,C50.9,Negative,,YES,2010,YES,,,7,,Pre (<6 months since LMP AND no prior bilateral ovariectomy AND not on estrogen replacement),,,NO,"Other method, specify:",Patey's Surgery,,,,,,,,,,,,,,12.65,0:LIVING,97b5f490-1cd9-4833-b903-5f4c6e45670d,Negative,,Right,,YES,,,Allred Score 3,,Positive,,ASIAN,,NO,1,Female,Breast,Axillary lymph node dissection alone,,,,Other,C8,TUMOR FREE
TCGA-C8-A12V,55,M0,N0,Stage IIA,6th,T2,,,0,12.65,0:DiseaseFree,,,,Negative,,NOT HISPANIC OR LATINO,Patey's Surgery,3/22/11,,,,,,,,,,,Infiltrating Ductal Carcinoma,,No,No,C50.9,8500/3,C50.9,Negative,,YES,2010,YES,0,,5,,Post (prior bilateral ovariectomy OR >12 mo since LMP with no prior hysterectomy),,,NO,"Other method, specify:",Patey's Surgery,,,,,,,,,,,,,,12.65,0:LIVING,7e1673f8-5758-4963-8804-d5e39f06205b,,,Right,,YES,,,,,Negative,,ASIAN,,NO,1,Female,Breast,Axillary lymph node dissection alone,,,,Other,C8,TUMOR FREE
TCGA-C8-A12W,49,M0,N1,Stage IIIB,6th,T4,,,0,12.65,0:DiseaseFree,,Allred Score 7,,Positive,,NOT HISPANIC OR LATINO,Patey's Surgery,4/13/11,,,,,,,,1,,,Infiltrating Ductal Carcinoma,,No,No,C50.9,8500/3,C50.9,Negative,,YES,2010,YES,,,7,,Pre (<6 months since LMP AND no prior bilateral ovariectomy AND not on estrogen replacement),,,,"Other method, specify:",Patey's Surgery,,,,,,,,,,,,,,12.65,0:LIVING,6adca853-1b09-47ff-814c-47b732a76d96,Negative,,Left,,YES,,,Allred Score 6,,Positive,,ASIAN,,NO,1,Female,Breast,Axillary lymph node dissection alone,,,,Other,C8,TUMOR FREE
TCGA-C8-A12X,62,M0,N1,Stage IIB,6th,T2,,,0,12.65,0:DiseaseFree,,Allred Score 8,,Positive,,NOT HISPANIC OR LATINO,Patey's Surgery,4/13/11,,,,,,,,1,,,Mucinous Carcinoma,,No,No,C50.9,8480/3,C50.9,Negative,,YES,2010,YES,,,6,,Post (prior bilateral ovariectomy OR >12 mo since LMP with no prior hysterectomy),,,NO,"Other method, specify:",Patey's Surgery,,,,,,,,,,,,,,12.65,0:LIVING,65cde5d5-1efc-4e30-b1bd-a93598794f2c,Negative,,Left,,YES,,,Allred Score 7,,Positive,,ASIAN,,NO,1,Female,Breast,Axillary lymph node dissection alone,,,,Other,C8,TUMOR FREE
TCGA-C8-A12Y,44,M0,N1,Stage IIB,6th,T2,,,0,48.49,0:DiseaseFree,,,,,,NOT HISPANIC OR LATINO,Patey's Surgery,4/13/11,,,,,,,,,,,Infiltrating Ductal Carcinoma,,No,No,C50.9,8500/3,C50.9,,,YES,2010,YES,,,9,,Pre (<6 months since LMP AND no prior bilateral ovariectomy AND not on estrogen replacement),,,NO,"Other method, specify:",Patey's Surgery,,,,,,,,,,,,,,48.49,0:LIVING,298a1710-deb4-4064-a0f2-da32d43aa217,Negative,,Left,,YES,,,,,,,ASIAN,,NO,1,Female,Breast,Axillary lymph node dissection alone,,,,Other,C8,TUMOR FREE
TCGA-C8-A12Z,45,M0,N1,Stage IIB,6th,T2,,,0,12.55,0:DiseaseFree,,,,Negative,,NOT HISPANIC OR LATINO,Patey's Surgery,4/13/11,,,,,,,,3,,,Infiltrating Ductal Carcinoma,,No,No,C50.9,8500/3,C50.9,Positive,,YES,2010,YES,2,,2,Negative,Peri (6-12 months since last menstrual period),,,NO,Core needle biopsy,,,,,,,,,,,,,,,12.55,0:LIVING,42621dfa-abfd-4c7d-8bc5-a02a09d1c2b4,Negative,,Right,,YES,,,,,Negative,,ASIAN,,NO,1,Female,Breast,Axillary lymph node dissection alone,,,,Other,C8,TUMOR FREE
TCGA-C8-A130,52,M0,N2,Stage IIIA,6th,T3,,,0,12.16,0:DiseaseFree,,Allred Score 7,,Positive,,NOT HISPANIC OR LATINO,Patey's Surgery,4/13/11,,,,,,,,2,,,Infiltrating Ductal Carcinoma,,No,No,C50.9,8500/3,C50.9,Equivocal,,YES,2010,YES,,,8,,Peri (6-12 months since last menstrual period),,,NO,Core needle biopsy,,,,,,,,,,,,,,,12.16,0:LIVING,8cf54607-01ce-42b0-9bd9-8627edd9f3b7,Negative,,Left,,YES,,,Allred Score 7,,Positive,,ASIAN,,NO,1,Female,Breast,Axillary lymph node dissection alone,,,,Other,C8,TUMOR FREE
TCGA-C8-A131,82,M0,N2,Stage IIIA,6th,T2,,,0,13.5,0:DiseaseFree,,,,Negative,,NOT HISPANIC OR LATINO,Patey's Surgery,4/15/11,,,,,,,,1,,,Infiltrating Ductal Carcinoma,,No,No,C50.9,8500/3,C50.9,Negative,,YES,2010,YES,4,,8,,Post (prior bilateral ovariectomy OR >12 mo since LMP with no prior hysterectomy),,,NO,Core needle biopsy,,,,,,,,,,,,,,,13.5,0:LIVING,c49e3b18-fd88-48f4-8b01-300692ceb367,Negative,,Left,,YES,,,,,Negative,,ASIAN,,NO,1,Female,Breast,Axillary lymph node dissection alone,,,,Other,C8,TUMOR FREE
TCGA-C8-A132,56,M0,N1,Stage IIB,6th,T2,,,0,12.58,0:DiseaseFree,,Allred Score 8,,Positive,,NOT HISPANIC OR LATINO,Modified Radical Masectomy,4/15/11,,,,,,,,,,,Infiltrating Ductal Carcinoma,,No,No,C50.9,8500/3,C50.9,,,YES,2010,YES,1,,4,,Post (prior bilateral ovariectomy OR >12 mo since LMP with no prior hysterectomy),,,NO,Core needle biopsy,,,,,,,,,,,,,,,12.58,0:LIVING,89e867de-d30e-4bfc-a453-0a76309dabd5,Negative,,Left,,YES,,,Allred Score 7,,Positive,,ASIAN,,NO,1,Female,Breast,Axillary lymph node dissection alone,,,,Other,C8,TUMOR FREE
TCGA-C8-A133,65,M0,N1,Stage IIIA,6th,T3,,,0,0,0:DiseaseFree,,Allred Score 8,,Positive,,NOT HISPANIC OR LATINO,,4/15/11,,,,,,,,,,,"Other, specify",,No,No,C50.9,8523/3,C50.9,,,YES,2010,YES,,,26,,Post (prior bilateral ovariectomy OR >12 mo since LMP with no prior hysterectomy),,,,"Other method, specify:",Modified Radical Masectomy,,,,,,,,,,,,,,0,0:LIVING,b8b6cebc-26dc-43ae-a94a-20da6018f7ae,Negative,,Right,,YES,,,Allred Score 8,,Positive,,WHITE,,NO,1,Female,Breast,Axillary lymph node dissection alone,,,,Modified Radical Mastectomy,C8,TUMOR FREE
TCGA-C8-A134,52,M0,N0,Stage IIA,6th,T2,,,0,12.58,0:DiseaseFree,,,,Negative,,NOT HISPANIC OR LATINO,Modified Radical Masectomy,4/15/11,,,,,,,,2,,,Infiltrating Ductal Carcinoma,,No,No,C50.9,8500/3,C50.9,Equivocal,,YES,2010,,,,7,,Peri (6-12 months since last menstrual period),,,,Core needle biopsy,,,,,,,,,,,,,,,12.58,0:LIVING,f1692f4b-ce1b-4fc5-ac55-1022ecae0d1e,Negative,,Left,,YES,,,,,Negative,,ASIAN,,NO,1,Female,Breast,Axillary lymph node dissection alone,,,,Other,C8,TUMOR FREE
TCGA-C8-A135,64,M0,N1,Stage IIB,6th,T2,,,0,12.91,0:DiseaseFree,,,,Negative,,NOT HISPANIC OR LATINO,,4/15/11,,,,,,,,3,,,Infiltrating Ductal Carcinoma,,No,No,C50.9,8500/3,C50.9,Positive,,YES,2010,YES,1,,3,,Post (prior bilateral ovariectomy OR >12 mo since LMP with no prior hysterectomy),,,NO,Core needle biopsy,,,,,,,,,,,,,,,12.91,0:LIVING,33cea538-4c3f-470a-972d-257c43241ab4,Negative,,Left,,YES,,,,,Negative,,ASIAN,,NO,1,Female,Breast,Axillary lymph node dissection alone,,,,Modified Radical Mastectomy,C8,TUMOR FREE
TCGA-C8-A137,34,M0,N1,Stage IIB,6th,T2,,,0,4.47,1:Recurred/Progressed,,,,Negative,,NOT HISPANIC OR LATINO,,4/15/11,,,,,,,,3,,,Infiltrating Ductal Carcinoma,,No,No,C50.9,8500/3,C50.9,Positive,,YES,2010,YES,,,2,,Pre (<6 months since LMP AND no prior bilateral ovariectomy AND not on estrogen replacement),,,NO,Core needle biopsy,,,,,,,,,,,,,,,12.45,0:LIVING,03ab1e9f-4918-404d-b178-3a4fd929c5e8,Negative,,Left,,YES,,,,,Negative,,ASIAN,,NO,1,Female,Breast,Axillary lymph node dissection alone,,,,Modified Radical Mastectomy,C8,TUMOR FREE
TCGA-C8-A138,54,M0,N2,Stage IIIA,6th,T2,,,0,12.48,0:DiseaseFree,,Allred Score 5,,Positive,,NOT HISPANIC OR LATINO,,4/15/11,,,,,,,,2,,,Infiltrating Ductal Carcinoma,,No,No,C50.9,8500/3,C50.9,Equivocal,,YES,2010,YES,,,2,,Post (prior bilateral ovariectomy OR >12 mo since LMP with no prior hysterectomy),,,NO,Core needle biopsy,,,,,,,,,,,,,,,12.48,0:LIVING,b6c286c6-2755-419b-87d3-59c7feda9653,Negative,,Left,,YES,,,,,Negative,,ASIAN,,NO,1,Female,Breast,Axillary lymph node dissection alone,,,,Modified Radical Mastectomy,C8,TUMOR FREE
TCGA-C8-A1HE,59,M0,N0,Stage IIA,6th,T2,,,0,12.32,0:DiseaseFree,,Allred Score 7,,Positive,,NOT HISPANIC OR LATINO,Patey's Surgery,5/24/11,,,,,,,,2,,,Infiltrating Ductal Carcinoma,,No,No,C50.9,8500/3,C50.9,Equivocal,,YES,2010,YES,,,5,,Post (prior bilateral ovariectomy OR >12 mo since LMP with no prior hysterectomy),,,NO,"Other method, specify:",Patey's Surgery,NO,,,,,,,,,,,,,12.32,0:LIVING,b26d41cd-393b-4cd4-8925-a9488f7de576,Negative,,Right,,YES,,,Allred Score 4,,Positive,,ASIAN,,NO,1,Female,Breast,Axillary lymph node dissection alone,,,,Other,C8,TUMOR FREE
TCGA-C8-A1HF,48,M0,N0,Stage IIA,6th,T2,,,0,10.91,0:DiseaseFree,,,,Negative,,NOT HISPANIC OR LATINO,Patey's Surgery,5/24/11,,,,,,,,3,,,Infiltrating Ductal Carcinoma,,No,No,C50.9,8500/3,C50.9,Positive,,YES,2010,YES,,,12,,Pre (<6 months since LMP AND no prior bilateral ovariectomy AND not on estrogen replacement),,,NO,"Other method, specify:",Patey's Surgery,NO,,,,,,,,,,,,,10.91,0:LIVING,a2453bcb-90f2-4505-949d-a89cf4bfc9b8,Negative,,Left,,YES,,,Allred Score 3,,Positive,,ASIAN,,NO,1,Female,Breast,Axillary lymph node dissection alone,,,,Other,C8,TUMOR FREE
TCGA-C8-A1HG,50,M0,N0,Stage IIA,6th,T2,,,0,11.33,0:DiseaseFree,,Allred Score 8,,Positive,,NOT HISPANIC OR LATINO,Patey's Surgery,5/24/11,,,,,,,,1,,,Infiltrating Ductal Carcinoma,,No,No,C50.9,8500/3,C50.9,Negative,,YES,2010,NO,,,,,Pre (<6 months since LMP AND no prior bilateral ovariectomy AND not on estrogen replacement),,,NO,"Other method, specify:",Patey's Surgery,NO,,,,,,,,,,,,,11.33,0:LIVING,0c23c380-363c-474d-b64c-b47f612a8225,Negative,,Right,,YES,,,Allred Score 7,,Positive,,ASIAN,,NO,1,Female,Breast,Axillary lymph node dissection alone,,,,Other,C8,TUMOR FREE
TCGA-C8-A1HI,40,M0,N2,Stage IIIA,6th,T2,,,0,11.27,0:DiseaseFree,,Allred Score 8,,Positive,,NOT HISPANIC OR LATINO,Patey's Surgery,6/1/11,,,,,,,,1,,,Infiltrating Ductal Carcinoma,,Yes,No,C50.9,8500/3,C50.9,Negative,,YES,2010,YES,,,6,,Pre (<6 months since LMP AND no prior bilateral ovariectomy AND not on estrogen replacement),,,NO,"Other method, specify:",Patey's Surgery,,,,,,,,,,,,,,11.27,0:LIVING,444374f8-9282-439c-af00-0f828edcbff3,Negative,,Right,,YES,,,Allred Score 6,,Positive,,ASIAN,,NO,1,Female,Breast,Axillary lymph node dissection alone,,,,Other,C8,TUMOR FREE
TCGA-C8-A1HJ,53,M0,N0,Stage IIA,6th,T2,,,0,0.16,0:DiseaseFree,,,,Negative,,NOT HISPANIC OR LATINO,Patey's Surgery,6/1/11,,,,,,,,,,,Infiltrating Ductal Carcinoma,,No,No,C50.9,8500/3,C50.9,Negative,,YES,2010,YES,,,10,,Peri (6-12 months since last menstrual period),,,NO,Tumor resection,,,,,,,,,,,,,,,0.16,0:LIVING,a855c228-a263-44df-87a0-cbc32187e3f5,Negative,,Right,,YES,,,,,Negative,,ASIAN,,NO,1,Female,Breast,Axillary lymph node dissection alone,,,,Other,C8,TUMOR FREE
TCGA-C8-A1HK,53,M0,N1,Stage IIB,6th,T2,,,0,12.02,0:DiseaseFree,,,,Negative,,NOT HISPANIC OR LATINO,Patey's Surgery,6/1/11,,,,,,,,3,,,Infiltrating Ductal Carcinoma,,No,No,C50.9,8500/3,C50.9,Positive,,YES,2010,YES,,,8,,Peri (6-12 months since last menstrual period),,,NO,"Other method, specify:",Patey's Surgery,,,,,,,,,,,,,,12.02,0:LIVING,52c35691-efca-42f5-a03e-02c9f872275c,Negative,,Right,,YES,,,,,Negative,,ASIAN,,NO,1,Female,Breast,Axillary lymph node dissection alone,,,,Other,C8,TUMOR FREE
TCGA-C8-A1HL,38,M0,N1,Stage IIIA,6th,T3,,,0,10.41,0:DiseaseFree,,Allred Score 8,,Positive,,NOT HISPANIC OR LATINO,Patey's Surgery,6/2/11,,,,,,,,2,,,"Other, specify",,No,Yes,C50.9,8480/3,C50.9,Equivocal,,YES,2010,YES,,,9,,Pre (<6 months since LMP AND no prior bilateral ovariectomy AND not on estrogen replacement),,,NO,"Other method, specify:",Patey's Surgery,,,,,,,,,,,,,,10.41,0:LIVING,a8a199c9-d781-4e6c-af8c-c85d60c7cd40,Negative,,Left,,YES,,,,,Negative,,ASIAN,,NO,1,Female,Breast,Axillary lymph node dissection alone,,,,Other,C8,TUMOR FREE
TCGA-C8-A1HM,74,M0,N0,Stage IIA,6th,T2,,,0,12.32,0:DiseaseFree,,Allred Score 8,,Positive,,NOT HISPANIC OR LATINO,,6/2/11,,,,,,,,1,,,Infiltrating Ductal Carcinoma,,No,No,C50.9,8500/3,C50.9,Negative,,YES,2010,NO,,,,,Post (prior bilateral ovariectomy OR >12 mo since LMP with no prior hysterectomy),,,NO,Core needle biopsy,,,,,,,,,,,,,,,12.32,0:LIVING,8b525ec6-d24b-49d4-bfcb-b354de4dae7c,Negative,,Left,,YES,,,Allred Score 5,,Positive,,ASIAN,,NO,1,Female,Breast,Axillary lymph node dissection alone,,,,Modified Radical Mastectomy,C8,TUMOR FREE
TCGA-C8-A1HN,56,M0,N0,Stage IIA,6th,T2,,,0,12.94,0:DiseaseFree,,Allred Score 8,,Positive,,NOT HISPANIC OR LATINO,,6/2/11,,,,,,,,2,,,Infiltrating Ductal Carcinoma,,No,No,C50.9,8500/3,C50.9,Equivocal,,YES,2010,NO,,,,,Post (prior bilateral ovariectomy OR >12 mo since LMP with no prior hysterectomy),,,NO,Core needle biopsy,,,,,,,,,,,,,,,12.94,0:LIVING,86a18ae0-dfb1-49c3-b5c4-67ec331d6e40,Negative,,Left,,YES,,,Allred Score 3,,Positive,,ASIAN,,NO,1,Female,Breast,Axillary lymph node dissection alone,,,,Modified Radical Mastectomy,C8,TUMOR FREE
TCGA-C8-A1HO,34,M0,N3,Stage IIIC,6th,T3,,,0,12.32,0:DiseaseFree,,Allred Score 7,,Positive,,NOT HISPANIC OR LATINO,,7/12/11,,,,,,,,,,,Infiltrating Ductal Carcinoma,,No,No,C50.9,8500/3,C50.9,Negative,,YES,2010,NO,,,,,Pre (<6 months since LMP AND no prior bilateral ovariectomy AND not on estrogen replacement),,,,Tumor resection,,,,,,,,,,,,,,,12.32,0:LIVING,b3354b72-2637-4edc-9a95-e55801d3ac13,Negative,,Left Upper Inner Quadrant,,YES,,,Allred Score 5,,Positive,,ASIAN,,NO,1,Female,Breast,,,,,,C8,TUMOR FREE
TCGA-C8-A26V,47,M0,N2,Stage IIIA,6th,T3,,,0,20.24,0:DiseaseFree,,Allred Score 8,,Positive,,NOT HISPANIC OR LATINO,,7/21/11,,,,,,,,,,,Infiltrating Ductal Carcinoma,,No,No,C50.9,8500/3,C50.9,Negative,,YES,2010,NO,,,,,Peri (6-12 months since last menstrual period),,,,"Other method, specify:",Modified Radical Masectomy,,,,,,,,,,,,,,20.24,0:LIVING,89414e79-7f89-42d9-8228-101b5bf2f31f,Negative,,Right,,YES,,,Allred Score 8,,Positive,,ASIAN,,NO,1,Female,Breast,,,,,Modified Radical Mastectomy,C8,TUMOR FREE
TCGA-C8-A26W,58,M0,N1,Stage IIB,6th,T2,,,0,12.52,0:DiseaseFree,,Allred Score 8,,Positive,,NOT HISPANIC OR LATINO,,7/21/11,,,,,,,,2,,,Infiltrating Ductal Carcinoma,,No,No,C50.9,8500/3,C50.9,Equivocal,,YES,2010,NO,,,,,Post (prior bilateral ovariectomy OR >12 mo since LMP with no prior hysterectomy),,,,Tumor resection,,,,,,,,,,,,,,,12.52,0:LIVING,ff0f875f-113a-4c0f-8c0a-4259cd496e6d,Negative,,Left Upper Outer Quadrant,,YES,,,Allred Score 8,,Positive,,ASIAN,,NO,1,Female,Breast,,,,,Modified Radical Mastectomy,C8,TUMOR FREE
TCGA-C8-A26X,58,M0,N1,Stage IIA,6th,T1,,,0,12.35,0:DiseaseFree,,,,Negative,,NOT HISPANIC OR LATINO,,7/21/11,,,,,,,,1,,,Infiltrating Ductal Carcinoma,,No,No,C50.9,8500/3,C50.9,Negative,,YES,2010,NO,,,,,Post (prior bilateral ovariectomy OR >12 mo since LMP with no prior hysterectomy),,,,Tumor resection,,,,,,,,,,,,,,,12.35,0:LIVING,70ab4f23-23c4-409f-a5cc-18a010c3a24e,Negative,,Right Upper Outer Quadrant,,YES,,,,,Negative,,ASIAN,,NO,1,Female,Breast,,,,,Modified Radical Mastectomy,C8,TUMOR FREE
TCGA-C8-A26Y,90,M0,N0,Stage IIA,6th,T2,,,0,12.94,0:DiseaseFree,,,,Negative,,NOT HISPANIC OR LATINO,,7/21/11,,,,,,,,1,,,Infiltrating Ductal Carcinoma,,No,No,C50.9,8500/3,C50.9,Negative,,YES,2010,NO,,,,,Post (prior bilateral ovariectomy OR >12 mo since LMP with no prior hysterectomy),,,,Tumor resection,,,,,,,,,,,,,,,12.94,0:LIVING,4d51159f-ab2f-40e3-a363-847c3654431e,Negative,,Left Upper Outer Quadrant,,YES,,,,,Negative,,ASIAN,,NO,1,Female,Breast,,,,,Modified Radical Mastectomy,C8,TUMOR FREE
TCGA-C8-A26Z,59,M0,N0,Stage IIA,6th,T2,,,0,15.44,0:DiseaseFree,,Allred Score 8,,Positive,,NOT HISPANIC OR LATINO,Patey's Surgery,7/21/11,,,,,,,,1,,,Infiltrating Ductal Carcinoma,,No,No,C50.9,8500/3,C50.9,Negative,,YES,2010,NO,,,,,Post (prior bilateral ovariectomy OR >12 mo since LMP with no prior hysterectomy),,,NO,"Other method, specify:",Patey's Surgery,,,,,,,,,,,,,,15.44,0:LIVING,dc11b1c7-1f00-4813-b4b5-ecf776b2eb37,Negative,,Right Upper Inner Quadrant,,YES,,,Allred Score 4,,Positive,,ASIAN,,NO,1,Female,Breast,,,,,Other,C8,TUMOR FREE
TCGA-C8-A273,29,M0,N1,Stage IIB,6th,T2,,,0,16.85,0:DiseaseFree,,Allred Score 8,,Positive,,NOT HISPANIC OR LATINO,Patey's Surgery,7/21/11,,,,,,,,,,,Infiltrating Ductal Carcinoma,,No,No,C50.9,8500/3,C50.9,Negative,,YES,2010,YES,2,,7,,Pre (<6 months since LMP AND no prior bilateral ovariectomy AND not on estrogen replacement),,,,"Other method, specify:",Patey's Surgery,,,,,,,,,,,,,,16.85,0:LIVING,5a5f0f48-2b13-4e78-b130-901b85d9a7f3,Negative,,Right Upper Inner Quadrant,,YES,,,Allred Score 5,,Positive,,ASIAN,,NO,1,Female,Breast,Axillary lymph node dissection alone,,,,Other,C8,TUMOR FREE
TCGA-C8-A274,63,M0,N0,Stage IIA,6th,T2,,,0,16.69,0:DiseaseFree,,Allred Score 8,,Positive,,NOT HISPANIC OR LATINO,Patey's Surgery,7/21/11,,,,,,,,1,,,Infiltrating Ductal Carcinoma,,No,No,C50.9,8500/3,C50.9,Negative,,YES,2010,NO,,,,,Post (prior bilateral ovariectomy OR >12 mo since LMP with no prior hysterectomy),,,,"Other method, specify:",Patey's Surgery,,,,,,,,,,,,,,16.69,0:LIVING,dbcad60f-86c7-41e3-b0ae-baa39c9f83dd,Negative,,Right,,YES,,,Allred Score 7,,Positive,,ASIAN,,NO,1,Female,Breast,,,,,Other,C8,TUMOR FREE
TCGA-C8-A275,56,M0,N1,Stage IIA,6th,T1,,,0,0.03,0:DiseaseFree,,,,,,NOT HISPANIC OR LATINO,Patey's Surgery,7/21/11,,,,,,,,,,,Infiltrating Ductal Carcinoma,,No,No,C50.9,8500/3,C50.9,,,YES,2010,NO,,,,,Post (prior bilateral ovariectomy OR >12 mo since LMP with no prior hysterectomy),,,,Tumor resection,,,,,,,,,,,,,,,0.03,0:LIVING,ce887e90-0660-4f44-a3a4-b3b894cb7eda,Negative,,Left Upper Outer Quadrant,,YES,,,,,,,ASIAN,,NO,1,Female,Breast,,,,,Other,C8,TUMOR FREE
TCGA-C8-A278,61,M0,N2,Stage IIIA,6th,T2,,,0,9.76,0:DiseaseFree,,,,Negative,,NOT HISPANIC OR LATINO,Patey's Surgery,7/21/11,,,,,,,,3,,,Infiltrating Ductal Carcinoma,,No,No,C50.9,8500/3,C50.9,Positive,,YES,2010,NO,,,,,Post (prior bilateral ovariectomy OR >12 mo since LMP with no prior hysterectomy),,,,"Other method, specify:",Patey's Surgery,,,,,,,,,,,,,,9.76,0:LIVING,65077db7-dd59-4362-9d28-d5a9154e9be0,Negative,,Left,,YES,,,,,Negative,,ASIAN,,NO,1,Female,Breast,,,,,Other,C8,TUMOR FREE
TCGA-C8-A27A,48,M0,N1,Stage IIB,6th,T2,,,0,24.54,0:DiseaseFree,,Allred Score 7,,Positive,,NOT HISPANIC OR LATINO,,7/21/11,,,,,,,,1,,,Infiltrating Ductal Carcinoma,,No,No,C50.9,8500/3,C50.9,Negative,,YES,2010,NO,,,,,Peri (6-12 months since last menstrual period),,,,Tumor resection,,,,,,,,,,,,,,,24.54,0:LIVING,3b1f7e48-216d-47de-ba79-db350f52bff0,Negative,,Right Upper Outer Quadrant,,YES,,,,,Positive,,ASIAN,,NO,1,Female,Breast,,,,,Modified Radical Mastectomy,C8,TUMOR FREE
TCGA-C8-A27B,48,M0,N0,Stage IIB,6th,T3,,,0,14.42,0:DiseaseFree,,,,Negative,,NOT HISPANIC OR LATINO,,7/21/11,,,,,,,,,,,Infiltrating Ductal Carcinoma,,No,No,C50.9,8500/3,C50.9,Negative,,YES,2011,NO,,,,,Peri (6-12 months since last menstrual period),,,,Tumor resection,,,,,,,,,,,,,,,14.42,0:LIVING,f0d8a1fe-e313-44f1-99cc-b965cbeeff0e,Negative,,Left,,YES,,,,,Negative,,ASIAN,,NO,1,Female,Breast,,,,,Modified Radical Mastectomy,C8,TUMOR FREE
TCGA-C8-A3M7,60,M0,N0,Stage IIIB,7th,T4b,,,0,33.97,1:Recurred/Progressed,,,,Negative,,NOT HISPANIC OR LATINO,,3/6/12,,,,,,,,,,,Infiltrating Lobular Carcinoma,,No,No,C50.9,8520/3,C50.9,Negative,,YES,2010,YES,0,,6,,Post (prior bilateral ovariectomy OR >12 mo since LMP with no prior hysterectomy),,,NO,Tumor resection,,NO,,,,,,,,,,,,,33.97,1:DECEASED,959FF069-8A49-4C9B-85C2-5291CAC0ACFF,Negative,,Left Upper Inner Quadrant,,YES,,,,,Negative,,ASIAN,,NO,1,Female,Breast,Axillary lymph node dissection alone,,,,Modified Radical Mastectomy,C8,TUMOR FREE
TCGA-C8-A3M8,68,M0,N0,Stage IA,7th,T1c,,,0,12.94,0:DiseaseFree,,Allred,,Positive,,NOT HISPANIC OR LATINO,,3/6/12,,,,,,,,3,,Dako,Infiltrating Lobular Carcinoma,,No,No,C50.9,8520/3,C50.9,Positive,,YES,2011,YES,,,,,Post (prior bilateral ovariectomy OR >12 mo since LMP with no prior hysterectomy),,,NO,Tumor resection,,NO,,,,,,,,,,,,,12.94,0:LIVING,C1E704D6-A33B-4891-90BD-992B0040C075,Negative,,Right Upper Outer Quadrant,,YES,,,Allred,,Positive,,ASIAN,,NO,1,Female,Breast,Axillary lymph node dissection alone,,,,Modified Radical Mastectomy,C8,TUMOR FREE
TCGA-C8-A8HP,59,M0,N2,Stage IIIA,7th,T2,,,0,13.01,0:DiseaseFree,,,,Negative,,NOT HISPANIC OR LATINO,,12/29/14,,,,,,,,,,,Metaplastic Carcinoma,,No,No,C50.9,8575/3,C50.9,Positive,,YES,2013,YES,6,,9,,Post (prior bilateral ovariectomy OR >12 mo since LMP with no prior hysterectomy),,,,Core needle biopsy,,,NO,,,,,,,,,,,,13.01,0:LIVING,8DB69F1D-72E2-40BA-AD8A-CF228499840D,Negative,NO,Left Upper Outer Quadrant,,YES,,,,,Negative,,ASIAN,NO,NO,1,Female,Breast,Axillary lymph node dissection alone,,,,Modified Radical Mastectomy,C8,TUMOR FREE
TCGA-C8-A8HQ,53,M0,N1,Stage IIB,7th,T2,,,0,12.48,0:DiseaseFree,,,,Positive,,NOT HISPANIC OR LATINO,,12/29/14,,,,,,,,,,,Mucinous Carcinoma,,No,No,C50.9,8480/3,C50.9,Negative,,YES,2013,YES,3,4,7,,Post (prior bilateral ovariectomy OR >12 mo since LMP with no prior hysterectomy),,,,Core needle biopsy,,NO,NO,,,,,,,,,,,,12.48,0:LIVING,6951FE6A-D7D1-4F41-85AF-76655B5D1F62,Negative,NO,Left,,YES,,,,,Positive,,ASIAN,NO,NO,1,Female,Breast,Axillary lymph node dissection alone,,,,Modified Radical Mastectomy,C8,TUMOR FREE
TCGA-C8-A8HR,49,M0,N2,Stage IIIA,7th,T3,,,0,13.4,0:DiseaseFree,,,,,,NOT HISPANIC OR LATINO,,12/29/14,,,,,,,,,,,Infiltrating Lobular Carcinoma,,No,No,C50.9,8520/3,C50.9,,,YES,2013,YES,5,,8,,Peri (6-12 months since last menstrual period),,,,Core needle biopsy,,NO,NO,,,,,,,,,,,,13.4,0:LIVING,DCB68327-1537-4CA6-81DE-3910D0663CB8,Negative,NO,Right,,YES,,,,,,,ASIAN,NO,NO,1,Female,Breast,Axillary lymph node dissection alone,,,,Modified Radical Mastectomy,C8,TUMOR FREE
TCGA-C8-A9FZ,49,M0,N1,Stage IIB,7th,T2,,,0,19.45,0:DiseaseFree,,,,,,NOT HISPANIC OR LATINO,,12/29/14,,,,,,,,,,,Mixed Histology (please specify),Infiltrating Tubulo-Lobular Carcinoma,No,No,C50.9,8524/3,C50.9,Negative,,YES,2013,YES,3,,10,,Pre (<6 months since LMP AND no prior bilateral ovariectomy AND not on estrogen replacement),,,,Core needle biopsy,,NO,NO,,,,,,,,,,,,19.45,0:LIVING,726C6892-0DCE-4869-A7A7-CC44C26FE843,Negative,NO,Left,,YES,,,,,,,WHITE,NO,NO,1,Female,Breast,Axillary lymph node dissection alone,,,,Modified Radical Mastectomy,C8,TUMOR FREE
TCGA-D8-A13Y,52,M0,N0,Stage IA,,T1c,manual counting,,0,56.77,0:DiseaseFree,,10-75%,,Positive,70-79%,NOT HISPANIC OR LATINO,,2/23/11,,,,,,,,1,Hecep Test TM DAKO,,Infiltrating Ductal Carcinoma,,No,No,C50.9,8500/3,C50.9,Negative,,YES,2010,,0,,6,,Post (prior bilateral ovariectomy OR >12 mo since LMP with no prior hysterectomy),,,,Core needle biopsy,,NO,,,,,,,,,,,,,56.77,0:LIVING,17f275c1-a0d4-487d-8f02-ea279584b4cd,Negative,,Right Upper Outer Quadrant,,YES,manual counting,,10-75%,,Positive,70-79%,WHITE,,NO,1,Female,Breast,Axillary lymph node dissection alone,,,,Modified Radical Mastectomy,D8,TUMOR FREE
TCGA-D8-A13Z,51,M0,N2a,,7th,T2,,,0,20.86,0:DiseaseFree,,,,Negative,,NOT HISPANIC OR LATINO,,2/27/11,,,,,,,,1,,Hercep Test  TM Dako,Infiltrating Ductal Carcinoma,,No,No,C50.9,8500/3,C50.9,Negative,,YES,2010,YES,9,,11,,Post (prior bilateral ovariectomy OR >12 mo since LMP with no prior hysterectomy),,,,Fine needle aspiration biopsy,,,,,,,,,,,,,,,20.86,0:LIVING,5a17dcd9-5ced-4a69-8069-23c7fd0649d1,Negative,,Right Lower Outer Quadrant,,YES,,,,,Negative,,WHITE,,NO,1,Female,Breast,Axillary lymph node dissection alone,,,,Modified Radical Mastectomy,D8,
TCGA-D8-A140,62,M0,N1a,Stage IIB,7th,T2,manual counting,,0,13.24,0:DiseaseFree,,>75%,,Positive,,NOT HISPANIC OR LATINO,,2/26/11,,,,,,,,3,Hercep Test TM DAKO,,Infiltrating Ductal Carcinoma,,No,No,C50.9,8500/3,C50.9,Positive,,YES,2010,YES,1,,15,,Post (prior bilateral ovariectomy OR >12 mo since LMP with no prior hysterectomy),,,,Core needle biopsy,,NO,,,,,,,,,,,,,13.24,0:LIVING,2585edbd-3488-4100-a4ab-a161252a31ee,Negative,,Left Upper Outer Quadrant|Left,,YES,manual counting,,<10%,,Positive,<10%,WHITE,,NO,1,Female,Breast,Axillary lymph node dissection alone,,,,Modified Radical Mastectomy,D8,
TCGA-D8-A141,40,M0,N1,,7th,T1c,manual counting,,0,20.57,0:DiseaseFree,,>75%,,Positive,,NOT HISPANIC OR LATINO,,2/27/11,,,,,,,,1,,Hercep Test  TM Dako,Infiltrating Ductal Carcinoma,,No,No,C50.9,8500/3,C50.9,Negative,,YES,2010,YES,1,,15,,Indeterminate (neither Pre or Postmenopausal),,,,Fine needle aspiration biopsy,,,,,,,,,,,,,,,20.57,0:LIVING,42f6f503-4cf6-4a8e-b5fe-b44bccf6b38b,Negative,,Right,,YES,manual counting,,>75%,,Positive,,WHITE,,NO,1,Female,Breast,Axillary lymph node dissection alone,,,,Modified Radical Mastectomy,D8,
TCGA-D8-A142,74,M0,N0,Stage IIB,7th,T3,,,0,13.96,0:DiseaseFree,,,,Negative,,NOT HISPANIC OR LATINO,,2/25/11,,,,,,Negative,,2,,FISH,Infiltrating Ductal Carcinoma,,No,No,C50.9,8500/3,C50.9,Equivocal,,YES,2010,YES,0,,14,,Post (prior bilateral ovariectomy OR >12 mo since LMP with no prior hysterectomy),,,,Core needle biopsy,,NO,,,,,,,,,,,,,13.96,0:LIVING,ccb22ecc-6e18-44b8-ad48-6ab51314b16e,Negative,,Left Lower Outer Quadrant|Left,,YES,,,,,Negative,,WHITE,,NO,1,Female,Breast,Axillary lymph node dissection alone,,,,Modified Radical Mastectomy,D8,TUMOR FREE
TCGA-D8-A143,51,M0,N0,Stage IIA,7th,T2,,,0,14.16,0:DiseaseFree,,,,Negative,,NOT HISPANIC OR LATINO,,2/25/11,,,,,,,,1,,,Infiltrating Ductal Carcinoma,,No,No,C50.9,8500/3,C50.9,Negative,,YES,2010,YES,0,,11,,Post (prior bilateral ovariectomy OR >12 mo since LMP with no prior hysterectomy),,,,Core needle biopsy,,NO,,,,,,,,,,,,,14.16,0:LIVING,1c40b84e-a0e3-429f-a48c-21566cf881c0,Negative,,Left Lower Inner Quadrant,,YES,,,,,Negative,,WHITE,,NO,1,Female,Breast,Axillary lymph node dissection alone,,,,Modified Radical Mastectomy,D8,TUMOR FREE
TCGA-D8-A145,80,M0,N1a,Stage IIA,7th,T1c,manual counting,,0,13.47,0:DiseaseFree,,>75%,,Positive,,NOT HISPANIC OR LATINO,,2/25/11,,,,,,Negative,,2,,,Infiltrating Ductal Carcinoma,,No,No,C50.9,8500/3,C50.9,Equivocal,,YES,2010,YES,1,,7,,Post (prior bilateral ovariectomy OR >12 mo since LMP with no prior hysterectomy),,,,Core needle biopsy,,NO,,,,,,,,,,,,,13.47,0:LIVING,4958c36f-1dc7-4f14-9dec-36e14107dbe3,Negative,,Right Upper Inner Quadrant|Right,,YES,manual counting,,,,Positive,<10%,WHITE,,NO,1,Female,Breast,Sentinel lymph node biopsy plus axillary dissection,,,,Simple Mastectomy,D8,TUMOR FREE
TCGA-D8-A146,57,MX,N0,Stage IIA,7th,T2,manual counting,,0,21.12,0:DiseaseFree,,>75%,,Positive,,NOT HISPANIC OR LATINO,,3/30/11,,,,,,,,1,DAKO Hercep Test TM,,Infiltrating Ductal Carcinoma,,Yes,Yes,C50.9,8500/3,C50.9,Negative,,YES,2010,YES,0,,11,,Post (prior bilateral ovariectomy OR >12 mo since LMP with no prior hysterectomy),,,NO,Fine needle aspiration biopsy,,NO,,,,,,,,,,,,,21.12,0:LIVING,03da7a65-fa2f-42cb-a709-5fe8736f21d3,Negative,,Right Upper Outer Quadrant|Right,,YES,manual counting,,>75%,,Positive,,WHITE,,NO,1,Female,Breast,Axillary lymph node dissection alone,,,,Modified Radical Mastectomy,D8,
TCGA-D8-A147,45,M0,N0,,7th,T2,,,0,19.19,0:DiseaseFree,,,,Negative,,NOT HISPANIC OR LATINO,,2/27/11,,,,,,,,,Hercep Test  TM Dako,,Infiltrating Ductal Carcinoma,,No,No,C50.9,8500/3,C50.9,Negative,,YES,2010,YES,0,,1,,Indeterminate (neither Pre or Postmenopausal),,,,Tumor resection,,,,,,,,,,,,,,,19.19,0:LIVING,fc18d029-9be2-4fa0-9aef-6d647dc55f0b,Negative,,Right Lower Outer Quadrant,,YES,,,,,Negative,,WHITE,,NO,1,Female,Breast,Sentinel node biopsy alone,,,,Lumpectomy,D8,
TCGA-D8-A1J8,77,M0,N1a,Stage IIB,7th,T2,,,0,14.16,0:DiseaseFree,,,,Positive,70-79%,NOT HISPANIC OR LATINO,,3/23/11,,,,,,,,,,,Infiltrating Ductal Carcinoma,,No,No,C50.9,8500/3,C50.9,Negative,,YES,2010,,3,,16,,Post (prior bilateral ovariectomy OR >12 mo since LMP with no prior hysterectomy),,,,Fine needle aspiration biopsy,,,,,,,,,,,,,,,14.16,0:LIVING,62d70067-ff77-4f95-8b69-f537abaf74ce,Negative,,Right Upper Outer Quadrant,,YES,,,,,Positive,70-79%,WHITE,,NO,1,Female,Breast,Axillary lymph node dissection alone,,,,Modified Radical Mastectomy,D8,TUMOR FREE
TCGA-D8-A1J9,48,M0,N0,Stage IA,7th,T1c,manual counting,,0,17.48,0:DiseaseFree,,10-75%,,Positive,,NOT HISPANIC OR LATINO,,3/29/11,,,,,,,,3,Hecep Test TM DAKO,,Infiltrating Ductal Carcinoma,,No,No,C50.9,8500/3,C50.9,Positive,,YES,2010,,0,,6,,Post (prior bilateral ovariectomy OR >12 mo since LMP with no prior hysterectomy),,,,Fine needle aspiration biopsy,,,,,,,,,,,,,,,17.48,0:LIVING,d5e9a403-88ce-40fc-bb85-80cf3f8ff6bc,Negative,,Left Upper Outer Quadrant,,YES,manual counting,,0%,,Negative,,WHITE,,NO,1,Female,Breast,Axillary lymph node dissection alone,,,,Modified Radical Mastectomy,D8,TUMOR FREE
TCGA-D8-A1JA,60,M0,NX,,7th,T4b,manual counting,,0,14.16,1:Recurred/Progressed,,,,Negative,<10%,NOT HISPANIC OR LATINO,,3/29/11,,,,,,,,3,Hecep Test TM DAKO,,Infiltrating Ductal Carcinoma,,No,No,C50.9,8500/3,C50.9,Positive,,YES,2010,NO,,,,,Post (prior bilateral ovariectomy OR >12 mo since LMP with no prior hysterectomy),,,,"Other method, specify:",intraoperative examination,NO,,,,,,,,,,,,,16.49,0:LIVING,9ced0c70-c46c-4f98-8f48-840defe4b8b1,Negative,,Left Upper Outer Quadrant,,YES,manual counting,,0%,,Negative,,WHITE,,NO,1,Female,Breast,No axillary staging,,,,Modified Radical Mastectomy,D8,TUMOR FREE
TCGA-D8-A1JB,54,M0,N1a,Stage IIB,7th,T2,manual counting,,0,55.45,0:DiseaseFree,,>75%,,Positive,,NOT HISPANIC OR LATINO,,3/29/11,,,,not amplified,Path Vysion HER2 DNA Probe Kit,Positive,,2,Hecep Test TM DAKO,,Infiltrating Ductal Carcinoma,,No,No,C50.9,8500/3,C50.9,Equivocal,,YES,2010,YES,1,,8,,Post (prior bilateral ovariectomy OR >12 mo since LMP with no prior hysterectomy),,,,Fine needle aspiration biopsy,,NO,,,,,,,,,,,,,55.45,0:LIVING,dd96a9c7-899c-47cd-a0f9-b149ed07a5d6,Negative,,Right Upper Outer Quadrant,,YES,manual counting,,10-75%,,Positive,,WHITE,,NO,1,Female,Breast,Axillary lymph node dissection alone,,,,Modified Radical Mastectomy,D8,TUMOR FREE
TCGA-D8-A1JC,59,M0,N2a,Stage IIIA,7th,T2,,,0,15.77,0:DiseaseFree,,>75%,,Positive,,NOT HISPANIC OR LATINO,,3/29/11,,,,,,,,1,,,Infiltrating Ductal Carcinoma,,No,No,C50.9,8500/3,C50.9,Negative,,YES,2010,YES,4,,11,,Post (prior bilateral ovariectomy OR >12 mo since LMP with no prior hysterectomy),,,,"Other method, specify:",intraoperative examination,NO,,,,,,,,,,,,,15.77,0:LIVING,02e6f999-24f2-4ad2-9b92-df3ee2b082e5,Negative,,Left Upper Outer Quadrant,,YES,,,>75%,,Positive,,WHITE,,NO,1,Female,Breast,Axillary lymph node dissection alone,,,,Modified Radical Mastectomy,D8,TUMOR FREE
TCGA-D8-A1JD,41,M0,N1a,Stage IIB,7th,T2,manual counting,,0,18.13,0:DiseaseFree,,>75%,,Positive,,NOT HISPANIC OR LATINO,,3/29/11,,,,,,,,1,Hecep Test TM DAKO,,Infiltrating Ductal Carcinoma,,No,No,C50.9,8500/3,C50.9,Negative,,YES,2010,,3,0,14,,Pre (<6 months since LMP AND no prior bilateral ovariectomy AND not on estrogen replacement),,,,Core needle biopsy,,,,,,,,,,,,,,,18.13,0:LIVING,530ad151-703d-4638-851f-0b5111ff318b,Negative,,Left Upper Outer Quadrant,,YES,manual counting,,10-75%,,Positive,,WHITE,,NO,1,Female,Breast,Axillary lymph node dissection alone,,,,Modified Radical Mastectomy,D8,TUMOR FREE
TCGA-D8-A1JE,62,M0,N1a,Stage IIA,7th,T1c,manual counting,,0,18.89,0:DiseaseFree,,>75%,,Positive,,NOT HISPANIC OR LATINO,,3/28/11,,,,,,,,1,Hecep Test TM DAKO,,Infiltrating Ductal Carcinoma,,No,No,C50.9,8500/3,C50.9,Negative,,YES,2010,YES,3,,10,,Post (prior bilateral ovariectomy OR >12 mo since LMP with no prior hysterectomy),,,,Fine needle aspiration biopsy,,NO,,,,,,,,,,,,,18.89,0:LIVING,115bc72c-116f-40c1-be9b-e3dd7650efae,Negative,,Left Upper Outer Quadrant,,YES,manual counting,,10-75%,,Positive,,WHITE,,NO,1,Female,Breast,Axillary lymph node dissection alone,,,,Modified Radical Mastectomy,D8,TUMOR FREE
TCGA-D8-A1JF,79,M0,N2a,Stage IIIA,7th,T1c,,,0,12.02,0:DiseaseFree,,,,Negative,,NOT HISPANIC OR LATINO,,3/28/11,,,,,,,,1,,,Infiltrating Ductal Carcinoma,,No,No,C50.9,8500/3,C50.9,Negative,,YES,2010,YES,8,,25,,Post (prior bilateral ovariectomy OR >12 mo since LMP with no prior hysterectomy),,,,"Other method, specify:",intraoperative examination,NO,,,,,,,,,,,,,12.02,0:LIVING,dcd5e079-813a-4c1a-b320-0931468d2bbc,Negative,,Left Upper Outer Quadrant,,YES,,,,,Negative,,WHITE,,NO,1,Female,Breast,Axillary lymph node dissection alone,,,,Modified Radical Mastectomy,D8,TUMOR FREE
TCGA-D8-A1JG,62,M0,N0,Stage IIA,7th,T2,,,0,52.96,0:DiseaseFree,,,,Negative,,NOT HISPANIC OR LATINO,,3/28/11,,,,not amplified,,Negative,,2,,,Infiltrating Ductal Carcinoma,,No,No,C50.9,8500/3,C50.9,Equivocal,,YES,2010,YES,0,,1,,Post (prior bilateral ovariectomy OR >12 mo since LMP with no prior hysterectomy),,,,"Other method, specify:",intraoperative examination,NO,,,,,,,,,,,,,52.96,0:LIVING,7f2a63e6-64d5-4be1-9814-e8416fc9e688,Negative,,Right Upper Outer Quadrant,,YES,,,,,Negative,,WHITE,,NO,1,Female,Breast,Sentinel node biopsy alone,,,,Lumpectomy,D8,TUMOR FREE
TCGA-D8-A1JH,56,M0,N0,Stage IA,7th,T1c,manual counting,,0,13.99,0:DiseaseFree,,>75%,,Positive,,NOT HISPANIC OR LATINO,,3/28/11,,,,,,,,1,Hecep Test TM DAKO,,Infiltrating Ductal Carcinoma,,No,No,C50.9,8500/3,C50.9,Negative,,YES,2010,YES,,,9,,Post (prior bilateral ovariectomy OR >12 mo since LMP with no prior hysterectomy),,,,Fine needle aspiration biopsy,,,,,,,,,,,,,,,13.99,0:LIVING,4d1bf9e6-5837-4aed-b568-92f014ed5a4b,Negative,,Right Lower Outer Quadrant,,YES,manual counting,,>75%,,Positive,,WHITE,,NO,1,Female,Breast,Axillary lymph node dissection alone,,,,Modified Radical Mastectomy,D8,TUMOR FREE
TCGA-D8-A1JI,54,MX,N1a,Stage IIA,7th,T1c,manual counting,,0,18.96,0:DiseaseFree,,>75%,,Positive,,NOT HISPANIC OR LATINO,,3/30/11,,,,,,,,,DAKOHercepTest TM,,Infiltrating Ductal Carcinoma,,No,No,C50.9,8500/3,C50.9,Negative,,YES,2010,YES,2,,22,,Post (prior bilateral ovariectomy OR >12 mo since LMP with no prior hysterectomy),,,,Fine needle aspiration biopsy,,NO,,,,,,,,,,,,,18.96,0:LIVING,baf2afc8-f16c-488f-947c-efc9083c6bef,Negative,,Right Upper Outer Quadrant,,YES,manual counting,,>75%,,Positive,,WHITE,,NO,1,Female,Breast,Axillary lymph node dissection alone,,,,Modified Radical Mastectomy,D8,TUMOR FREE
TCGA-D8-A1JJ,54,M0,N0,Stage IIA,7th,T2,manual counting,,0,20.07,0:DiseaseFree,,>75%,,Positive,,NOT HISPANIC OR LATINO,breast conserving therapy,3/29/11,,,,,,,,1,DAKOHercepTest TM,10-75%,Infiltrating Ductal Carcinoma,,No,No,C50.9,8500/3,C50.9,Negative,,YES,2010,YES,0,,1,,Post (prior bilateral ovariectomy OR >12 mo since LMP with no prior hysterectomy),,,,Core needle biopsy,,,,,,,,,,,,,,,20.07,0:LIVING,f7ab565c-83b5-4988-b9be-8a46f65dca8c,Negative,,Right Upper Inner Quadrant,,YES,manual counting,,10-75%,,Positive,,WHITE,,NO,1,Female,Breast,Sentinel node biopsy alone,,,,Other,D8,TUMOR FREE
TCGA-D8-A1JK,90,M0,N0,Stage IIA,7th,T2,manual counting,,0,20.11,0:DiseaseFree,,0%,,Negative,,NOT HISPANIC OR LATINO,,3/29/11,,,,,,,,1,DAKOHercepTest TM,,Infiltrating Ductal Carcinoma,,No,No,C50.9,8500/3,C50.9,Negative,,YES,2010,YES,0,,13,,Post (prior bilateral ovariectomy OR >12 mo since LMP with no prior hysterectomy),,,,Fine needle aspiration biopsy,,,,,,,,,,,,,,,20.11,0:LIVING,56203436-8634-4fd0-96b5-ba6be9d87857,Negative,,Left Upper Inner Quadrant|Left Upper Outer Quadrant,,YES,manual counting,,,,Positive,<10%,WHITE,,NO,1,Female,Breast,Axillary lymph node dissection alone,,,,Modified Radical Mastectomy,D8,
TCGA-D8-A1JL,72,M0,N0,Stage IIA,7th,T2,manual counting,,0,20.07,0:DiseaseFree,,0%,,Negative,,NOT HISPANIC OR LATINO,,3/29/11,,,,,,,,1,DAKOHercepTest TM,,Infiltrating Ductal Carcinoma,,No,No,C50.9,8500/3,C50.9,Negative,,YES,2010,YES,0,,11,,Post (prior bilateral ovariectomy OR >12 mo since LMP with no prior hysterectomy),,,,Fine needle aspiration biopsy,,,,,,,,,,,,,,,20.07,0:LIVING,aa4244a8-0454-4247-a1c3-357fd51746fa,Negative,,Left Lower Inner Quadrant,,YES,manual counting,,0%,,Negative,,WHITE,,NO,1,Female,Breast,Axillary lymph node dissection alone,,,,Modified Radical Mastectomy,D8,TUMOR FREE
TCGA-D8-A1JM,59,M0,N1a,Stage IIB,7th,T2,manual counting,,0,19.38,0:DiseaseFree,,,,Positive,<10%,NOT HISPANIC OR LATINO,,3/29/11,,,,,,,,1,DAKOHercepTest TM,,Infiltrating Ductal Carcinoma,,No,No,C50.9,8500/3,C50.9,Negative,,YES,2010,YES,3,,11,,Post (prior bilateral ovariectomy OR >12 mo since LMP with no prior hysterectomy),,,,Fine needle aspiration biopsy,,,,,,,,,,,,,,,19.38,0:LIVING,3e775c99-ceda-4246-8d6f-0f58ca5097c8,Negative,,Right Upper Outer Quadrant,,YES,manual counting,,0%,,Negative,,WHITE,,NO,1,Female,Breast,Axillary lymph node dissection alone,,,,Modified Radical Mastectomy,D8,TUMOR FREE
TCGA-D8-A1JN,80,MX,N3a,Stage IIIC,7th,T3,manual counting,,0,20.37,0:DiseaseFree,,>75%,,Positive,,NOT HISPANIC OR LATINO,,3/29/11,,HER2 amplification - negative,,,PathVision HER2 DNA Probe Kit,Negative,,,DAKOHercepTest TM,,Infiltrating Lobular Carcinoma,,No,No,C50.9,8520/3,C50.9,Indeterminate,,YES,2010,YES,11,,13,,Post (prior bilateral ovariectomy OR >12 mo since LMP with no prior hysterectomy),,,,Incisional Biopsy,,,,,,,,,,,,,,,20.37,0:LIVING,28911b97-42bf-4189-9961-522fc0aeebc6,Negative,,Left,,YES,manual counting,,,,Positive,<10%,WHITE,,NO,1,Female,Breast,Axillary lymph node dissection alone,,,,Modified Radical Mastectomy,D8,TUMOR FREE
TCGA-D8-A1JP,73,M0,N0,Stage IA,7th,T1c,manual counting,,0,20.99,0:DiseaseFree,,>75%,,Positive,,NOT HISPANIC OR LATINO,,3/29/11,,,,,,,,1,DAKOHercepTest TM,,Infiltrating Ductal Carcinoma,,No,No,C50.9,8500/3,C50.9,Negative,,YES,2010,YES,,,1,Negative,Post (prior bilateral ovariectomy OR >12 mo since LMP with no prior hysterectomy),,,,Fine needle aspiration biopsy,,,,,,,,,,,,,,,20.99,0:LIVING,752f4773-5a12-4485-a1f6-896e148ddf4d,Negative,,Left Upper Inner Quadrant,,YES,manual counting,,,,Positive,<10%,WHITE,,NO,1,Female,Breast,Sentinel node biopsy alone,,Mastectomy NOS,,Lumpectomy,D8,
TCGA-D8-A1JS,77,M0,N0,Stage IA,7th,T1c,manual counting,,0,12.19,0:DiseaseFree,,>75%,,Positive,,NOT HISPANIC OR LATINO,,3/28/11,,,,,,,,1,Hecep Test TM DAKO,,"Other, specify",,No,No,C50.9,8503/3,C50.9,Negative,,YES,2010,YES,0,,13,,Post (prior bilateral ovariectomy OR >12 mo since LMP with no prior hysterectomy),,,,"Other method, specify:",intraoperative examination,NO,,,,,,,,,,,,,12.19,0:LIVING,0d03055c-186b-418a-b614-e2035757bc3b,Negative,,Right Upper Outer Quadrant,,YES,manual counting,,>75%,,Positive,,WHITE,,NO,1,Female,Breast,Axillary lymph node dissection alone,,,,Lumpectomy,D8,TUMOR FREE
TCGA-D8-A1JT,70,M0,N0,Stage IIA,7th,T2,,,0,13.3,0:DiseaseFree,,,,Positive,70-79%,NOT HISPANIC OR LATINO,,3/28/11,,,,not amplified,,Negative,,2,,,"Other, specify",,No,No,C50.9,8523/3,C50.9,Equivocal,,YES,2010,YES,0,,15,,Post (prior bilateral ovariectomy OR >12 mo since LMP with no prior hysterectomy),,,,Fine needle aspiration biopsy,,NO,,,,,,,,,,,,,13.3,0:LIVING,cd781589-3820-45a2-906b-8d60cd02f3ef,Negative,,Left Lower Outer Quadrant,,YES,,,,,Positive,70-79%,WHITE,,NO,1,Female,Breast,Axillary lymph node dissection alone,,,,Modified Radical Mastectomy,D8,TUMOR FREE
TCGA-D8-A1JU,51,M0,N0,Stage IA,7th,T1c,manual counting,,0,14.68,0:DiseaseFree,,>75%,,Positive,,NOT HISPANIC OR LATINO,,3/28/11,,,,,,,,1,,,Infiltrating Ductal Carcinoma,,No,No,C50.9,8500/3,C50.9,Negative,,YES,2010,YES,0,,1,,Post (prior bilateral ovariectomy OR >12 mo since LMP with no prior hysterectomy),,,,Core needle biopsy,,,,,,,,,,,,,,,14.68,0:LIVING,af2a8e2f-2ae1-48bc-bba5-0e2c077c4e48,Negative,,Left Upper Outer Quadrant,,YES,manual counting,,>75%,,Positive,,WHITE,,NO,1,Female,Breast,Sentinel node biopsy alone,,,,Simple Mastectomy,D8,TUMOR FREE
TCGA-D8-A1X5,81,MX,N3a,Stage IIIC,7th,T2,manual counting,,0,18.56,0:DiseaseFree,,>75%,,Positive,,NOT HISPANIC OR LATINO,,6/9/11,,,,,,,,3,Hercep Test  TM Dako,,Infiltrating Ductal Carcinoma,,No,No,C50.9,8500/3,C50.9,Positive,,YES,2010,YES,14,,16,,Post (prior bilateral ovariectomy OR >12 mo since LMP with no prior hysterectomy),,,NO,Fine needle aspiration biopsy,,,,,,,,,,,,,,,18.56,0:LIVING,eb93df3d-9e25-4e4c-9a5d-350f296e5acf,Negative,,Right Upper Outer Quadrant|Right Lower Inner Quadrant|Right Lower Outer Quadrant,,YES,manual counting,,10-75%,,Positive,,WHITE,,NO,1,Female,Breast,Axillary lymph node dissection alone,,,,Modified Radical Mastectomy,D8,TUMOR FREE
TCGA-D8-A1X6,80,MX,N2a,Stage IIIA,7th,T3,manual counting,,0,17.77,0:DiseaseFree,,>75%,,Positive,,NOT HISPANIC OR LATINO,,6/9/11,,,,,,,,1,,,Infiltrating Ductal Carcinoma,,No,No,C50.9,8500/3,C50.9,Negative,,YES,2010,YES,5,,7,,Post (prior bilateral ovariectomy OR >12 mo since LMP with no prior hysterectomy),,,NO,Fine needle aspiration biopsy,,,,,,,,,,,,,,,17.77,0:LIVING,42e47f3a-dff7-41e4-8f84-146d97e8ab72,Negative,,Left Upper Inner Quadrant|Left Upper Outer Quadrant,,YES,manual counting,,>75%,,Positive,,WHITE,,NO,1,Female,Breast,Axillary lymph node dissection alone,,,,Modified Radical Mastectomy,D8,TUMOR FREE
TCGA-D8-A1X7,40,MX,N0,Stage IIA,7th,T2,manual counting,,0,16.72,0:DiseaseFree,,>75%,,Positive,,NOT HISPANIC OR LATINO,,6/9/11,,,,,,,,,,,"Other, specify",,No,No,C50.9,8503/3,C50.9,Negative,,YES,2010,YES,0,,3,,Pre (<6 months since LMP AND no prior bilateral ovariectomy AND not on estrogen replacement),,,NO,Fine needle aspiration biopsy,,,,,,,,,,,,,,,16.72,0:LIVING,cdab777e-62de-4d51-92af-b6eb089c111f,Negative,,Right Upper Outer Quadrant,,YES,manual counting,,>75%,,Positive,,WHITE,,NO,1,Female,Breast,Axillary lymph node dissection alone,,,,Simple Mastectomy,D8,
TCGA-D8-A1X8,62,M0,N2a,Stage IIIA,7th,T1c,% IHC,,0,25.72,0:DiseaseFree,,>75%,,Positive,,NOT HISPANIC OR LATINO,,5/16/11,,,,,,,,,,,Infiltrating Lobular Carcinoma,,No,No,C50.9,8520/3,C50.9,Negative,,YES,2010,YES,9,0,11,,Post (prior bilateral ovariectomy OR >12 mo since LMP with no prior hysterectomy),,,NO,Fine needle aspiration biopsy,,NO,,,,,,,,,,,,,25.72,0:LIVING,8624354c-af25-423c-9c71-48a5dd821097,Negative,,Left Lower Outer Quadrant,,YES,%IHC,2+,>75%,4 Point Scale,Indeterminate,,WHITE,,NO,1,Female,Breast,Axillary lymph node dissection alone,,,,Modified Radical Mastectomy,D8,TUMOR FREE
TCGA-D8-A1X9,66,M0,N1a,Stage IIB,7th,T2,% IHC,,0,23.88,0:DiseaseFree,,>75%,,Positive,,NOT HISPANIC OR LATINO,,5/16/11,,,,not amplified,,Negative,,,,,Infiltrating Ductal Carcinoma,,No,No,C50.9,8500/3,C50.9,Indeterminate,,YES,2010,YES,3,0,23,,Post (prior bilateral ovariectomy OR >12 mo since LMP with no prior hysterectomy),,,NO,Core needle biopsy,,NO,,,,,,,,,,,,,23.88,0:LIVING,34a74805-300c-4773-ab59-2085fcc2e6cc,,,Left Lower Outer Quadrant,,YES,%IHC,,>75%,,Positive,,WHITE,,NO,1,Female,Breast,Axillary lymph node dissection alone,,,,Modified Radical Mastectomy,D8,TUMOR FREE
TCGA-D8-A1XA,64,M0,N0,Stage IA,7th,T1c,% IHC,,0,27.56,0:DiseaseFree,,>75%,,Positive,,NOT HISPANIC OR LATINO,,5/18/11,,,,,,,,2,,,Infiltrating Ductal Carcinoma,,No,No,C50.9,8500/3,C50.9,Equivocal,,YES,2010,YES,0,0,1,,Post (prior bilateral ovariectomy OR >12 mo since LMP with no prior hysterectomy),,,NO,"Other method, specify:",intraoperative examination,NO,,,,,,,,,,,,,27.56,0:LIVING,739cb132-51e9-41be-8064-311a13da0d74,Negative,,Left Upper Outer Quadrant,,YES,%IHC,,>75%,,Positive,,WHITE,,NO,1,Female,Breast,Sentinel node biopsy alone,,,,Lumpectomy,D8,TUMOR FREE
TCGA-D8-A1XB,62,M0,N1a,Stage IIB,7th,T2,% IHC,,0,18.13,0:DiseaseFree,,>75%,,Positive,,NOT HISPANIC OR LATINO,,5/16/11,,,,,,,,1,,,Infiltrating Ductal Carcinoma,,No,No,C50.9,8500/3,C50.9,Negative,,YES,2010,YES,1,0,10,,Post (prior bilateral ovariectomy OR >12 mo since LMP with no prior hysterectomy),,,NO,Core needle biopsy,,NO,,,,,,,,,,,,,18.13,0:LIVING,d2694b09-7844-4496-865c-5d3d8cd03330,Negative,,Right Upper Outer Quadrant,,YES,%IHC,,>75%,,Positive,,WHITE,,NO,1,Female,Breast,Axillary lymph node dissection alone,,,,Modified Radical Mastectomy,D8,TUMOR FREE
TCGA-D8-A1XC,85,M0,N1a,Stage IIIB,7th,T4b,% IHC,,0,,,,>75%,,Positive,,NOT HISPANIC OR LATINO,,5/16/11,,,,,,,,1,,,Mucinous Carcinoma,,No,No,C50.9,8480/3,C50.9,Negative,,YES,2010,YES,1,0,20,,Post (prior bilateral ovariectomy OR >12 mo since LMP with no prior hysterectomy),,,NO,"Other method, specify:",intraoperative examination,NO,,,,,,,,,,,,,12.39,1:DECEASED,ee14e049-b891-4dda-a730-8ce99bd93baf,Negative,,Right Upper Inner Quadrant,,YES,%IHC,,>75%,,Positive,,WHITE,,NO,1,Female,Breast,Axillary lymph node dissection alone,,,,Modified Radical Mastectomy,D8,TUMOR FREE
TCGA-D8-A1XD,36,M0,N2a,Stage IIIA,7th,T1c,% IHC,,0,17.15,0:DiseaseFree,,>75%,,Positive,,NOT HISPANIC OR LATINO,,5/16/11,,,,,,,,1,,,Infiltrating Ductal Carcinoma,,No,No,C50.9,8500/3,C50.9,Negative,,YES,2010,YES,6,,18,,Pre (<6 months since LMP AND no prior bilateral ovariectomy AND not on estrogen replacement),,,NO,,,NO,,,,,,,,,,,,,17.15,0:LIVING,c4699748-f01d-4b30-9c74-1ca77fb84ac1,Negative,,Left Upper Outer Quadrant,,YES,%IHC,,>75%,,Positive,,WHITE,,NO,1,Female,Breast,Axillary lymph node dissection alone,,,,Modified Radical Mastectomy,D8,TUMOR FREE
TCGA-D8-A1XF,45,M0,N0,Stage IIA,7th,T2,% IHC,,0,15.21,0:DiseaseFree,,>75%,,Positive,,NOT HISPANIC OR LATINO,,5/16/11,,,,,,,,1,,,Infiltrating Ductal Carcinoma,,No,No,C50.9,8500/3,C50.9,Negative,,YES,2010,YES,0,0,8,,Pre (<6 months since LMP AND no prior bilateral ovariectomy AND not on estrogen replacement),,,NO,"Other method, specify:",intraoperative examination,NO,,,,,,,,,,,,,15.21,0:LIVING,6f6afd31-b5dd-48ab-b18f-6390ba18a5f0,,,Left Upper Outer Quadrant,,YES,%IHC,,>75%,,Positive,,WHITE,,NO,1,Female,Breast,Axillary lymph node dissection alone,,,,Modified Radical Mastectomy,D8,TUMOR FREE
TCGA-D8-A1XG,86,M0,N1a,Stage IIIB,7th,T4b,% IHC,,0,14.72,0:DiseaseFree,,10-75%,,Positive,,NOT HISPANIC OR LATINO,,5/16/11,,,,,,,,,,,Infiltrating Ductal Carcinoma,,No,No,C50.9,8500/3,C50.9,Negative,,YES,2010,YES,2,0,2,,Post (prior bilateral ovariectomy OR >12 mo since LMP with no prior hysterectomy),,,NO,"Other method, specify:",intraoperative examination,YES,,,,,,,,,,,,,14.72,0:LIVING,de531604-bd1a-49df-96c2-6de3ae703f1d,Negative,,Right Upper Inner Quadrant,,YES,,,,,Negative,,WHITE,,NO,1,Female,Breast,Axillary lymph node dissection alone,,,,Modified Radical Mastectomy,D8,TUMOR FREE
TCGA-D8-A1XJ,76,MX,N1a,Stage IIIA,7th,T3,manual counting,,0,21.81,0:DiseaseFree,,>75%,,Positive,,NOT HISPANIC OR LATINO,,6/9/11,,,,,,,,3,Hercep Test  TM Dako,,"Other, specify",,No,No,C50.9,8523/3,C50.9,Positive,,YES,2010,YES,2,,43,,Post (prior bilateral ovariectomy OR >12 mo since LMP with no prior hysterectomy),,,NO,Fine needle aspiration biopsy,,,,,,,,,,,,,,,21.81,0:LIVING,cc510968-fe52-4109-a79f-74f216b48c78,Negative,,Left Upper Outer Quadrant|Left Lower Outer Quadrant,,YES,manual counting,,10-75%,,Positive,,WHITE,,NO,1,Female,Breast,Axillary lymph node dissection alone,,,,Modified Radical Mastectomy,D8,TUMOR FREE
TCGA-D8-A1XK,55,MX,N1a,Stage IIB,7th,T2,,,0,14.49,0:DiseaseFree,,,,Negative,,NOT HISPANIC OR LATINO,,6/9/11,,,,,,,,,,,Infiltrating Ductal Carcinoma,,No,No,C50.9,8500/3,C50.9,Negative,,YES,2010,YES,3,,18,,Post (prior bilateral ovariectomy OR >12 mo since LMP with no prior hysterectomy),,,NO,Fine needle aspiration biopsy,,,,,,,,,,,,,,,14.49,0:LIVING,97943d87-fed7-4f14-a0a7-c5bfee64c392,Negative,,Left Lower Inner Quadrant,,YES,,,,,Negative,,WHITE,,NO,1,Female,Breast,Axillary lymph node dissection alone,,,,Modified Radical Mastectomy,D8,TUMOR FREE
TCGA-D8-A1XL,34,MX,N1a,Stage IIB,7th,T2,manual counting,,0,19.91,0:DiseaseFree,,>75%,,Positive,,NOT HISPANIC OR LATINO,,6/9/11,,,,,,Negative,,2,HercepTest TM Dako,,Infiltrating Ductal Carcinoma,,No,No,C50.9,8500/3,C50.9,Equivocal,,YES,2010,YES,2,,13,,Pre (<6 months since LMP AND no prior bilateral ovariectomy AND not on estrogen replacement),,,NO,Fine needle aspiration biopsy,,,,,,,,,,,,,,,19.91,0:LIVING,2b19a6b4-7a17-4452-b4aa-6fc18adc0c3c,Negative,,Left Upper Outer Quadrant,,YES,manual counting,,>75%,,Positive,,WHITE,,NO,1,Female,Breast,Axillary lymph node dissection alone,,,,Lumpectomy,D8,TUMOR FREE
TCGA-D8-A1XM,57,M0,N0,Stage IA,7th,T1c,% IHC,,0,17.67,0:DiseaseFree,,>75%,,Positive,,NOT HISPANIC OR LATINO,,5/16/11,,,,,,,,1,,,Infiltrating Ductal Carcinoma,,No,No,C50.9,8500/3,C50.9,Negative,,YES,2010,YES,0,0,1,,Post (prior bilateral ovariectomy OR >12 mo since LMP with no prior hysterectomy),,,NO,Fine needle aspiration biopsy,,NO,,,,,,,,,,,,,17.67,0:LIVING,92529232-8504-4541-b7e2-4df8f497c413,Negative,,Right Upper Inner Quadrant,,YES,%IHC,,>75%,,Positive,,WHITE,,NO,1,Female,Breast,Sentinel node biopsy alone,,,,Lumpectomy,D8,TUMOR FREE
TCGA-D8-A1XO,56,M0,N1a,Stage IIB,7th,T2,% IHC,,0,55.26,0:DiseaseFree,,>75%,,Positive,,NOT HISPANIC OR LATINO,,5/16/11,,,,,,,,1,,,Infiltrating Lobular Carcinoma,,No,No,C50.9,8520/3,C50.9,Negative,,YES,2010,YES,1,0,10,,Post (prior bilateral ovariectomy OR >12 mo since LMP with no prior hysterectomy),,,NO,Core needle biopsy,,NO,,,,,,,,,,,,,55.26,0:LIVING,6a186809-3422-41d0-83d2-867145830936,Negative,,Left Lower Outer Quadrant,,YES,%IHC,,>75%,,Positive,,WHITE,,NO,1,Female,Breast,Axillary lymph node dissection alone,,,,Modified Radical Mastectomy,D8,TUMOR FREE
TCGA-D8-A1XQ,69,M0,N0,Stage IIA,7th,T2,% IHC,,0,16.39,0:DiseaseFree,,0%,,Negative,,NOT HISPANIC OR LATINO,,5/16/11,,,,,,,,1,,,Infiltrating Ductal Carcinoma,,No,No,C50.9,8500/3,C50.9,Negative,,YES,2010,YES,0,0,7,,Post (prior bilateral ovariectomy OR >12 mo since LMP with no prior hysterectomy),,,NO,Core needle biopsy,,NO,,,,,,,,,,,,,16.39,0:LIVING,3886b4fb-ba22-4a50-b11a-a6893951f170,Negative,,Right Upper Outer Quadrant,,YES,,,,,Negative,<10%,WHITE,,NO,1,Female,Breast,Axillary lymph node dissection alone,,,,Modified Radical Mastectomy,D8,TUMOR FREE
TCGA-D8-A1XR,56,M0,N1a,Stage IIB,7th,T2,% IHC,,0,15.83,0:DiseaseFree,,>75%,,Positive,,NOT HISPANIC OR LATINO,,5/16/11,,,,,,,,1,,,Infiltrating Ductal Carcinoma,,No,No,C50.9,8500/3,C50.9,Negative,,YES,2010,YES,2,0,7,,Post (prior bilateral ovariectomy OR >12 mo since LMP with no prior hysterectomy),,,NO,Core needle biopsy,,NO,,,,,,,,,,,,,15.83,0:LIVING,70f34c5c-3671-44c8-9469-99f9786efec1,Negative,,Right Upper Outer Quadrant,,YES,%IHC,,>75%,,Positive,,WHITE,,NO,1,Female,Breast,Axillary lymph node dissection alone,,,,Modified Radical Mastectomy,D8,TUMOR FREE
TCGA-D8-A1XS,48,M0,N3a,Stage IIIC,7th,T2,% IHC,,0,16.29,0:DiseaseFree,,>75%,,Positive,,NOT HISPANIC OR LATINO,,5/16/11,,,,,,,,3,,,"Other, specify",,No,No,C50.9,8507/3,C50.9,Positive,,YES,2010,YES,25,0,28,,,,,NO,Core needle biopsy,,NO,,,,,,,,,,,,,16.29,0:LIVING,1026e0bf-5640-4fa5-b65f-4f11e8e76b18,Negative,,Left Upper Outer Quadrant,,YES,%IHC,,>75%,,Positive,,WHITE,,NO,1,Male,Breast,Axillary lymph node dissection alone,,,,Modified Radical Mastectomy,D8,TUMOR FREE
TCGA-D8-A1XT,61,M0,N1a,Stage IIA,7th,T1c,% IHC,,0,16.62,0:DiseaseFree,,0%,,Negative,,NOT HISPANIC OR LATINO,,5/16/11,,,,,,,,3,,,Infiltrating Ductal Carcinoma,,No,No,C50.9,8500/3,C50.9,Positive,,YES,2010,YES,3,,10,,Post (prior bilateral ovariectomy OR >12 mo since LMP with no prior hysterectomy),,,NO,Fine needle aspiration biopsy,,NO,,,,,,,,,,,,,16.62,0:LIVING,64975923-d032-4182-8565-59fc37127d8d,Negative,,Right Upper Outer Quadrant,,YES,%IHC,,0%,,Negative,,WHITE,,NO,1,Female,Breast,Axillary lymph node dissection alone,,,,Modified Radical Mastectomy,D8,TUMOR FREE
TCGA-D8-A1XU,56,M0,N0,Stage IA,7th,T1c,% IHC,,0,12.98,0:DiseaseFree,,>75%,,Positive,,NOT HISPANIC OR LATINO,,5/16/11,,,,,,,,1,,,Infiltrating Ductal Carcinoma,,No,No,C50.9,8500/3,C50.9,Negative,,YES,2010,YES,0,0,1,Negative,Post (prior bilateral ovariectomy OR >12 mo since LMP with no prior hysterectomy),,,NO,Core needle biopsy,,NO,,,,,,,,,,,,,12.98,0:LIVING,332148f5-f070-4c20-8eb1-4d8c0673aa52,Negative,,Left Upper Outer Quadrant,,YES,%IHC,,10-75%,,Positive,,WHITE,,NO,1,Female,Breast,Sentinel node biopsy alone,,,,Modified Radical Mastectomy,D8,TUMOR FREE
TCGA-D8-A1XV,84,M0,N0,Stage IIA,7th,T2,% IHC,,0,15.14,0:DiseaseFree,,>75%,,Positive,,NOT HISPANIC OR LATINO,,5/16/11,,,,not amplified,,Negative,,2,,,Mucinous Carcinoma,,No,No,C50.9,8480/3,C50.9,Equivocal,,YES,2010,YES,0,0,1,,Post (prior bilateral ovariectomy OR >12 mo since LMP with no prior hysterectomy),,,NO,Fine needle aspiration biopsy,,NO,,,,,,,,,,,,,15.14,0:LIVING,87b85935-a058-44ad-8fb6-8511130eaffe,Negative,,Right Lower Inner Quadrant,,YES,%IHC,,>75%,,Positive,,WHITE,,NO,1,Female,Breast,Sentinel node biopsy alone,,,,Modified Radical Mastectomy,D8,TUMOR FREE
TCGA-D8-A1XW,53,M0,N0,Stage IIA,7th,T2,% IHC,,0,43,0:DiseaseFree,,0%,,Negative,,NOT HISPANIC OR LATINO,,5/16/11,,,,,,,,1,,,Infiltrating Ductal Carcinoma,,No,No,C50.9,8500/3,C50.9,Negative,,YES,2011,YES,0,0,1,,Post (prior bilateral ovariectomy OR >12 mo since LMP with no prior hysterectomy),,,NO,Fine needle aspiration biopsy,,NO,,,,,,,,,,,,,43,0:LIVING,887b9e5b-99db-44ac-9c30-c0dc6877b41c,Negative,,Left Upper Inner Quadrant,,YES,,,,,Positive,<10%,WHITE,,NO,1,Female,Breast,Sentinel lymph node biopsy plus axillary dissection,,,,Modified Radical Mastectomy,D8,TUMOR FREE
TCGA-D8-A1XY,74,MX,N0,Stage IIA,7th,T2,manual counting,,0,16.52,0:DiseaseFree,,>75%,,Positive,,NOT HISPANIC OR LATINO,,6/9/11,,,,,,,,3,HerceptTest TM Dako,,Infiltrating Ductal Carcinoma,,No,No,C50.9,8500/3,C50.9,Positive,,YES,2010,YES,0,,3,,Post (prior bilateral ovariectomy OR >12 mo since LMP with no prior hysterectomy),,,NO,Fine needle aspiration biopsy,,,,,,,,,,,,,,,16.52,0:LIVING,0130d616-885e-4a6c-9d03-2f17dd692a05,,,Left Upper Outer Quadrant,,YES,manual counting,,>75%,,Positive,,WHITE,,NO,1,Female,Breast,Axillary lymph node dissection alone,,,,Simple Mastectomy,D8,TUMOR FREE
TCGA-D8-A1XZ,81,MX,N2a,Stage IIIA,7th,T1c,manual counting,,0,15.31,0:DiseaseFree,,>75%,,Positive,,NOT HISPANIC OR LATINO,,6/9/11,,,,,,,,1,,,Infiltrating Ductal Carcinoma,,No,No,C50.9,8500/3,C50.9,Negative,,YES,2010,YES,6,,14,,Post (prior bilateral ovariectomy OR >12 mo since LMP with no prior hysterectomy),,,NO,Fine needle aspiration biopsy,,,,,,,,,,,,,,,15.31,0:LIVING,2c90d5e3-ac8c-4c86-a06f-42ccc064eb49,Negative,,Right Lower Inner Quadrant,,YES,,,,,Negative,,WHITE,,NO,1,Female,Breast,Axillary lymph node dissection alone,,,,Modified Radical Mastectomy,D8,TUMOR FREE
TCGA-D8-A1Y0,65,MX,N2a,Stage IIIA,7th,T1c,manual counting,,0,15.51,0:DiseaseFree,,>75%,,Positive,,NOT HISPANIC OR LATINO,,6/9/11,,,,,,,,1,,,Infiltrating Ductal Carcinoma,,No,No,C50.9,8500/3,C50.9,Negative,,YES,2010,YES,9,,15,,Post (prior bilateral ovariectomy OR >12 mo since LMP with no prior hysterectomy),,,NO,Incisional Biopsy,,,,,,,,,,,,,,,15.51,0:LIVING,ced2c048-b047-43ff-b0e7-cd7ad480850c,,,Left,,YES,manual counting,,>75%,,Positive,,WHITE,,NO,1,Female,Breast,Axillary lymph node dissection alone,,,,Modified Radical Mastectomy,D8,TUMOR FREE
TCGA-D8-A1Y1,80,MX,N1a,Stage IIIA,7th,T3,manual counting,,0,,,,10-75%,,Positive,,NOT HISPANIC OR LATINO,,6/9/11,,,,,,,,1,,,Infiltrating Ductal Carcinoma,,No,No,C50.9,8500/3,C50.9,Negative,,YES,2010,YES,1,,22,,Post (prior bilateral ovariectomy OR >12 mo since LMP with no prior hysterectomy),,,NO,Fine needle aspiration biopsy,,,,,,,,,,,,,,,9.92,1:DECEASED,38a631a1-6875-4216-a335-ee93c90a86d6,,,Left Upper Inner Quadrant|Left Upper Outer Quadrant,,YES,manual counting,,>75%,,Positive,,WHITE,,NO,1,Female,Breast,Axillary lymph node dissection alone,,,,Modified Radical Mastectomy,D8,TUMOR FREE
TCGA-D8-A1Y2,71,MX,N0,Stage IIA,7th,T2,manual counting,,0,14.22,0:DiseaseFree,,>75%,,Positive,,NOT HISPANIC OR LATINO,,6/9/11,,,,,,Negative,,2,Venten,,Infiltrating Ductal Carcinoma,,No,No,C50.9,8500/3,C50.9,Indeterminate,,YES,2011,YES,0,,7,,Post (prior bilateral ovariectomy OR >12 mo since LMP with no prior hysterectomy),,,NO,Fine needle aspiration biopsy,,,,,,,,,,,,,,,14.22,0:LIVING,c7d7a770-23c0-4310-ab48-1f6152dc2849,Negative,,Right Lower Outer Quadrant,,YES,manual counting,,,,Positive,<10%,WHITE,,NO,1,Female,Breast,Axillary lymph node dissection alone,,,,Modified Radical Mastectomy,D8,TUMOR FREE
TCGA-D8-A1Y3,61,MX,N2a,Stage IIIA,7th,T2,manual counting,,0,14.13,0:DiseaseFree,,>75%,,Positive,,NOT HISPANIC OR LATINO,,6/9/11,,,,,,Negative,,2,Venten,,Infiltrating Ductal Carcinoma,,No,No,C50.9,8500/3,C50.9,Indeterminate,,YES,2011,YES,5,,8,,Post (prior bilateral ovariectomy OR >12 mo since LMP with no prior hysterectomy),,,NO,Fine needle aspiration biopsy,,,,,,,,,,,,,,,14.13,0:LIVING,632984bd-dc81-42b6-b024-476cfd0bb2ae,Negative,,Right Upper Outer Quadrant,,YES,manual counting,,>75%,,Positive,,WHITE,,NO,1,Female,Breast,Axillary lymph node dissection alone,,,,Modified Radical Mastectomy,D8,TUMOR FREE
TCGA-D8-A27E,66,M0,N0,Stage IA,7th,T1c,manual counting,,0,17.41,0:DiseaseFree,,>75%,,Positive,,NOT HISPANIC OR LATINO,,7/21/11,,,,,,,,1,Hercep Test  TM Dako,,"Other, specify",,No,No,C50.9,8523/3,C50.9,Negative,,YES,2010,YES,0,,1,,Post (prior bilateral ovariectomy OR >12 mo since LMP with no prior hysterectomy),,,NO,Fine needle aspiration biopsy,,NO,,,,,,,,,,,,,17.41,0:LIVING,680f23a9-fcce-493e-b908-27c1ad202e4c,Negative,,Left Upper Inner Quadrant,,YES,,,,,Positive,<10%,WHITE,,NO,1,Female,Breast,Sentinel node biopsy alone,,,,,D8,TUMOR FREE
TCGA-D8-A27F,40,M0,N0,Stage IIA,7th,T2,,,0,16.03,0:DiseaseFree,,,,Negative,,NOT HISPANIC OR LATINO,,7/18/11,,,,,,,,1,,,Infiltrating Ductal Carcinoma,,No,No,C50.9,8500/3,C50.9,Negative,,YES,2010,YES,0,0,11,,Pre (<6 months since LMP AND no prior bilateral ovariectomy AND not on estrogen replacement),,,NO,"Other method, specify:",intraoperative examination,NO,,,,,,,,,,,,,16.03,0:LIVING,1549dc64-3dab-43fc-96e9-b07d520957e1,Negative,,Right Upper Outer Quadrant,,YES,,,,,Negative,,WHITE,,NO,1,Female,Breast,Axillary lymph node dissection alone,,,,Modified Radical Mastectomy,D8,TUMOR FREE
TCGA-D8-A27G,75,M0,N0,Stage IIA,7th,T2,manual counting,,0,13.44,0:DiseaseFree,,>75%,,Positive,,NOT HISPANIC OR LATINO,,7/18/11,,,,not amplified,,Negative,,2,,,Infiltrating Lobular Carcinoma,,No,No,C50.9,8520/3,C50.9,Equivocal,,YES,2010,YES,0,0,31,,Post (prior bilateral ovariectomy OR >12 mo since LMP with no prior hysterectomy),,,NO,Core needle biopsy,,NO,,,,,,,,,,,,,13.44,0:LIVING,6f6e7356-3521-4674-8eec-ad01340d4b8e,Negative,,Left Lower Outer Quadrant,,YES,manual counting,,>75%,,Positive,,WHITE,,NO,1,Female,Breast,Axillary lymph node dissection alone,,,,Modified Radical Mastectomy,D8,TUMOR FREE
TCGA-D8-A27H,72,M0,N0,Stage IIA,7th,T2,,,0,13.04,0:DiseaseFree,,,,Negative,,NOT HISPANIC OR LATINO,,7/18/11,,,,,,,,,,,Infiltrating Ductal Carcinoma,,No,No,C50.9,8500/3,C50.9,Negative,,YES,2011,YES,,,1,,Post (prior bilateral ovariectomy OR >12 mo since LMP with no prior hysterectomy),,,NO,"Other method, specify:",intraoperative examination,NO,,,,,,,,,,,,,13.04,0:LIVING,0dca98b0-f43e-45b6-9a02-00092c78678c,Negative,,Right Upper Outer Quadrant,,YES,,,,,Negative,,WHITE,,NO,1,Female,Breast,No axillary staging,,,,Modified Radical Mastectomy,D8,TUMOR FREE
TCGA-D8-A27I,58,M0,N2a,Stage IIIA,7th,T1c,manual counting,,0,14.42,0:DiseaseFree,,>75%,,Positive,,NOT HISPANIC OR LATINO,,7/18/11,,,,,,,,1,,,Infiltrating Lobular Carcinoma,,No,No,C50.9,8520/3,C50.9,Negative,,YES,2010,YES,4,0,10,,Post (prior bilateral ovariectomy OR >12 mo since LMP with no prior hysterectomy),,,NO,Core needle biopsy,,NO,,,,,,,,,,,,,14.42,0:LIVING,9c55032f-4db7-4026-ae83-8d060dd8e3fe,Negative,,Right Upper Outer Quadrant,,YES,manual counting,,>75%,,Positive,,WHITE,,NO,1,Female,Breast,Axillary lymph node dissection alone,,,,Modified Radical Mastectomy,D8,TUMOR FREE
TCGA-D8-A27K,47,M0,N1a,Stage IIB,7th,T2,manual counting,,0,48,0:DiseaseFree,,>75%,,Positive,,NOT HISPANIC OR LATINO,,7/18/11,,,,,,,,1,,,Infiltrating Ductal Carcinoma,,No,No,C50.9,8500/3,C50.9,Negative,,YES,2011,YES,2,,17,,Post (prior bilateral ovariectomy OR >12 mo since LMP with no prior hysterectomy),,,NO,Fine needle aspiration biopsy,,NO,,,,,,,,,,,,,48,0:LIVING,7f97971b-2818-4e4b-9c9e-7c0246f9484c,Negative,,Left Upper Inner Quadrant,,YES,manual counting,,>75%,,Positive,,WHITE,,NO,1,Female,Breast,Axillary lymph node dissection alone,,,,Modified Radical Mastectomy,D8,TUMOR FREE
TCGA-D8-A27L,49,M0,N2a,Stage IIIA,7th,T1c,manual counting,,0,16.39,0:DiseaseFree,,>75%,,Positive,,NOT HISPANIC OR LATINO,,7/18/11,,,,,,,,1,,,Infiltrating Ductal Carcinoma,,No,No,C50.9,8500/3,C50.9,Negative,,YES,2011,YES,2,,16,,Post (prior bilateral ovariectomy OR >12 mo since LMP with no prior hysterectomy),,,NO,Core needle biopsy,,NO,,,,,,,,,,,,,16.39,0:LIVING,6020d1b4-ee20-4cc9-82a3-340b5e3122f1,Negative,,Right Upper Inner Quadrant,,YES,manual counting,,>75%,,Positive,,WHITE,,NO,1,Female,Breast,Sentinel lymph node biopsy plus axillary dissection,,,,Modified Radical Mastectomy,D8,TUMOR FREE
TCGA-D8-A27M,59,M0,N0,Stage IA,7th,T1c,,,0,13.47,0:DiseaseFree,,,,Negative,,NOT HISPANIC OR LATINO,,7/17/11,,,,,,,,,,,Infiltrating Ductal Carcinoma,,No,No,C50.9,8500/3,C50.9,Negative,,YES,2011,YES,,,1,,Post (prior bilateral ovariectomy OR >12 mo since LMP with no prior hysterectomy),,,NO,Fine needle aspiration biopsy,,NO,,,,,,,,,,,,,13.47,0:LIVING,ae65baeb-6b78-492a-8c63-bb7e93e83dc2,Negative,,Left Upper Outer Quadrant,,YES,,,,,Negative,,WHITE,,NO,1,Female,Breast,Sentinel node biopsy alone,,,,Modified Radical Mastectomy,D8,TUMOR FREE
TCGA-D8-A27N,36,M0,N2a,Stage IIIA,7th,T2,manual counting,,0,17.05,0:DiseaseFree,,>75%,,Positive,,NOT HISPANIC OR LATINO,,7/18/11,,,,,,,,3,,,Infiltrating Ductal Carcinoma,,No,No,C50.9,8500/3,C50.9,Positive,,YES,2011,YES,4,0,19,,Pre (<6 months since LMP AND no prior bilateral ovariectomy AND not on estrogen replacement),,,NO,Core needle biopsy,,NO,,,,,,,,,,,,,17.05,0:LIVING,d5be2ab3-f748-480d-954b-385cf01b4c81,Negative,,Right Upper Outer Quadrant,,YES,manual counting,,10-75%,,Positive,,WHITE,,NO,1,Female,Breast,Axillary lymph node dissection alone,,,,Modified Radical Mastectomy,D8,TUMOR FREE
TCGA-D8-A27P,64,M0,N0,Stage IA,7th,T1c,manual counting,,0,1.61,0:DiseaseFree,,>75%,,Positive,,NOT HISPANIC OR LATINO,,7/18/11,,,,,,,,1,,,Infiltrating Ductal Carcinoma,,No,No,C50.9,8500/3,C50.9,Negative,,YES,2011,YES,0,,1,,Post (prior bilateral ovariectomy OR >12 mo since LMP with no prior hysterectomy),,,NO,"Other method, specify:",intraoperative examination,NO,,,,,,,,,,,,,1.61,0:LIVING,c54d5507-bba5-4a1e-8885-3c3b1eed13c1,Negative,,Right Upper Inner Quadrant,,YES,manual counting,,>75%,,Positive,,WHITE,,NO,1,Female,Breast,Sentinel node biopsy alone,,,,Modified Radical Mastectomy,D8,TUMOR FREE
TCGA-D8-A27R,41,M0,N3a,Stage IIIC,7th,T2,manual counting,polisomy,0,10.09,0:DiseaseFree,,>75%,,Positive,,NOT HISPANIC OR LATINO,,7/18/11,,,,not amplified,,Negative,,2,,,Infiltrating Ductal Carcinoma,,No,No,C50.9,8500/3,C50.9,Equivocal,,YES,2011,YES,11,,11,,Post (prior bilateral ovariectomy OR >12 mo since LMP with no prior hysterectomy),,,NO,Core needle biopsy,,NO,,,,,,,,,,,,,10.09,0:LIVING,0b23b5fe-6c7e-4297-bc55-f93fcb830ac4,Negative,,Right Upper Outer Quadrant,,YES,manual counting,,>75%,,Positive,,WHITE,,NO,1,Female,Breast,Axillary lymph node dissection alone,,,,Modified Radical Mastectomy,D8,TUMOR FREE
TCGA-D8-A27T,53,M0,N3a,Stage IIIC,7th,T2,manual counting,,0,13.07,0:DiseaseFree,,>75%,,Positive,,NOT HISPANIC OR LATINO,,7/21/11,,,,,,,,1,Venten,,Infiltrating Lobular Carcinoma,,No,No,C50.9,8520/3,C50.9,Negative,,YES,2011,YES,12,,12,,Post (prior bilateral ovariectomy OR >12 mo since LMP with no prior hysterectomy),,,NO,Core needle biopsy,,NO,,,,,,,,,,,,,13.07,0:LIVING,27c1c094-690b-4973-8900-a797ad88f98c,Negative,,Right Upper Outer Quadrant|Right Lower Outer Quadrant,,YES,manual counting,,>75%,,Positive,,WHITE,,NO,1,Female,Breast,Sentinel lymph node biopsy plus axillary dissection,,,,Simple Mastectomy,D8,TUMOR FREE
TCGA-D8-A27V,62,M0,N0,Stage IIA,7th,T2,manual counting,,0,12.52,0:DiseaseFree,,>75%,,Positive,,NOT HISPANIC OR LATINO,,7/21/11,,,,,,,,1,Venten,,Infiltrating Lobular Carcinoma,,No,No,C50.9,8520/3,C50.9,Negative,,YES,2011,YES,0,,2,,Post (prior bilateral ovariectomy OR >12 mo since LMP with no prior hysterectomy),,,NO,Fine needle aspiration biopsy,,NO,,,,,,,,,,,,,12.52,0:LIVING,AD6D26AB-6568-40DB-BFB0-394D40E801CF,Negative,,Right Upper Outer Quadrant|Right Lower Outer Quadrant,,YES,,,,,Positive,<10%,WHITE,,NO,1,Female,Breast,Sentinel node biopsy alone,,,,Simple Mastectomy,D8,TUMOR FREE
TCGA-D8-A27W,55,M0,N0,Stage IIIB,7th,T4b,manual counting,,0,12.25,0:DiseaseFree,,>75%,,Positive,,NOT HISPANIC OR LATINO,,7/21/11,,,,,Path Vysion HER2 DNA Probe Kit,Positive,,2,Venten,,Mucinous Carcinoma,,No,No,C50.9,8480/3,C50.9,Equivocal,,YES,2011,YES,0,,12,,Post (prior bilateral ovariectomy OR >12 mo since LMP with no prior hysterectomy),,,NO,Fine needle aspiration biopsy,,NO,,,,,,,,,,,,,12.25,0:LIVING,bfa3dbc0-361c-400e-8c10-0aca7049fce9,Negative,,Right,,YES,manual counting,,>75%,,Positive,,WHITE,,NO,1,Female,Breast,Axillary lymph node dissection alone,,,,Modified Radical Mastectomy,D8,TUMOR FREE
TCGA-D8-A3Z5,54,M0,N3a,Stage IIIC,7th,T2,,,0,33.34,0:DiseaseFree,,,,Positive,,NOT HISPANIC OR LATINO,,7/3/12,,,,,,,,,,,Infiltrating Lobular Carcinoma,,No,No,C50.9,8520/3,C50.9,Negative,,YES,2011,YES,19,,21,,Post (prior bilateral ovariectomy OR >12 mo since LMP with no prior hysterectomy),,,NO,Core needle biopsy,,NO,,,,,,,,,,,,,33.34,0:LIVING,77E25AE8-82EC-4DEA-8E62-1176F27E47BA,Negative,,Right,,YES,,,,,Positive,,WHITE,,NO,1,Female,Breast,Other (specify),mastectomy with TLND,,,Simple Mastectomy,D8,TUMOR FREE
TCGA-D8-A3Z6,56,M0,N3a,Stage IIIC,7th,T3,,,0,18.5,0:DiseaseFree,,,,Positive,,NOT HISPANIC OR LATINO,,7/3/12,,,,,,,,,,,Infiltrating Lobular Carcinoma,,No,No,C50.9,8520/3,C50.9,Negative,,YES,2011,YES,19,,22,,Post (prior bilateral ovariectomy OR >12 mo since LMP with no prior hysterectomy),,,NO,Core needle biopsy,,NO,,,,,,,,,,,,,18.5,0:LIVING,A6E5F869-1182-4F81-B4BB-CF55261C8F3F,Negative,,Left,,YES,,,,,Positive,,WHITE,,NO,1,Female,Breast,Other (specify),mastectomy with TLND,,,Modified Radical Mastectomy,D8,TUMOR FREE
TCGA-D8-A4Z1,68,M0,N0,Stage IA,7th,T1c,,,0,21.65,0:DiseaseFree,,,,Positive,70-79%,NOT HISPANIC OR LATINO,,2/1/13,,,,,,,,1,,,Infiltrating Lobular Carcinoma,,No,No,C50.9,8520/3,C50.9,Negative,,YES,2012,YES,0,,1,,Post (prior bilateral ovariectomy OR >12 mo since LMP with no prior hysterectomy),,,,Core needle biopsy,,NO,NO,,,,,,,,,,,,21.65,0:LIVING,80419545-4E5D-4BAF-8948-F84589B5EF3E,Negative,YES,Right|Right Upper Inner Quadrant,,YES,,,,,Positive,10-19%,WHITE,NO,NO,1,Female,Breast,No axillary staging,,,,Simple Mastectomy,D8,TUMOR FREE
TCGA-D8-A73U,88,M0,N0,Stage IIA,7th,T2,,,0,16.16,0:DiseaseFree,,,,Positive,70-79%,NOT HISPANIC OR LATINO,,3/28/14,,,,,,Negative,<10%,1,,,Infiltrating Lobular Carcinoma,,No,No,C50.9,8520/3,C50.9,Negative,,YES,2012,NO,,,,,Post (prior bilateral ovariectomy OR >12 mo since LMP with no prior hysterectomy),,,,Core needle biopsy,,NO,NO,,,,,,,,,,,,16.16,0:LIVING,96F02BE7-F2DF-483C-8968-A5BD2D887206,Negative,YES,Left Upper Outer Quadrant,,YES,,,,,Positive,70-79%,WHITE,NO,NO,1,Female,Breast,Sentinel lymph node biopsy plus axillary dissection,,,,Simple Mastectomy,D8,WITH TUMOR
TCGA-D8-A73W,79,MX,N1a,Stage IIIA,7th,T3,,,0,0.69,1:Recurred/Progressed,,,,Positive,70-79%,NOT HISPANIC OR LATINO,,3/28/14,,,,,,,,1,,,Mucinous Carcinoma,,No,No,C50.9,8480/3,C50.9,Negative,,YES,2013,YES,1,,13,,Post (prior bilateral ovariectomy OR >12 mo since LMP with no prior hysterectomy),,Lung|Bone,,Tumor resection,,NO,NO,,,,,,,,,,,,12.65,1:DECEASED,EA8DBC7A-54C6-469C-865E-F49D00B0223D,Negative,YES,Right Upper Outer Quadrant,,YES,,,,,Negative,,WHITE,YES,NO,1,Female,Breast,Axillary lymph node dissection alone,,,,Simple Mastectomy,D8,
TCGA-D8-A73X,53,M0,N0,Stage IIA,7th,T2,,,0,25.2,0:DiseaseFree,,,,Positive,70-79%,NOT HISPANIC OR LATINO,,3/28/14,,,,,,Negative,,1,,,"Other, specify",,No,No,C50.9,8211/3,C50.9,Negative,,YES,2013,NO,,,,,Post (prior bilateral ovariectomy OR >12 mo since LMP with no prior hysterectomy),,,,Core needle biopsy,,NO,NO,,,,,,,,,,,,25.2,0:LIVING,1BE375FE-5AE5-4E75-A729-69F86A661D9A,Negative,YES,Left Upper Outer Quadrant,,YES,,,,,Positive,70-79%,WHITE,YES,NO,1,Female,Breast,Sentinel node biopsy alone,,,,Simple Mastectomy,D8,TUMOR FREE
TCGA-E2-A105,79,M0,N0 (i-),Stage IIA,6th,T2,Allred score 3 + 2 = 5,,0,42.97,0:DiseaseFree,,Allred score 5,,Positive,,NOT HISPANIC OR LATINO,,2/11/11,,,,,,,70-79%,2,,,Infiltrating Ductal Carcinoma,,No,No,C50.9,8500/3,C50.9,Equivocal,,YES,2007,,0,,1,,Post (prior bilateral ovariectomy OR >12 mo since LMP with no prior hysterectomy),,,,Core needle biopsy,,NO,,,,,,,,,,,,,42.97,0:LIVING,b0bcb829-cee0-4247-bb75-093a5bea89ee,Negative,,Left Upper Inner Quadrant,,NO,Allred score 3 + 2 = 5,,Allred score 5,,Positive,,WHITE,,YES,1,Female,Breast,Sentinel node biopsy alone,,,,Lumpectomy,E2,TUMOR FREE
TCGA-E2-A106,34,M0,N1mi,Stage IB,,T1c,,,0,83.48,0:DiseaseFree,,,,Positive,90-99%,NOT HISPANIC OR LATINO,,2/11/11,,,1.05,,,Negative,10-19%,2,,,Infiltrating Ductal Carcinoma,,No,No,C50.9,8500/3,C50.9,Equivocal,,YES,2006,,1,,16,Negative,Pre (<6 months since LMP AND no prior bilateral ovariectomy AND not on estrogen replacement),,,,Core needle biopsy,,NO,,,,,,,,,,,,,83.48,0:LIVING,87e09544-eddb-473b-8617-212407ce644e,Close,,Right Upper Outer Quadrant,,NO,,,,,Positive,80-89%,ASIAN,,YES,1,Female,Breast,Sentinel lymph node biopsy plus axillary dissection,,Other,inner-upper margin re-excision,Simple Mastectomy,E2,TUMOR FREE
TCGA-E2-A107,54,M0,N2a,Stage IIIA,6th,T3,Allred score 5+3=8,,0,34.4,0:DiseaseFree,,Allred score 8,,Positive,,NOT HISPANIC OR LATINO,,2/11/11,,,1.2,,,Negative,,2,,,Infiltrating Lobular Carcinoma,,No,No,C50.9,8520/3,C50.9,Equivocal,,YES,2008,,4,,27,,Post (prior bilateral ovariectomy OR >12 mo since LMP with no prior hysterectomy),,,,Core needle biopsy,,NO,,,,,,,,,,,,,34.4,0:LIVING,eff2360e-399a-4167-ab2b-798e27bef739,Negative,,Right Upper Inner Quadrant,,NO,Allred score 0+0=0,,Allred score 0,,Negative,,WHITE,,YES,1,Female,Breast,Sentinel lymph node biopsy plus axillary dissection,,,,Simple Mastectomy,E2,WITH TUMOR
TCGA-E2-A108,64,M0,N2a,Stage IIIA,6th,T2,Allred score 7 (outside facility),,0,27.5,0:DiseaseFree,,Allred score 7 (per outside facility),,Positive,,NOT HISPANIC OR LATINO,,2/11/11,,,,,,,,1,,,Infiltrating Ductal Carcinoma,,No,No,C50.9,8500/3,C50.9,Negative,,YES,2009,,4,,27,,Post (prior bilateral ovariectomy OR >12 mo since LMP with no prior hysterectomy),,,,Core needle biopsy,,,,,,,,,,,,,,,27.5,0:LIVING,4f04bd10-9902-4a23-b15d-4f4409d79499,Negative,,Right Upper Outer Quadrant,,NO,Allred score 7 per outside facility report,,Allred score 7 per outside facility report,,Positive,,WHITE,,YES,1,Female,Breast,,,,,Lumpectomy,E2,
TCGA-E2-A109,64,M0,N0 (i-),Stage IIA,6th,T2,Allred score 5+3=8,,0,46.55,0:DiseaseFree,,Allred score 8,,Positive,,NOT HISPANIC OR LATINO,,2/11/11,,,1.46,,,Negative,50-59%,2,,,Infiltrating Ductal Carcinoma,,No,No,C50.9,8500/3,C50.9,Equivocal,,YES,2007,,0,,6,,Post (prior bilateral ovariectomy OR >12 mo since LMP with no prior hysterectomy),,,,Core needle biopsy,,NO,,,,,,,,,,,,,46.55,0:LIVING,f0787165-6f58-4d67-b510-928eea2c4882,Negative,,Right Upper Outer Quadrant,,NO,Allred score 0+0=0,,Allred score 0,,Negative,,WHITE,,YES,1,Female,Breast,Sentinel node biopsy alone,,,,Simple Mastectomy,E2,
TCGA-E2-A10A,41,M0,N0 (i-),Stage IIB,6th,T3,Allred score 4+3=7,,0,3.02,1:Recurred/Progressed,,Allred score 7,,Positive,,NOT HISPANIC OR LATINO,,2/11/11,,,1.21,,,Negative,40-49%,2,,,Infiltrating Ductal Carcinoma,,No,No,C50.9,8500/3,C50.9,Positive,,YES,2007,,0,0,3,,Pre (<6 months since LMP AND no prior bilateral ovariectomy AND not on estrogen replacement),,,,Core needle biopsy,,NO,,,,,,,,,,,,,40.37,0:LIVING,4da7abaf-ac7a-41c0-8033-5780a398545c,Negative,,Left Upper Outer Quadrant,,NO,Allred score 5+3=8,,Allred score 8,,Positive,,WHITE,,YES,1,Female,Breast,Sentinel node biopsy alone,,,,Simple Mastectomy,E2,WITH TUMOR
TCGA-E2-A10B,67,M0,N1a,Stage IIB,6th,T2,Allred score 5+3= 8,,0,6.41,1:Recurred/Progressed,,Allred score 8,,Positive,,NOT HISPANIC OR LATINO,,2/22/11,,,1.11,,,Negative,10-19%,2,,,Infiltrating Ductal Carcinoma,,No,No,C50.9,8500/3,C50.9,Equivocal,,YES,2007,,2,0,28,,Post (prior bilateral ovariectomy OR >12 mo since LMP with no prior hysterectomy),,,,Core needle biopsy,,NO,,,,,,,,,,,,,37.48,0:LIVING,f801aeed-dc43-49d7-a319-84c8851979d9,Close,,Left Lower Outer Quadrant,,NO,Allred score 5+3= 8,,Allred score 8,,Positive,,WHITE,,YES,1,Female,Breast,Sentinel lymph node biopsy plus axillary dissection,,,,Lumpectomy,E2,TUMOR FREE
TCGA-E2-A10C,54,M0,N1a,Stage IIB,6th,T2,Allred score 5+3=8,,0,40.08,0:DiseaseFree,,Allred score 8,,Positive,,NOT HISPANIC OR LATINO,,2/11/11,,,,,,,<10%,1,,,Infiltrating Ductal Carcinoma,,No,No,C50.9,8500/3,C50.9,Negative,,YES,2008,,1,,13,,Post (prior bilateral ovariectomy OR >12 mo since LMP with no prior hysterectomy),,,,Core needle biopsy,,NO,,,,,,,,,,,,,40.08,0:LIVING,9ac44381-5d43-4f63-aa3f-7703bfc923c9,Negative,,Left Upper Outer Quadrant,,NO,Allred score 3+3=6,,Allred score 6,,Positive,,WHITE,,YES,1,Female,Breast,Sentinel lymph node biopsy plus axillary dissection,,,,Lumpectomy,E2,TUMOR FREE
TCGA-E2-A10E,64,M0,N1a,Stage IIA,6th,T1c,Allred score 5+3=8,,0,28.42,0:DiseaseFree,,Allred score 8,,Positive,,NOT HISPANIC OR LATINO,,2/11/11,,,1.07,,,Negative,40-49%,2,,,Infiltrating Ductal Carcinoma,,No,No,C50.9,8500/3,C50.9,Equivocal,,YES,2008,,2,,21,,Post (prior bilateral ovariectomy OR >12 mo since LMP with no prior hysterectomy),,,,Core needle biopsy,,NO,,,,,,,,,,,,,28.42,0:LIVING,dc15a8ae-991e-421c-bc70-70e94f79dd17,Negative,,Left,,NO,Allred score 3+2=5,,Allred score 5,,Positive,,WHITE,,YES,1,Female,Breast,Sentinel lymph node biopsy plus axillary dissection,,,,Simple Mastectomy,E2,TUMOR FREE
TCGA-E2-A10F,47,M0,N0 (i-),Stage IIA,6th,T2,Allred score 5+3=8,,0,28.84,0:DiseaseFree,,Allred score 8,,Positive,,NOT HISPANIC OR LATINO,,2/11/11,,,1.05,,,Negative,20-29%,2,,,Infiltrating Lobular Carcinoma,,No,No,C50.9,8520/3,C50.9,Equivocal,,YES,2008,,0,,2,,Pre (<6 months since LMP AND no prior bilateral ovariectomy AND not on estrogen replacement),,,,Core needle biopsy,,NO,,,,,,,,,,,,,28.84,0:LIVING,8e159b50-8136-42d4-b9c7-d579a74e4931,Negative,,Left Upper Outer Quadrant,,NO,Allred score 5+3=8,,Allred score 8,,Positive,,WHITE,,YES,1,Female,Breast,Sentinel node biopsy alone,,,,Lumpectomy,E2,TUMOR FREE
TCGA-E2-A14N,37,M0,N1,Stage IIB,6th,T2,Allred score 0+0 = 0,,0,47.11,0:DiseaseFree,,Allred score = 0,,Negative,,NOT HISPANIC OR LATINO,,5/31/11,,,,,,,<10%,,,,Infiltrating Ductal Carcinoma,,No,No,C50.9,8500/3,C50.9,Negative,,YES,2007,YES,1,,38,,Pre (<6 months since LMP AND no prior bilateral ovariectomy AND not on estrogen replacement),,,NO,Tumor resection,,NO,,,,,,,,,,,,,47.11,0:LIVING,752ad011-79e0-494f-9868-98bf6feb28f8,Negative,,Right Upper Inner Quadrant,,NO,Allred score 0+0 = 0,,Allred score = 0,,Negative,,WHITE,,YES,1,Female,Breast,Sentinel lymph node biopsy plus axillary dissection,,,,Simple Mastectomy,E2,TUMOR FREE
TCGA-E2-A14O,76,M0,N1a,Stage IIIA,6th,T3,Allred score 5+3 = 8,,0,44.65,0:DiseaseFree,,Allred score = 8,,Positive,,NOT HISPANIC OR LATINO,,3/31/11,,,1.65,,,Negative,50-59%,2,,,Infiltrating Ductal Carcinoma,,No,No,C50.9,8500/3,C50.9,Equivocal,,YES,2008,YES,2,,18,,Post (prior bilateral ovariectomy OR >12 mo since LMP with no prior hysterectomy),,,NO,Tumor resection,,NO,,,,,,,,,,,,,44.65,0:LIVING,fb356957-f620-4d99-b675-1355a1d9f932,Negative,,Left Upper Outer Quadrant,,NO,Allred score 5+2 = 7,,Allred score = 7,,Positive,,WHITE,,YES,1,Female,Breast,Sentinel lymph node biopsy plus axillary dissection,,,,Modified Radical Mastectomy,E2,TUMOR FREE
TCGA-E2-A14P,79,M0,N3,Stage IIIC,6th,T2,Allred score 0+0 = 0,,0,40.93,0:DiseaseFree,,Allred score = 0,,Negative,,NOT HISPANIC OR LATINO,,3/31/11,,,,,,,90-99%,3,,,Infiltrating Ductal Carcinoma,,No,No,C50.9,8500/3,C50.9,Positive,,YES,2008,YES,10,,24,,Post (prior bilateral ovariectomy OR >12 mo since LMP with no prior hysterectomy),,,NO,Tumor resection,,NO,,,,,,,,,,,,,40.93,0:LIVING,e4fc0909-f284-4471-866d-d8967b6adcbc,Negative,,Right Upper Outer Quadrant,,NO,Allred score 0+0 = 0,,Allred score = 0,,Negative,,WHITE,,YES,1,Female,Breast,Axillary lymph node dissection alone,,,,Lumpectomy,E2,TUMOR FREE
TCGA-E2-A14Q,50,M0,N1mi,Stage IIB,6th,T2,Allred score 5+3 = 8,,0,38.21,0:DiseaseFree,,Allred score = 8,,Positive,,NOT HISPANIC OR LATINO,,3/31/11,,,,,,,<10%,1,,,Infiltrating Ductal Carcinoma,,No,No,C50.9,8500/3,C50.9,Negative,,YES,2008,YES,1,,7,,Pre (<6 months since LMP AND no prior bilateral ovariectomy AND not on estrogen replacement),,,NO,Tumor resection,,NO,,,,,,,,,,,,,38.21,0:LIVING,303a1d77-a37a-4966-a4a4-9981d99ba1b4,Negative,,Left Upper Outer Quadrant,,NO,Allred score 5+3 = 8,,Allred score = 8,,Positive,,WHITE,,YES,1,Female,Breast,Sentinel lymph node biopsy plus axillary dissection,,,,Lumpectomy,E2,TUMOR FREE
TCGA-E2-A14R,62,M0,N0,Stage IIA,6th,T2,Allred score 0+0 = 0,,0,31.9,1:Recurred/Progressed,,Allred score = 0,,Negative,,NOT HISPANIC OR LATINO,,4/6/11,,,,,,,<10%,1,,,Infiltrating Ductal Carcinoma,,No,No,C50.9,8500/3,C50.9,Negative,,YES,2008,YES,0,,8,,Post (prior bilateral ovariectomy OR >12 mo since LMP with no prior hysterectomy),,,NO,Tumor resection,,NO,,,,,,,,,,,,,38.57,0:LIVING,4fba3deb-db94-44b5-a0f2-a575d270779e,Negative,,Left,,NO,Allred score 0+0 = 0,,Allred score = 0,,Negative,,WHITE,,YES,1,Female,Breast,Sentinel lymph node biopsy plus axillary dissection,,,,Lumpectomy,E2,TUMOR FREE
TCGA-E2-A14S,65,M0,N0,Stage I,6th,T1c,Allred score 5+3 = 8,,0,33.15,0:DiseaseFree,,Allred score = 8,,Positive,,NOT HISPANIC OR LATINO,,4/6/11,,,1.04,,,Negative,,2,,,Infiltrating Ductal Carcinoma,,No,No,C50.9,8500/3,C50.9,Equivocal,,YES,2008,YES,0,,2,,Post (prior bilateral ovariectomy OR >12 mo since LMP with no prior hysterectomy),,,NO,Tumor resection,,NO,,,,,,,,,,,,,33.15,0:LIVING,c2b104ee-f914-4e79-9e1b-56bf88157472,Negative,,Left Lower Outer Quadrant,,NO,Allred score 4+3 = 7,,Allred score = 7,,Positive,,WHITE,,YES,1,Female,Breast,Sentinel node biopsy alone,,,,Lumpectomy,E2,TUMOR FREE
TCGA-E2-A14T,52,M0,N0,Stage IIA,6th,T2,Allred score 5+3 = 8,,0,75.92,0:DiseaseFree,,Allred score = 8,,Positive,,NOT HISPANIC OR LATINO,,4/6/11,,,1.29,,,Negative,,1,,,Infiltrating Ductal Carcinoma,,No,No,C50.9,8500/3,C50.9,Negative,,YES,2008,YES,0,,7,,Post (prior bilateral ovariectomy OR >12 mo since LMP with no prior hysterectomy),,,NO,Tumor resection,,NO,,,,,,,,,,,,,75.92,0:LIVING,e0929c47-cff3-4518-a188-8764af01073a,Negative,,Left Upper Inner Quadrant,,NO,Allred score 2+2 = 4,,Allred score = 4,,Positive,,WHITE,,YES,1,Female,Breast,Sentinel node biopsy alone,,,,Simple Mastectomy,E2,TUMOR FREE
TCGA-E2-A14U,74,M0,N0,Stage I,6th,T1c,Allred score 5+3 = 8,,0,43.3,0:DiseaseFree,,Allred score = 8,,Positive,,NOT HISPANIC OR LATINO,,4/6/11,,,1.04,,,Negative,40-49%,2,,,Infiltrating Lobular Carcinoma,,No,No,C50.9,8520/3,C50.9,Equivocal,,YES,2008,YES,0,,8,,Post (prior bilateral ovariectomy OR >12 mo since LMP with no prior hysterectomy),,,NO,Tumor resection,,NO,,,,,,,,,,,,,43.3,0:LIVING,23B7AAEA-1119-4B10-AA1A-0AE255D2F2A6,Negative,,Right Upper Outer Quadrant,,NO,Allred score 5+3 = 8,,Allred score = 8,,Positive,,WHITE,,YES,1,Female,Breast,Other (specify),Sentinel lymph node dissection,,,Lumpectomy,E2,TUMOR FREE
TCGA-E2-A14V,53,M0,N1,Stage IIB,6th,T2,,,0,34.23,0:DiseaseFree,,,3 Point Scale,Positive,,NOT HISPANIC OR LATINO,,4/6/11,,,,,,,90-99%,3,,,Infiltrating Ductal Carcinoma,,No,No,C50.9,8500/3,C50.9,Positive,,YES,2008,YES,3,,24,,Post (prior bilateral ovariectomy OR >12 mo since LMP with no prior hysterectomy),,,NO,Tumor resection,,NO,,,,,,,,,,,,,34.23,0:LIVING,3144f1fb-4342-4079-bfe8-940da4bfd88e,Negative,,Left Lower Inner Quadrant,,NO,,,,3 Point Scale,Positive,,WHITE,,YES,1,Female,Breast,Sentinel lymph node biopsy plus axillary dissection,,,,Lumpectomy,E2,TUMOR FREE
TCGA-E2-A14W,78,M0,N0,Stage IIA,6th,T2,,,0,32,0:DiseaseFree,,,3 Point Scale,Positive,,NOT HISPANIC OR LATINO,,4/25/11,,,,,,Positive,,,,,Infiltrating Ductal Carcinoma,,No,No,C50.9,8500/3,C50.9,,,YES,2008,YES,0,,5,,,,,NO,Tumor resection,,NO,,,,,,,,,,,,,32,0:LIVING,eadb0562-2165-4adb-ad58-018e73f82780,Negative,,Left Upper Outer Quadrant,,NO,,,,3 Point Scale,Positive,,WHITE,,YES,1,Male,Breast,Sentinel node biopsy alone,,,,Simple Mastectomy,E2,TUMOR FREE
TCGA-E2-A14X,55,M0,N2,Stage IIIA,6th,T2,Allred score 0+0 = 0,,0,31.93,0:DiseaseFree,,Allred score = 0,,Negative,,NOT HISPANIC OR LATINO,,4/6/11,,,,,,,<10%,1,,,Infiltrating Ductal Carcinoma,,No,No,C50.9,8500/3,C50.9,Negative,,YES,2009,YES,5,,21,,Post (prior bilateral ovariectomy OR >12 mo since LMP with no prior hysterectomy),,,NO,Tumor resection,,NO,,,,,,,,,,,,,31.93,0:LIVING,60df7543-6da5-4c75-943b-5800c1e08234,Negative,,Right Upper Outer Quadrant,,NO,Allred score 0+0 = 0,,Allred score = 0,,Negative,,BLACK OR AFRICAN AMERICAN,,YES,1,Female,Breast,Sentinel lymph node biopsy plus axillary dissection,,,,Lumpectomy,E2,TUMOR FREE
TCGA-E2-A14Y,35,M0,N0,Stage IIA,6th,T2,,,0,69.28,0:DiseaseFree,,,,Positive,,NOT HISPANIC OR LATINO,,4/6/11,,,,,,Positive,,2,,,Infiltrating Ductal Carcinoma,,No,No,C50.9,8500/3,C50.9,Equivocal,,YES,2009,YES,0,,5,,Pre (<6 months since LMP AND no prior bilateral ovariectomy AND not on estrogen replacement),,,NO,Tumor resection,,NO,,,,,,,,,,,,,69.28,0:LIVING,a0576d44-9add-429b-9eeb-f7b234b7385f,Negative,,Right,,NO,,,,,Positive,,WHITE,,YES,1,Female,Breast,Sentinel node biopsy alone,,,,Simple Mastectomy,E2,TUMOR FREE
TCGA-E2-A14Z,64,M0,N0,Stage I,6th,T1c,Allred score 5+3 = 8,,0,6.18,1:Recurred/Progressed,,Allred score = 8,,Positive,,NOT HISPANIC OR LATINO,,4/6/11,,,,,,,<10%,1,,,Infiltrating Ductal Carcinoma,,No,No,C50.9,8500/3,C50.9,Negative,,YES,2009,YES,0,,1,,Post (prior bilateral ovariectomy OR >12 mo since LMP with no prior hysterectomy),,,NO,Tumor resection,,NO,,,,,,,,,,,,,18.5,1:DECEASED,d7ce6b79-f7c0-481e-9dbd-6273f01c9786,Negative,,Left Upper Outer Quadrant,,NO,Allred score 5+3 = 8,,Allred score = 8,,Positive,,WHITE,,YES,1,Female,Breast,Sentinel node biopsy alone,,,,Lumpectomy,E2,WITH TUMOR
TCGA-E2-A150,48,M0,N0,Stage IIA,6th,T2,Allred score 0+0 = 0,,0,63.57,0:DiseaseFree,,Allred score = 0,,Negative,,NOT HISPANIC OR LATINO,,4/6/11,,,,,,,,,,,Infiltrating Ductal Carcinoma,,No,No,C50.9,8500/3,C50.9,Negative,,YES,2009,YES,0,,2,,Post (prior bilateral ovariectomy OR >12 mo since LMP with no prior hysterectomy),,,NO,Tumor resection,,NO,,,,,,,,,,,,,63.57,0:LIVING,4ac693e9-10f3-46b3-9d46-df3af7b0d259,Negative,,Left Upper Outer Quadrant,,NO,Allred score 0+0 = 0,,Allred score = 0,,Negative,,WHITE,,YES,1,Female,Breast,Sentinel node biopsy alone,,,,Lumpectomy,E2,TUMOR FREE
TCGA-E2-A152,56,M0,N0,Stage I,6th,T1c,,,0,31.73,1:Recurred/Progressed,,,,Positive,,NOT HISPANIC OR LATINO,,4/6/11,,,,,,,,3,,,Infiltrating Ductal Carcinoma,,No,No,C50.9,8500/3,C50.9,Positive,,YES,2009,YES,0,,3,,Post (prior bilateral ovariectomy OR >12 mo since LMP with no prior hysterectomy),,,NO,Tumor resection,,NO,,,,,,,,,,,,,69.91,0:LIVING,a8015490-9740-45c9-8bd2-eb6d1beefc2e,Negative,,Right Upper Inner Quadrant,,NO,,,,,Negative,,WHITE,,YES,1,Female,Breast,Sentinel node biopsy alone,,,,Lumpectomy,E2,WITH TUMOR
TCGA-E2-A153,51,M0,N1a,Stage IIB,6th,T2,,,0,23.23,0:DiseaseFree,,,,Positive,,NOT HISPANIC OR LATINO,,4/7/11,,,,,,,,1,,,Infiltrating Ductal Carcinoma,,No,No,C50.9,8500/3,C50.9,Negative,,YES,2009,YES,3,,15,,Pre (<6 months since LMP AND no prior bilateral ovariectomy AND not on estrogen replacement),,,NO,Tumor resection,,NO,,,,,,,,,,,,,23.23,0:LIVING,be9bf36a-12e1-4386-addf-1686dc8b49de,Negative,,Left,,NO,,,,,Positive,,WHITE,,YES,1,Female,Breast,Sentinel lymph node biopsy plus axillary dissection,,,,Modified Radical Mastectomy,E2,TUMOR FREE
TCGA-E2-A154,68,M0,N0,Stage I,6th,T1c,,,0,19.42,0:DiseaseFree,,,3 Point Scale,Positive,90-99%,NOT HISPANIC OR LATINO,,4/7/11,,,,,,,,1,,,Infiltrating Ductal Carcinoma,,No,No,C50.9,8500/3,C50.9,Negative,,YES,2009,YES,0,,2,,Post (prior bilateral ovariectomy OR >12 mo since LMP with no prior hysterectomy),,,NO,Tumor resection,,NO,,,,,,,,,,,,,19.42,0:LIVING,24e39609-9645-43e5-960b-db5446eaea65,Negative,,Left Upper Outer Quadrant,,NO,,,,3 Point Scale,Positive,90-99%,WHITE,,YES,1,Female,Breast,Sentinel node biopsy alone,,,,Lumpectomy,E2,TUMOR FREE
TCGA-E2-A155,58,M0,N1a,Stage IIB,6th,T2,,,0,21.02,0:DiseaseFree,,,,Positive,,NOT HISPANIC OR LATINO,,4/7/11,,,,,,,,,,,Infiltrating Ductal Carcinoma,,No,No,C50.9,8500/3,C50.9,Negative,,YES,2009,YES,2,,15,,Post (prior bilateral ovariectomy OR >12 mo since LMP with no prior hysterectomy),,,NO,Tumor resection,,NO,,,,,,,,,,,,,21.02,0:LIVING,01f50abf-fc15-446e-9d07-edeecc545a32,Negative,,Left Upper Inner Quadrant|Left Lower Inner Quadrant,,NO,,,,,Negative,,WHITE,,YES,1,Female,Breast,Axillary lymph node dissection alone,,,,Modified Radical Mastectomy,E2,TUMOR FREE
TCGA-E2-A156,61,M0,N0,Stage I,6th,T1c,,,0,23.85,0:DiseaseFree,,,,Positive,,NOT HISPANIC OR LATINO,,4/7/11,,,,,,,,,,,Infiltrating Ductal Carcinoma,,No,No,C50.9,8500/3,C50.9,Negative,,YES,2009,YES,0,,3,,Post (prior bilateral ovariectomy OR >12 mo since LMP with no prior hysterectomy),,,NO,Tumor resection,,NO,,,,,,,,,,,,,23.85,0:LIVING,f05d314c-5ec5-4e2a-b785-9a702716f111,Negative,,Left,,NO,,,,,Positive,,WHITE,,YES,1,Female,Breast,Sentinel node biopsy alone,,,,Lumpectomy,E2,TUMOR FREE
TCGA-E2-A158,43,M0,N1mi,Stage IIA,6th,T1c,Allred score 0+0 = 0,,0,14.78,0:DiseaseFree,,Allred score = 0,,Negative,,NOT HISPANIC OR LATINO,,4/7/11,,,,,,,<10%,1,,,Infiltrating Ductal Carcinoma,,No,Yes,C50.9,8500/3,C50.9,Negative,,YES,2009,YES,1,,2,,Pre (<6 months since LMP AND no prior bilateral ovariectomy AND not on estrogen replacement),,,NO,Tumor resection,,NO,,,,,,,,,,,,,14.78,0:LIVING,a6edb6ca-ae9f-4da7-8ebe-92d83d2987fb,Negative,,Left Upper Inner Quadrant|Left Upper Outer Quadrant,,NO,Allred score 0+0 = 0,,Allred score = 0,,Negative,,WHITE,,YES,1,Female,Breast,Sentinel node biopsy alone,,,,Simple Mastectomy,E2,TUMOR FREE
TCGA-E2-A159,50,M0,N0,Stage IIA,6th,T2,Allred score 0+0 = 0,,0,25.03,0:DiseaseFree,,Allred score = 0,,Negative,,NOT HISPANIC OR LATINO,,4/7/11,,,,,,Negative,,,,,Infiltrating Ductal Carcinoma,,No,No,C50.9,8500/3,C50.9,,,YES,2009,YES,0,,4,,Pre (<6 months since LMP AND no prior bilateral ovariectomy AND not on estrogen replacement),,,NO,Tumor resection,,NO,,,,,,,,,,,,,25.03,0:LIVING,d7308344-5bab-4073-bb4f-4d8cd8d7bd17,Negative,,Left Lower Outer Quadrant,,NO,Allred score 0+0 = 0,,Allred score = 0,,Negative,,WHITE,,YES,1,Female,Breast,Sentinel node biopsy alone,,,,Lumpectomy,E2,TUMOR FREE
TCGA-E2-A15A,45,M0,N3a,Stage IIIC,6th,T2,,,0,23.32,0:DiseaseFree,,,,Positive,,NOT HISPANIC OR LATINO,,4/7/11,,,,,,,,1,,,Infiltrating Ductal Carcinoma,,No,No,C50.9,8500/3,C50.9,Negative,,YES,2009,YES,13,,19,,Pre (<6 months since LMP AND no prior bilateral ovariectomy AND not on estrogen replacement),,,NO,Tumor resection,,NO,,,,,,,,,,,,,23.32,0:LIVING,73ccc949-01b7-48d3-a7c4-c4bcd261672a,Negative,,Left,,NO,,,,,Positive,,WHITE,,YES,2,Female,Breast,Sentinel lymph node biopsy plus axillary dissection,,,,Simple Mastectomy,E2,TUMOR FREE
TCGA-E2-A15C,61,M0,N0,Stage I,6th,T1c,,,0,22.8,0:DiseaseFree,,,,Positive,,NOT HISPANIC OR LATINO,,4/13/11,,,1.02,,,Negative,20-29%,2,,,Infiltrating Ductal Carcinoma,,No,No,C50.9,8500/3,C50.9,Equivocal,,YES,2009,YES,0,,4,,Post (prior bilateral ovariectomy OR >12 mo since LMP with no prior hysterectomy),,,NO,Tumor resection,,NO,,,,,,,,,,,,,22.8,0:LIVING,da840a22-8d30-4682-bbd0-8fa87bd40528,Negative,,Right Lower Outer Quadrant,,NO,,,,,Positive,,WHITE,,YES,1,Female,Breast,Sentinel node biopsy alone,,,,Lumpectomy,E2,TUMOR FREE
TCGA-E2-A15D,47,M0,N0,Stage IIA,6th,T2,,,0,17.28,0:DiseaseFree,,Allred score = 8,,Positive,,NOT HISPANIC OR LATINO,,4/13/11,,,1.1,,,Negative,,2,,,Infiltrating Ductal Carcinoma,,No,No,C50.9,8500/3,C50.9,Equivocal,,YES,2009,YES,0,,4,,Pre (<6 months since LMP AND no prior bilateral ovariectomy AND not on estrogen replacement),,,NO,Tumor resection,,NO,,,,,,,,,,,,,17.28,0:LIVING,c85f080a-1075-41df-959f-1b514a11b3c4,Negative,,Right,,NO,,,Allred score = 8,,Positive,,WHITE,,YES,1,Female,Breast,Sentinel node biopsy alone,,,,Lumpectomy,E2,TUMOR FREE
TCGA-E2-A15E,40,M0,N1a,Stage IIA,6th,T1c,Allred score 5+3 = 8,,0,20.7,0:DiseaseFree,,Allred score = 8,,Positive,,NOT HISPANIC OR LATINO,,4/25/11,,,,,,Positive,,,,,Infiltrating Ductal Carcinoma,,No,No,C50.9,8500/3,C50.9,,,YES,2009,YES,1,,9,,Pre (<6 months since LMP AND no prior bilateral ovariectomy AND not on estrogen replacement),,,NO,Tumor resection,,NO,,,,,,,,,,,,,20.7,0:LIVING,0a2a3529-f645-4967-9a58-89ee20b8bb62,Negative,,Left,,NO,Allred score 5+3 = 8,,Allred score = 8,,Positive,,WHITE,,YES,2,Female,Breast,Sentinel lymph node biopsy plus axillary dissection,,,,Lumpectomy,E2,TUMOR FREE
TCGA-E2-A15F,64,M0,N0,Stage I,6th,T1c,,,0,21.62,0:DiseaseFree,,,3 Point Scale,Positive,90-99%,NOT HISPANIC OR LATINO,,4/13/11,,,,,,,,1,,,Infiltrating Ductal Carcinoma,,No,No,C50.9,8500/3,C50.9,Negative,3,YES,2009,YES,0,,3,,Post (prior bilateral ovariectomy OR >12 mo since LMP with no prior hysterectomy),,,NO,Tumor resection,,NO,,,,,,,,,,,,,21.62,0:LIVING,ec77a23d-84f5-47e4-bf2a-fa1c03baf3db,Negative,,Left Upper Outer Quadrant,,NO,,3+,,3 Point Scale,Positive,90-99%,WHITE,,YES,1,Female,Breast,Sentinel node biopsy alone,,,,Lumpectomy,E2,TUMOR FREE
TCGA-E2-A15G,76,M0,N0,Stage IIA,6th,T2,,,0,18.2,0:DiseaseFree,,Allred score = 8,,Positive,,NOT HISPANIC OR LATINO,,4/13/11,,,,,,,,1,,,Mixed Histology (please specify),Invasive ductal and lobular carcinoma,No,No,C50.9,8522/3,C50.9,Negative,,YES,2009,YES,0,,1,,Post (prior bilateral ovariectomy OR >12 mo since LMP with no prior hysterectomy),,,NO,Tumor resection,,NO,,,,,,,,,,,,,18.2,0:LIVING,271e8024-a008-4bf0-9f6e-177f60096b1b,Negative,,Left Upper Outer Quadrant,,NO,,,Allred score = 8,,Positive,,WHITE,,YES,1,Female,Breast,Sentinel node biopsy alone,,,,Lumpectomy,E2,TUMOR FREE
TCGA-E2-A15H,38,M0,N1mi,Stage IIA,6th,T1c,,,0,12.91,0:DiseaseFree,,Allred Score = 7,,Positive,,NOT HISPANIC OR LATINO,,4/13/11,,,,,,Positive,,2,,,Infiltrating Ductal Carcinoma,,No,No,C50.9,8500/3,C50.9,Equivocal,,YES,2009,YES,1,,4,,Pre (<6 months since LMP AND no prior bilateral ovariectomy AND not on estrogen replacement),,,NO,Tumor resection,,NO,,,,,,,,,,,,,12.91,0:LIVING,5580b21a-2cdb-4777-ad79-6e06654144f5,Negative,,Right Upper Outer Quadrant,,NO,,,Allred score = 8,,Positive,,WHITE,,YES,1,Female,Breast,Sentinel node biopsy alone,,,,Lumpectomy,E2,TUMOR FREE
TCGA-E2-A15I,44,M0,N0,Stage IIA,6th,T2,,,0,55.58,0:DiseaseFree,,,3 Point Scale,Positive,90-99%,NOT HISPANIC OR LATINO,,4/13/11,,,1.04,,,Negative,,2,,,Infiltrating Ductal Carcinoma,,No,No,C50.9,8500/3,C50.9,Equivocal,,YES,2009,YES,0,,4,,Pre (<6 months since LMP AND no prior bilateral ovariectomy AND not on estrogen replacement),,,NO,Tumor resection,,NO,,,,,,,,,,,,,55.58,0:LIVING,64089c20-939f-48b4-ae8b-904ad0597145,Negative,,Left Upper Outer Quadrant|Left Lower Outer Quadrant,,NO,,,,3 Point Scale,Positive,90-99%,WHITE,,YES,1,Female,Breast,Sentinel node biopsy alone,,,,Simple Mastectomy,E2,TUMOR FREE
TCGA-E2-A15J,51,M0,N0,Stage I,6th,T1c,,,0,53.88,0:DiseaseFree,,Allred score = 7,,Positive,,NOT HISPANIC OR LATINO,,4/13/11,,,,,,Negative,,2,,,Infiltrating Ductal Carcinoma,,No,No,C50.9,8500/3,C50.9,Equivocal,,YES,2009,YES,0,,12,,Pre (<6 months since LMP AND no prior bilateral ovariectomy AND not on estrogen replacement),,,NO,Tumor resection,,NO,,,,,,,,,,,,,53.88,0:LIVING,1fef9454-b3e8-4d9d-a9aa-aa1f1a32b80c,Negative,,Left Upper Outer Quadrant,,NO,,,Allred score = 8,,Positive,,WHITE,,YES,1,Female,Breast,Sentinel node biopsy alone,,,,Simple Mastectomy,E2,TUMOR FREE
TCGA-E2-A15K,58,M0,N1a,Stage IIB,7th,T2,Allred score 5+3 = 8,,0,9.03,0:DiseaseFree,,Allred score = 8,,Positive,,NOT HISPANIC OR LATINO,,4/13/11,,,0.9,,,Negative,10-19%,2,,,Infiltrating Ductal Carcinoma,,No,No,C50.9,8500/3,C50.9,Equivocal,,YES,2010,YES,2,,17,,Post (prior bilateral ovariectomy OR >12 mo since LMP with no prior hysterectomy),,,NO,Tumor resection,,NO,,,,,,,,,,,,,9.03,0:LIVING,17c1d42c-cb84-4655-a4cd-b54bae17ecaf,Negative,,Right Upper Outer Quadrant,,NO,Allred score 2+2 = 4,,Allred score = 4,,Positive,,WHITE,,YES,2,Female,Breast,Axillary lymph node dissection alone,,,,Lumpectomy,E2,TUMOR FREE
TCGA-E2-A15L,65,M0,N0,Stage IIA,7th,T2,Allred score 5+3 = 8,,0,20.57,0:DiseaseFree,,Allred score = 8,,Positive,,NOT HISPANIC OR LATINO,,4/13/11,,,0.9,,,Negative,30-39%,2,,,Infiltrating Lobular Carcinoma,,No,No,C50.9,8520/3,C50.9,Equivocal,,YES,2010,YES,0,,3,,Post (prior bilateral ovariectomy OR >12 mo since LMP with no prior hysterectomy),,,NO,Tumor resection,,NO,,,,,,,,,,,,,20.57,0:LIVING,37242f5a-25ae-4b1f-9ce6-09ce1dc92539,Negative,,Right,,NO,Allred score 5+3 = 8,,Allred score = 8,,Positive,,BLACK OR AFRICAN AMERICAN,,YES,1,Female,Breast,Sentinel node biopsy alone,,,,Simple Mastectomy,E2,TUMOR FREE
TCGA-E2-A15M,66,M0,N0,Stage IIA,7th,T2,,,0,,,,Allred score = 8,,Positive,,NOT HISPANIC OR LATINO,,4/14/11,,,,,,,,,,,Infiltrating Lobular Carcinoma,,No,No,C50.9,8520/3,C50.9,Negative,,YES,2010,YES,0,,5,,Post (prior bilateral ovariectomy OR >12 mo since LMP with no prior hysterectomy),,,NO,Tumor resection,,NO,,,,,,,,,,,,,11.04,1:DECEASED,59be60a3-e0f6-4d63-b98c-574ef92428c4,Negative,,Right Lower Outer Quadrant,,NO,,,Allred score = 8,,Positive,,WHITE,,YES,1,Female,Breast,Sentinel node biopsy alone,,,,Lumpectomy,E2,TUMOR FREE
TCGA-E2-A15O,89,M0,NX,Stage I,7th,T1c,Allred score 5+2 = 7,,0,39.75,1:Recurred/Progressed,,Allred score = 7,,Positive,,NOT HISPANIC OR LATINO,,4/14/11,,,0.9,,,Negative,10-19%,2,,,Infiltrating Ductal Carcinoma,,No,Yes,C50.9,8500/3,C50.9,Equivocal,,YES,2010,NO,,,,,Post (prior bilateral ovariectomy OR >12 mo since LMP with no prior hysterectomy),,,NO,Tumor resection,,NO,,,,,,,,,,,,,50.76,0:LIVING,eafa45a4-2fd1-4fa3-860c-9d52ed382b7d,Negative,,Left Upper Inner Quadrant,,NO,Allred score 4+3 = 7,,Allred score = 7,,Positive,,BLACK OR AFRICAN AMERICAN,,YES,1,Female,Breast,No axillary staging,,,,Lumpectomy,E2,TUMOR FREE
TCGA-E2-A15P,61,M0,N0,Stage IA,7th,T1c,Allred score 5+3 = 8,,0,19.55,0:DiseaseFree,,Allred score = 8,,Positive,,NOT HISPANIC OR LATINO,,4/14/11,,,,,,,,1,,,Infiltrating Ductal Carcinoma,,No,No,C50.9,8500/3,C50.9,Negative,,YES,2010,YES,0,,2,,Post (prior bilateral ovariectomy OR >12 mo since LMP with no prior hysterectomy),,,NO,Tumor resection,,NO,,,,,,,,,,,,,19.55,0:LIVING,a1674d7b-787a-45c4-bf16-1b7d0efce207,Negative,,Right Upper Outer Quadrant,,NO,Allred score 2+2 = 4,,Allred score = 4,,Positive,,WHITE,,YES,1,Female,Breast,Sentinel node biopsy alone,,,,Lumpectomy,E2,TUMOR FREE
TCGA-E2-A15R,64,M0,N1a,Stage IIA,7th,T1c,Allred score 5+3 = 8,1.9,0,56.9,0:DiseaseFree,,Allred score = 8,,Positive,,NOT HISPANIC OR LATINO,,4/14/11,,,1.3,2.4,,Negative,,2,,,Infiltrating Ductal Carcinoma,,No,No,C50.9,8500/3,C50.9,Equivocal,,YES,2010,YES,3,,4,,Post (prior bilateral ovariectomy OR >12 mo since LMP with no prior hysterectomy),,,NO,Tumor resection,,NO,,,,,,,,,,,,,56.9,0:LIVING,33b7bf50-53f4-4839-aa83-9665f85671d8,Negative,,Right Upper Outer Quadrant,,NO,Allred score 2+2 = 4,,Allred score = 4,,Positive,,WHITE,,YES,1,Female,Breast,Sentinel node biopsy alone,,,,Lumpectomy,E2,TUMOR FREE
TCGA-E2-A15S,34,M0,N1,Stage IIB,7th,T2,,,0,14.06,0:DiseaseFree,,Allred score = 7,,Positive,,NOT HISPANIC OR LATINO,,4/14/11,,,,,,Negative,,2,,,Infiltrating Ductal Carcinoma,,No,No,C50.9,8500/3,C50.9,Equivocal,,YES,2010,YES,1,,17,,Post (prior bilateral ovariectomy OR >12 mo since LMP with no prior hysterectomy),,,NO,Tumor resection,,NO,,,,,,,,,,,,,14.06,0:LIVING,0f7ab21b-1fd0-45e0-9a47-17c4691eb84f,Negative,,Left Upper Inner Quadrant|Left Upper Outer Quadrant,,NO,,,Allred score = 2,,Negative,,WHITE,,YES,1,Female,Breast,Sentinel lymph node biopsy plus axillary dissection,,,,Simple Mastectomy,E2,TUMOR FREE
TCGA-E2-A15T,65,M0,N0,Stage IIA,7th,T2,Allred score 5+3 = 8,,0,51.35,0:DiseaseFree,,Allred score = 8,,Positive,,NOT HISPANIC OR LATINO,,4/14/11,,,1.3,,,Negative,,2,,,Infiltrating Ductal Carcinoma,,No,No,C50.9,8500/3,C50.9,Equivocal,,YES,2010,YES,0,,2,,Post (prior bilateral ovariectomy OR >12 mo since LMP with no prior hysterectomy),,,NO,Tumor resection,,NO,,,,,,,,,,,,,51.35,0:LIVING,e68ebfd4-3688-4caa-9e38-7764f9258c30,Negative,,Left Upper Outer Quadrant,,NO,Allred score 2+3 = 5,,Allred score = 5,,Positive,,WHITE,,YES,1,Female,Breast,Sentinel node biopsy alone,,,,Simple Mastectomy,E2,TUMOR FREE
TCGA-E2-A1AZ,63,M0,N1a,Stage IIB,6th,T2,,,0,76.51,0:DiseaseFree,,,3 Point Scale,Negative,,HISPANIC OR LATINO,,4/25/11,,,0.42,,,Negative,,,,,Infiltrating Ductal Carcinoma,,No,No,C50.9,8500/3,C50.9,Indeterminate,,YES,2004,YES,1,,3,,Post (prior bilateral ovariectomy OR >12 mo since LMP with no prior hysterectomy),,,NO,Tumor resection,,NO,,,,,,,,,,,,,76.51,0:LIVING,89128dba-403f-4a96-bb3b-23ed0d5e2147,Negative,,Left Upper Inner Quadrant,,NO,,,,3 Point Scale,Negative,,WHITE,,YES,1,Female,Breast,Sentinel node biopsy alone,,,,Lumpectomy,E2,TUMOR FREE
TCGA-E2-A1B0,50,M0,N2,Stage IIIA,6th,T2,Allred score 0+0 = 0,,0,53.58,0:DiseaseFree,,Allred score = 0,,Negative,,NOT HISPANIC OR LATINO,,4/25/11,,,,,,,90-99%,3,,,Infiltrating Ductal Carcinoma,,No,No,C50.9,8500/3,C50.9,Positive,,YES,2007,YES,6,,28,,Post (prior bilateral ovariectomy OR >12 mo since LMP with no prior hysterectomy),,,NO,Tumor resection,,NO,,,,,,,,,,,,,53.58,0:LIVING,996bd3f0-d767-4eff-9c82-99fcb5a3006a,Negative,,Left Upper Outer Quadrant,,NO,Allred score 0+0 = 0,,Allred score = 0,,Negative,,WHITE,,YES,1,Female,Breast,Sentinel lymph node biopsy plus axillary dissection,,,,Modified Radical Mastectomy,E2,TUMOR FREE
TCGA-E2-A1B1,45,M0,N1,Stage IIB,6th,T2,Allred score 3+2 = 5,,0,87.16,0:DiseaseFree,,Allred score = 5,,Positive,,NOT HISPANIC OR LATINO,,4/25/11,,,15.12,,,Positive,70-79%,2,,,Infiltrating Ductal Carcinoma,,No,No,C50.9,8500/3,C50.9,Equivocal,,YES,2007,YES,1,,6,,Post (prior bilateral ovariectomy OR >12 mo since LMP with no prior hysterectomy),,,NO,Tumor resection,,NO,,,,,,,,,,,,,87.16,0:LIVING,8a0ef221-8070-43fc-9d98-def90abe4871,Negative,,Left Upper Outer Quadrant,,NO,Allred score 2+2 = 4,,Allred score = 4,,Positive,,WHITE,,YES,1,Female,Breast,Sentinel node biopsy alone,,,,Lumpectomy,E2,TUMOR FREE
TCGA-E2-A1B4,74,M0,N2a,Stage IIIA,6th,T1c,Allred score 5+3 = 8,,0,,,,Allred score = 8,,Positive,,NOT HISPANIC OR LATINO,,4/25/11,,,,,,,10-19%,1,,,Infiltrating Ductal Carcinoma,,No,No,C50.9,8500/3,C50.9,Negative,,YES,2008,YES,3,,4,,Post (prior bilateral ovariectomy OR >12 mo since LMP with no prior hysterectomy),,,NO,Tumor resection,,NO,,,,,,,,,,,,,32.98,1:DECEASED,dbb2da92-99dd-400c-bc05-e87d7273656c,Negative,,Left Upper Inner Quadrant,,NO,Allred score 5+3 = 8,,Allred score = 8,,Positive,,WHITE,,YES,1,Female,Breast,Sentinel node biopsy alone,,,,Lumpectomy,E2,TUMOR FREE
TCGA-E2-A1B5,46,M0,N0,Stage IIA,6th,T2,Allred score 5+3 = 8,,0,32.33,0:DiseaseFree,,Allred score = 8,,Positive,,NOT HISPANIC OR LATINO,,4/25/11,,,,,,,<10%,,,,Infiltrating Lobular Carcinoma,,No,No,C50.9,8520/3,C50.9,Negative,,YES,2008,YES,0,,5,,Pre (<6 months since LMP AND no prior bilateral ovariectomy AND not on estrogen replacement),,,NO,Tumor resection,,NO,,,,,,,,,,,,,32.33,0:LIVING,7241b3d4-31ee-4fd2-a4a5-35a9d5f37d6a,Negative,,Left,,NO,Allred score 2+3 = 5,,Allred score = 5,,Positive,,WHITE,,YES,1,Female,Breast,Sentinel node biopsy alone,,,,Lumpectomy,E2,TUMOR FREE
TCGA-E2-A1B6,44,M0,N0,Stage IIA,6th,T2,Allred score 0+0 = 0,,0,28.48,0:DiseaseFree,,Allred score = 0,,Negative,,NOT HISPANIC OR LATINO,,4/25/11,,,1.03,,,Negative,10-19%,2,,,Infiltrating Ductal Carcinoma,,No,No,C50.9,8500/3,C50.9,Equivocal,,YES,2008,YES,0,,5,,Pre (<6 months since LMP AND no prior bilateral ovariectomy AND not on estrogen replacement),,,NO,Tumor resection,,NO,,,,,,,,,,,,,28.48,0:LIVING,e0b1bcd2-1139-44b9-98b3-67bcf92bcc39,Negative,,Left,,NO,Allred score 0+0 = 0,,Allred score = 0,,Negative,,WHITE,,YES,1,Female,Breast,Sentinel node biopsy alone,,,,Simple Mastectomy,E2,TUMOR FREE
TCGA-E2-A1BC,63,M0,N0,Stage IA,7th,T1c,,,0,16.46,0:DiseaseFree,,,3 Point Scale,Positive,,,,4/25/11,,,,,,,,,,,Infiltrating Ductal Carcinoma,,No,Yes,C50.9,8524/3,C50.9,Negative,,YES,2010,YES,0,,4,,Post (prior bilateral ovariectomy OR >12 mo since LMP with no prior hysterectomy),,,NO,Tumor resection,,NO,,,,,,,,,,,,,16.46,0:LIVING,d8492ebd-3d94-4a4b-8de7-386526691cc2,Positive,,Right,,NO,,,,3 Point Scale,Positive,,,,YES,1,Female,Breast,Sentinel node biopsy alone,,,,Simple Mastectomy,E2,TUMOR FREE
TCGA-E2-A1BD,53,M0,N0,Stage IIA,7th,T2,Allred score 5+3 = 8,,0,37.22,0:DiseaseFree,,Allred score = 8,,Positive,,NOT HISPANIC OR LATINO,,4/25/11,,,1,,,Negative,10-19%,2,,,Infiltrating Ductal Carcinoma,,No,No,C50.9,8500/3,C50.9,Equivocal,,YES,2010,YES,0,,1,,Post (prior bilateral ovariectomy OR >12 mo since LMP with no prior hysterectomy),,,NO,Tumor resection,,NO,,,,,,,,,,,,,37.22,0:LIVING,0e1d0d46-7a7b-4538-95dd-b9fc20a15aec,Negative,,Right Upper Outer Quadrant,,NO,Allred score 5+3 = 8,,Allred score = 8,,Positive,,WHITE,,YES,1,Female,Breast,Sentinel node biopsy alone,,,,Lumpectomy,E2,TUMOR FREE
TCGA-E2-A1IE,61,M0,N1,Stage IIB,6th,T2,allred score 5 + 3 = 8,,0,59.46,1:Recurred/Progressed,,allred score = 8,,Positive,,NOT HISPANIC OR LATINO,,4/26/11,,,1.05,,,Negative,20-29%,2,,,Infiltrating Ductal Carcinoma,,No,No,C50.9,8500/3,C50.9,Equivocal,,YES,2008,YES,1,,3,,Post (prior bilateral ovariectomy OR >12 mo since LMP with no prior hysterectomy),,,NO,Tumor resection,,NO,,,,,,,,,,,,,77.6,0:LIVING,2d0d7ff4-7866-4ae1-9cf1-a3c7f4cbe48d,Negative,,Right,,NO,allred score 3 + 3 = 6,,allred score = 6,,Positive,,WHITE,,YES,1,Female,Breast,Sentinel node biopsy alone,,,,Lumpectomy,E2,TUMOR FREE
TCGA-E2-A1IF,74,M0,N0,Stage I,6th,T1c,allred score 5+3=8,,0,37.39,0:DiseaseFree,,allred scrore = 8,,Positive,,NOT HISPANIC OR LATINO,,4/28/11,,,,,,,<10%,1,,,Infiltrating Ductal Carcinoma,,No,No,C50.9,8500/3,C50.9,Negative,,YES,2008,YES,0,,4,,Post (prior bilateral ovariectomy OR >12 mo since LMP with no prior hysterectomy),,,NO,Tumor resection,,NO,,,,,,,,,,,,,37.39,0:LIVING,718db047-9f32-48c4-98c9-515218441bca,Negative,,Left Upper Outer Quadrant,,NO,allred score 4+2=6,,allred score = 6,,Positive,,WHITE,,YES,1,Female,Breast,Sentinel node biopsy alone,,,,Lumpectomy,E2,TUMOR FREE
TCGA-E2-A1IG,45,M0,N1mi,Stage IIB,6th,T2,,,0,70.3,0:DiseaseFree,,,3 Point Scale,Positive,,NOT HISPANIC OR LATINO,,4/28/11,,,,,,,,,,,Infiltrating Ductal Carcinoma,,No,No,C50.9,8500/3,C50.9,Negative,,YES,2009,YES,1,,3,,Pre (<6 months since LMP AND no prior bilateral ovariectomy AND not on estrogen replacement),,,NO,Tumor resection,,NO,,,,,,,,,,,,,70.3,0:LIVING,bc0bc70f-c6cf-4dbc-9dc3-8b7bc5f381a4,Negative,,Right Upper Inner Quadrant,,NO,,,,3 Point Scale,Positive,,WHITE,,YES,1,Female,Breast,Sentinel node biopsy alone,,,,Simple Mastectomy,E2,TUMOR FREE
TCGA-E2-A1IH,80,M0,N0,Stage I,6th,T1c,allred score 5+3=8,,0,33.71,0:DiseaseFree,,allred score = 8,,Positive,,NOT HISPANIC OR LATINO,,4/28/11,,,,,,,20-29%,2,,,Infiltrating Lobular Carcinoma,,No,No,C50.9,8520/3,C50.9,Equivocal,,YES,2008,YES,0,,2,,Post (prior bilateral ovariectomy OR >12 mo since LMP with no prior hysterectomy),,,NO,Tumor resection,,NO,,,,,,,,,,,,,33.71,0:LIVING,ec0155ab-1b14-498d-8fa9-9f63e3ccb990,Negative,,Right Upper Inner Quadrant,,NO,allred score 5+3+8,,allred score = 8,,Positive,,WHITE,,YES,1,Female,Breast,Sentinel node biopsy alone,,,,Lumpectomy,E2,TUMOR FREE
TCGA-E2-A1II,51,M0,N0,Stage I,6th,T1c,allred score 0 + 0 = 0,,0,33.67,0:DiseaseFree,,allred score = 0,,Negative,,NOT HISPANIC OR LATINO,,4/28/11,,,,,,,<10%,1,,,Infiltrating Ductal Carcinoma,,No,No,C50.9,8500/3,C50.9,Negative,,YES,2008,YES,0,,5,,Post (prior bilateral ovariectomy OR >12 mo since LMP with no prior hysterectomy),,,NO,Tumor resection,,NO,,,,,,,,,,,,,33.67,0:LIVING,0fe1419e-a005-407c-8ae7-15c4c1579539,Negative,,Left,,NO,allred score 2+2 = 4,,allred score = 4,,Positive,,WHITE,,YES,1,Female,Breast,Sentinel node biopsy alone,,,,Lumpectomy,E2,TUMOR FREE
TCGA-E2-A1IJ,57,M0,N0,Stage I,6th,T1c,,,0,28.42,0:DiseaseFree,,,3 Point Scale,Positive,90-99%,NOT HISPANIC OR LATINO,,4/29/11,,,1.2,,,Negative,,2,,,Infiltrating Lobular Carcinoma,,No,No,C50.9,8520/3,C50.9,Equivocal,,YES,2009,YES,0,,3,,Post (prior bilateral ovariectomy OR >12 mo since LMP with no prior hysterectomy),,,NO,Tumor resection,,NO,,,,,,,,,,,,,28.42,0:LIVING,b09643c2-ded5-4346-b3c5-90a48f88a02e,Negative,,Right Upper Outer Quadrant,,NO,,,,3 Point Scale,Positive,90-99%,WHITE,,YES,1,Female,Breast,Sentinel node biopsy alone,,,,Lumpectomy,E2,TUMOR FREE
TCGA-E2-A1IK,71,M0,N1mi,Stage IIA,6th,T1c,,,0,59.13,0:DiseaseFree,,,,Positive,,NOT HISPANIC OR LATINO,,5/17/11,,,,,,,,,,,Infiltrating Ductal Carcinoma,,No,No,C50.9,8500/3,C50.9,Negative,,YES,2009,YES,1,,6,,Post (prior bilateral ovariectomy OR >12 mo since LMP with no prior hysterectomy),,,NO,Tumor resection,,NO,,,,,,,,,,,,,59.13,0:LIVING,becedbfd-b2aa-4dde-b7f4-29e6f59ec32c,Negative,,Left,,NO,,,,,Positive,,WHITE,,YES,1,Female,Breast,Sentinel node biopsy alone,,,,Lumpectomy,E2,TUMOR FREE
TCGA-E2-A1IL,78,M0,N1a,Stage IIA,6th,T1c,allred score 5+3=8,,0,3.88,0:DiseaseFree,,allred score = 8,,Positive,,NOT HISPANIC OR LATINO,,4/29/11,,,,,,,,,,,Infiltrating Lobular Carcinoma,,No,No,C50.9,8520/3,C50.9,Negative,,YES,2009,YES,1,,4,,Post (prior bilateral ovariectomy OR >12 mo since LMP with no prior hysterectomy),,,NO,Tumor resection,,NO,,,,,,,,,,,,,3.88,0:LIVING,b63391a0-73f8-4544-9e94-f6529245ca2a,Negative,,Left Upper Outer Quadrant,,NO,allred score 4 + 3 = 7,,allred score = 7,,Positive,,WHITE,,YES,1,Female,Breast,Sentinel node biopsy alone,,,,Lumpectomy,E2,
TCGA-E2-A1IN,60,M0,N0,Stage I,7th,T1c,allred score 5+3=8,,0,22.17,0:DiseaseFree,,allred score = 8,,Positive,,NOT HISPANIC OR LATINO,,4/29/11,,,,,,,,1,,,Infiltrating Ductal Carcinoma,,No,No,C50.9,8500/3,C50.9,Negative,,YES,2010,YES,0,,2,,Post (prior bilateral ovariectomy OR >12 mo since LMP with no prior hysterectomy),,,NO,Tumor resection,,NO,,,,,,,,,,,,,22.17,0:LIVING,f43d622f-eed5-4933-adc6-ae9ad1e33028,Negative,,Right,,NO,allred score 5+3+8,,allred score = 8,,Positive,,WHITE,,YES,1,Female,Breast,Sentinel node biopsy alone,,,,Lumpectomy,E2,TUMOR FREE
TCGA-E2-A1IO,37,M0,N0,Stage I,6th,T1c,,,0,60.94,0:DiseaseFree,,,3 Point Scale,Positive,,NOT HISPANIC OR LATINO,,4/29/11,,,1.1,,,Negative,30-39%,2,,,Infiltrating Ductal Carcinoma,,No,No,C50.9,8500/3,C50.9,Equivocal,,YES,2009,YES,0,,1,,Pre (<6 months since LMP AND no prior bilateral ovariectomy AND not on estrogen replacement),,,NO,Core needle biopsy,,NO,,,,,,,,,,,,,60.94,0:LIVING,71fc8941-4cfb-47ea-a533-873d38f8c95c,Negative,,Right,,NO,,,,3 Point Scale,Positive,,WHITE,,YES,1,Female,Breast,Sentinel node biopsy alone,,,,Lumpectomy,E2,TUMOR FREE
TCGA-E2-A1IP,,,,,,,,,,,,,,,,,,,,,,,,,,,,,,,,,,,,,,,,,,,,,,,,,,,,,,,,,,,,,,,,,,,,,,,,,,,,,,,,,,1,,,,,,,,,
TCGA-E2-A1IU,60,M0,N0 (mol+),Stage IA,7th,T1c,,,0,11.07,0:DiseaseFree,,,,Positive,,NOT HISPANIC OR LATINO,,4/29/11,,,,,,,,,,,Infiltrating Ductal Carcinoma,,No,No,C50.9,8500/3,C50.9,Negative,,YES,2010,YES,0,,11,,Post (prior bilateral ovariectomy OR >12 mo since LMP with no prior hysterectomy),,,NO,Tumor resection,,NO,,,,,,,,,,,,,11.07,0:LIVING,001cef41-ff86-4d3f-a140-a647ac4b10a1,Negative,,Right Upper Outer Quadrant,,NO,,,,,Positive,,WHITE,,YES,1,Female,Breast,Sentinel node biopsy alone,,,,Simple Mastectomy,E2,TUMOR FREE
TCGA-E2-A1L6,44,M0,N1mi,Stage IIA,6th,T1c,allred score 5 + 3 = 8,,0,54.14,0:DiseaseFree,,allred score = 8,,Positive,,NOT HISPANIC OR LATINO,,6/7/11,,,,,,,40-49%,1,,,Infiltrating Ductal Carcinoma,,No,No,C50.9,8500/3,C50.9,Negative,,YES,2007,YES,1,,6,,Pre (<6 months since LMP AND no prior bilateral ovariectomy AND not on estrogen replacement),,,NO,Tumor resection,,NO,,,,,,,,,,,,,54.14,0:LIVING,2e32f31f-9817-4935-b259-96c59936ee33,Negative,,Left Upper Outer Quadrant,,NO,allred score 5 + 3 = 8,,allred score =  8,,Positive,,WHITE,,YES,1,Female,Breast,Sentinel lymph node biopsy plus axillary dissection,,,,Simple Mastectomy,E2,TUMOR FREE
TCGA-E2-A1L7,40,M0,N2,Stage IIIA,6th,T2,Allred score 1+1 = 2,,0,53.19,1:Recurred/Progressed,,Allred score = 2,,Negative,,NOT HISPANIC OR LATINO,,6/1/11,,,,,,,,,,,Infiltrating Ductal Carcinoma,,No,No,C50.9,8500/3,C50.9,Negative,,YES,2009,YES,7,,20,,Pre (<6 months since LMP AND no prior bilateral ovariectomy AND not on estrogen replacement),,,NO,Tumor resection,,NO,,,,,,,,,,,,,60.32,0:LIVING,791c5768-f0f5-4ab6-86eb-998e5c4b49e3,Negative,,Right Upper Outer Quadrant,,NO,Allred score 0+0 = 0,,Allred score = 0,,Negative,,WHITE,,YES,1,Female,Breast,Axillary lymph node dissection alone,,,,Modified Radical Mastectomy,E2,TUMOR FREE
TCGA-E2-A1L8,52,M0,N1a,Stage IIB,6th,T2,allred score 5 + 3 = 8,,0,73.59,0:DiseaseFree,,allred score = 8,,Positive,,NOT HISPANIC OR LATINO,,6/7/11,,,1.1,,,Negative,40-49%,2,,,Infiltrating Lobular Carcinoma,,No,Yes,C50.9,8520/3,C50.9,Equivocal,,YES,2008,YES,2,,13,,Post (prior bilateral ovariectomy OR >12 mo since LMP with no prior hysterectomy),,,NO,Tumor resection,,NO,,,,,,,,,,,,,73.59,0:LIVING,eebad74f-5961-4e91-b0eb-157a2f6f952b,Negative,,Left Upper Outer Quadrant,,NO,allred score 4 + 3 = 7,,allred score = 7,,Positive,,BLACK OR AFRICAN AMERICAN,,YES,1,Female,Breast,Sentinel lymph node biopsy plus axillary dissection,,,,Simple Mastectomy,E2,TUMOR FREE
TCGA-E2-A1L9,40,M0,N1mi,Stage IIA,6th,T1c,,,0,19.65,0:DiseaseFree,,allred score = 7,3 Point Scale,Positive,80-89%,NOT HISPANIC OR LATINO,,6/7/11,,,,,,,,,,,Infiltrating Ductal Carcinoma,,No,No,C50.9,8500/3,C50.9,Negative,,YES,2009,YES,1,,2,,Pre (<6 months since LMP AND no prior bilateral ovariectomy AND not on estrogen replacement),,,NO,Tumor resection,,NO,,,,,,,,,,,,,19.65,0:LIVING,5ea18514-51ad-4844-abea-15e82f0b10c9,Negative,,Right,,NO,,,allred score = 7,3 Point Scale,Positive,80-89%,WHITE,,YES,1,Female,Breast,Sentinel node biopsy alone,,,,Lumpectomy,E2,TUMOR FREE
TCGA-E2-A1LA,59,M0,N1a,Stage IIA,6th,T1c,allred score 5 + 3 = 8,,0,24.57,0:DiseaseFree,,allred score = 8,,Positive,,NOT HISPANIC OR LATINO,,6/1/11,,,1.15,,,Negative,,2,,,Infiltrating Ductal Carcinoma,,No,No,C50.9,8500/3,C50.9,Equivocal,,YES,2009,YES,1,,35,,Post (prior bilateral ovariectomy OR >12 mo since LMP with no prior hysterectomy),,,NO,Tumor resection,,NO,,,,,,,,,,,,,24.57,0:LIVING,ce9e0309-9756-42d2-ae94-d91264a79498,Negative,,Right Upper Inner Quadrant,,NO,allred score 5 +3 = 8,,allred score = 8,,Positive,,,,YES,1,Female,Breast,Sentinel lymph node biopsy plus axillary dissection,,,,Simple Mastectomy,E2,TUMOR FREE
TCGA-E2-A1LB,41,M0,N1,Stage IIB,6th,T2,Allred score 0+0 = 0,,0,75.76,0:DiseaseFree,,Allred score = 0,,Negative,,NOT HISPANIC OR LATINO,,6/7/11,,,,,,,90-99%,3,,,Infiltrating Ductal Carcinoma,,No,No,C50.9,8500/3,C50.9,Positive,,YES,2008,YES,2,,25,,Pre (<6 months since LMP AND no prior bilateral ovariectomy AND not on estrogen replacement),,,NO,Tumor resection,,NO,,,,,,,,,,,,,75.76,0:LIVING,fa176764-a76f-44c7-b97a-cd6d21e052be,Negative,,Right Upper Outer Quadrant,,NO,Allred score 0+0 = 0,,Allred score = 0,,Negative,,BLACK OR AFRICAN AMERICAN,,YES,1,Female,Breast,Axillary lymph node dissection alone,,,,Lumpectomy,E2,TUMOR FREE
TCGA-E2-A1LE,71,M0,N3a,Stage IIIC,6th,T2,Allred score 0+0 = 0,,0,11.86,1:Recurred/Progressed,,Allred score = 0,,Negative,,NOT HISPANIC OR LATINO,,6/7/11,,,,,,,90-99%,3,,,Infiltrating Ductal Carcinoma,,No,No,C50.9,8500/3,C50.9,Positive,,YES,2008,YES,27,,28,,Post (prior bilateral ovariectomy OR >12 mo since LMP with no prior hysterectomy),,,NO,Tumor resection,,NO,,,,,,,,,,,,,28.88,1:DECEASED,7317E605-93BA-49A9-8743-20613B02767A,Negative,,Right Upper Inner Quadrant|Right Lower Inner Quadrant,,NO,Allred score 0+0 = 0,,Allred score = 0,,Negative,,WHITE,,YES,1,Female,Breast,Sentinel lymph node biopsy plus axillary dissection,,,,Simple Mastectomy,E2,WITH TUMOR
TCGA-E2-A1LG,50,M0,N0,Stage IIA,7th,T2,Allred score 0+0 = 0,,0,50.03,0:DiseaseFree,,Allred score = 0,,Negative,,NOT HISPANIC OR LATINO,,6/3/11,,,1.1,,,Negative,60-69%,2,,,Infiltrating Lobular Carcinoma,,No,Yes,C50.9,8520/3,C50.9,Equivocal,,YES,2010,YES,0,,19,,Peri (6-12 months since last menstrual period),,,NO,Tumor resection,,NO,,,,,,,,,,,,,50.03,0:LIVING,ef4cbd38-bc79-4d60-a715-647edd2ebe9e,Negative,,Left Upper Outer Quadrant,,NO,Allred score 0+0 = 0,,Allred score = 0,,Negative,,BLACK OR AFRICAN AMERICAN,,YES,1,Female,Breast,Axillary lymph node dissection alone,,,,Modified Radical Mastectomy,E2,TUMOR FREE
TCGA-E2-A1LH,59,M0,N0,Stage I,5th,T1c,,,0,106.67,0:DiseaseFree,,,3 Point Scale,Negative,,NOT HISPANIC OR LATINO,,6/3/11,,,,,,,,,,ACIS,Infiltrating Ductal Carcinoma,,No,No,C50.9,8500/3,C50.9,Negative,,YES,2002,YES,0,,2,,Post (prior bilateral ovariectomy OR >12 mo since LMP with no prior hysterectomy),,,NO,Tumor resection,,NO,,,,,,,,,,,,,106.67,0:LIVING,d8ecba6a-9fff-4993-a799-9a8d2aea524e,Negative,,Right,,NO,,,,3 Point Scale,Negative,,WHITE,,YES,1,Female,Breast,Sentinel node biopsy alone,,,,Lumpectomy,E2,TUMOR FREE
TCGA-E2-A1LI,57,M0,N1,Stage IIB,6th,T2,,,0,102.53,0:DiseaseFree,,,3 Point Scale,Negative,,NOT HISPANIC OR LATINO,,6/3/11,,,1.21,,,Negative,,,,ACIS,Infiltrating Ductal Carcinoma,,No,No,C50.9,8500/3,C50.9,Equivocal,,YES,2003,YES,0,,2,,Post (prior bilateral ovariectomy OR >12 mo since LMP with no prior hysterectomy),,,NO,Tumor resection,,NO,,,,,,,,,,,,,102.53,0:LIVING,3558dec7-eae3-4a41-a217-266c6a4535fb,Close,,Left Upper Outer Quadrant,,NO,,,,3 Point Scale,Negative,,WHITE,,YES,1,Female,Breast,Sentinel node biopsy alone,,,,Lumpectomy,E2,TUMOR FREE
TCGA-E2-A1LK,84,M0,N3a,Stage IIIC,6th,T4b,Allred score 0+0 = 0,,0,5.09,1:Recurred/Progressed,,Allred score = 0,,Negative,,NOT HISPANIC OR LATINO,,6/3/11,,,1.41,,,Negative,80-89%,2,,,Infiltrating Ductal Carcinoma,,No,No,C50.9,8500/3,C50.9,Equivocal,,YES,2008,YES,11,,15,,Post (prior bilateral ovariectomy OR >12 mo since LMP with no prior hysterectomy),,,NO,Tumor resection,,NO,,,,,,,,,,,,,8.74,1:DECEASED,1d27253f-b036-44e7-a04d-8da5bbf57419,Negative,,Left Upper Outer Quadrant|Left Lower Outer Quadrant,,NO,Allred score 0+0 = 0,,Allred score = 0,,Negative,,BLACK OR AFRICAN AMERICAN,,YES,1,Female,Breast,Axillary lymph node dissection alone,,,,Modified Radical Mastectomy,E2,WITH TUMOR
TCGA-E2-A1LL,73,MX,N2a,Stage IIIA,6th,T3,Allred score 0+0 = 0,,0,42.81,1:Recurred/Progressed,,Allred score = 0,,Negative,,NOT HISPANIC OR LATINO,,6/3/11,,,,,,,<10%,1,,,Infiltrating Ductal Carcinoma,,No,No,C50.9,8500/3,C50.9,Negative,,YES,2008,YES,5,,44,,Post (prior bilateral ovariectomy OR >12 mo since LMP with no prior hysterectomy),,,NO,Tumor resection,,NO,,,,,,,,,,,,,43,0:LIVING,2a84997d-ccee-4f46-bea2-752534f26416,Negative,,Left Upper Outer Quadrant,,NO,Allred score 0+0 = 0,,Allred score = 0,,Negative,,BLACK OR AFRICAN AMERICAN,,YES,1,Female,Breast,Axillary lymph node dissection alone,,,,Simple Mastectomy,E2,TUMOR FREE
TCGA-E2-A1LS,46,M0,N0,Stage IA,7th,T1c,Allred score 0+0 = 0,,0,52.69,0:DiseaseFree,,Allred score = 0,,Negative,,,,6/3/11,,,,,,,,1,,,Infiltrating Ductal Carcinoma,,No,No,C50.9,8500/3,C50.9,Negative,,YES,2010,YES,0,,5,,Pre (<6 months since LMP AND no prior bilateral ovariectomy AND not on estrogen replacement),,,NO,Tumor resection,,NO,,,,,,,,,,,,,52.69,0:LIVING,91a2f2af-e4b1-4a0b-ab20-6a36ce63c533,Negative,,Right Lower Outer Quadrant,,NO,Allred score 0+0 = 0,,Allred score = 0,,Negative,,WHITE,,YES,1,Female,Breast,Sentinel node biopsy alone,,,,Simple Mastectomy,E2,TUMOR FREE
TCGA-E2-A2P5,78,M0,N3,Stage IIIC,7th,T2,Allred score = 8,,0,19.61,1:Recurred/Progressed,,Allred score = 8,,Positive,,NOT HISPANIC OR LATINO,,12/19/11,,,1,,,Negative,,,,,Infiltrating Lobular Carcinoma,,No,Yes,C50.9,8520/3,C50.9,,,YES,2011,YES,21,,25,,Post (prior bilateral ovariectomy OR >12 mo since LMP with no prior hysterectomy),,,NO,Core needle biopsy,,NO,,,,,,,,,,,,,26.97,1:DECEASED,F0DE67FF-8967-4FCE-9C12-0E07193285CD,Negative,,Left,,NO,Allred score = 8,,Allred score = 8,,Positive,,BLACK OR AFRICAN AMERICAN,,YES,1,Female,Breast,Axillary lymph node dissection alone,,,,Modified Radical Mastectomy,E2,TUMOR FREE
TCGA-E2-A2P6,77,M0,N1,Stage IIB,7th,T2,Allread score 5+3 = 8,,0,34.53,0:DiseaseFree,,Allred score = 8,,Positive,,HISPANIC OR LATINO,,12/19/11,,,,,,Negative,,,,,Infiltrating Lobular Carcinoma,,No,No,C50.9,8520/3,C50.9,,,YES,2011,YES,1,,5,Negative,Post (prior bilateral ovariectomy OR >12 mo since LMP with no prior hysterectomy),,,NO,Core needle biopsy,,NO,,,,,,,,,,,,,34.53,0:LIVING,F83B866B-0B2E-4BBA-9367-BE6DCCF56232,Positive,,Left Upper Outer Quadrant,,NO,Allred score 2+2 = 4,,Allred score = 4,,Positive,,,,YES,1,Female,Breast,Sentinel node biopsy alone,,Modified radical mastectomy,,Lumpectomy,E2,TUMOR FREE
TCGA-E2-A3DX,43,M0,N3,Stage IIIC,7th,T2,,,0,43.53,0:DiseaseFree,,Allred score = 7,,Positive,,NOT HISPANIC OR LATINO,,1/17/12,,,7.1,,,Positive,,,,,Infiltrating Lobular Carcinoma,,No,No,C50.9,8520/3,C50.9,,,YES,2011,YES,25,,36,,Pre (<6 months since LMP AND no prior bilateral ovariectomy AND not on estrogen replacement),,,NO,Core needle biopsy,,NO,,,,,,,,,,,,,43.53,0:LIVING,31427699-E27A-4035-8925-6D8D6900D097,Positive,,Right,,NO,,,Allred score = 8,,Positive,,WHITE,,YES,1,Female,Breast,Axillary lymph node dissection alone,,,,Modified Radical Mastectomy,E2,TUMOR FREE
TCGA-E2-A56Z,69,M0,N1a,Stage IIB,7th,T2,Allred 8 = 5+3,2.2,0,8.28,0:DiseaseFree,,Allred Score,,Positive,10-19%,NOT HISPANIC OR LATINO,,6/20/13,200,,1.5,3.2,,Negative,10-19%,2,,,Infiltrating Ductal Carcinoma,,No,No,C50.9,8500/3,C50.9,Equivocal,,YES,2012,YES,1,,16,,Post (prior bilateral ovariectomy OR >12 mo since LMP with no prior hysterectomy),,,,Core needle biopsy,,NO,NO,,,,,,,,,,,,8.28,0:LIVING,45C3975C-D333-4237-93F7-E12DC2451C38,Negative,YES,Right,,NO,Allred 5 = 2+3,,Allred Score,,Positive,<10%,BLACK OR AFRICAN AMERICAN,YES,YES,1,Female,Breast,Sentinel lymph node biopsy plus axillary dissection,,,,Lumpectomy,E2,TUMOR FREE
TCGA-E2-A570,47,M0,N1mi,Stage IB,7th,T1c,Allred 7 = 5+2,2,0,30.58,0:DiseaseFree,,Allred Score,,Positive,,NOT HISPANIC OR LATINO,,6/21/13,200,,1.1,2.2,,Negative,10-19%,2,,,Infiltrating Ductal Carcinoma,,No,No,C50.9,8500/3,C50.9,Equivocal,,YES,2011,YES,1,,7,,Pre (<6 months since LMP AND no prior bilateral ovariectomy AND not on estrogen replacement),,,,Core needle biopsy,,NO,NO,,,,,,,,,,,,30.58,0:LIVING,CDD8C046-FD97-482A-A11F-2217B321C4D1,Negative,YES,Right Lower Inner Quadrant,,NO,Allred 8 = 5+3,,Allred Score,,Positive,,BLACK OR AFRICAN AMERICAN,NO,YES,1,Female,Breast,Sentinel node biopsy alone,,,,Simple Mastectomy,E2,TUMOR FREE
TCGA-E2-A572,72,M0,N2,Stage IIIA,7th,T2,,,0,39.68,0:DiseaseFree,,,3 Point Scale,Positive,,NOT HISPANIC OR LATINO,,9/10/13,,,,,,Negative,,,,,Infiltrating Ductal Carcinoma,,No,Yes,C50.9,8500/3,C50.9,Equivocal,3,YES,2011,YES,0,8,13,,Post (prior bilateral ovariectomy OR >12 mo since LMP with no prior hysterectomy),,,,Core needle biopsy,,YES,NO,,,,,,,,,,,,39.68,0:LIVING,06EF6E83-5583-45B9-A0BD-EDEA68943083,Negative,YES,Left,,NO,,1+,,3 Point Scale,Positive,,BLACK OR AFRICAN AMERICAN,YES,YES,1,Female,Breast,Axillary lymph node dissection alone,,,,Modified Radical Mastectomy,E2,TUMOR FREE
TCGA-E2-A573,48,M0,N0,Stage IA,7th,T1c,Allred 0 = 0+0,1.8,0,34.89,0:DiseaseFree,,Allred Score,,Negative,,NOT HISPANIC OR LATINO,Partial Mastectomy,6/20/13,200,,1.3,2.3,,Negative,10-19%,2,,,Infiltrating Ductal Carcinoma,,No,No,C50.9,8500/3,C50.9,Equivocal,,YES,2011,YES,0,,4,,Peri (6-12 months since last menstrual period),,,,Core needle biopsy,,NO,NO,,,,,,,,,,,,34.89,0:LIVING,6429C443-8AC3-407F-BB9C-66420B904BBF,Negative,YES,Right Upper Outer Quadrant,,NO,Allred 0 = 0+0,,Allred Score,,Negative,,BLACK OR AFRICAN AMERICAN,YES,YES,1,Female,Breast,Sentinel node biopsy alone,,,,Other,E2,TUMOR FREE
TCGA-E2-A574,44,M0,N0,Stage IIA,7th,T2,Allred 0 = 0+0,2.8,0,38.73,0:DiseaseFree,,Allred Score,,Negative,,NOT HISPANIC OR LATINO,,6/20/13,200,,1,2.8,,Negative,10-19%,2,,,Infiltrating Ductal Carcinoma,,No,No,C50.9,8500/3,C50.9,Equivocal,,YES,2011,YES,0,,4,,Pre (<6 months since LMP AND no prior bilateral ovariectomy AND not on estrogen replacement),,,,Core needle biopsy,,NO,NO,,,,,,,,,,,,38.73,0:LIVING,029CE650-5E5A-4100-8596-CD94300E7EF5,Negative,YES,Left,,NO,Allred 0 = 0+0,,Allred Score,,Negative,,BLACK OR AFRICAN AMERICAN,YES,YES,1,Female,Breast,Sentinel node biopsy alone,,,,Lumpectomy,E2,TUMOR FREE
TCGA-E2-A576,69,MX,N0,Stage IA,7th,T1c,,,0,34.26,0:DiseaseFree,,,,Positive,,NOT HISPANIC OR LATINO,,9/10/13,,,,,,Negative,,2,,,Infiltrating Lobular Carcinoma,,No,No,C50.9,8520/3,C50.9,Equivocal,,YES,2011,YES,0,0,5,,Post (prior bilateral ovariectomy OR >12 mo since LMP with no prior hysterectomy),,,,Fine needle aspiration biopsy,,YES,NO,,,,,,,,,,,,34.26,0:LIVING,F04DCA9E-409B-4300-B11D-12243E5D361D,Negative,YES,Left Upper Outer Quadrant,,NO,,,,,Positive,,BLACK OR AFRICAN AMERICAN,YES,YES,1,Female,Breast,Sentinel node biopsy alone,,,,Lumpectomy,E2,TUMOR FREE
TCGA-E2-A9RU,90,MX,N3a,Stage IIIC,7th,T2,,,0,17.67,0:DiseaseFree,,Allred Score 6,,Positive,70-79%,NOT HISPANIC OR LATINO,,6/16/14,,,1,,,Negative,,2,,,Infiltrating Ductal Carcinoma,,No,No,C50.9,8500/3,C50.9,Equivocal,,YES,2013,YES,12,,22,,Post (prior bilateral ovariectomy OR >12 mo since LMP with no prior hysterectomy),,,,Core needle biopsy,,YES,NO,,,,,,,,,,,,17.67,0:LIVING,6F18F96E-C0C9-4CC4-9FB2-CBA8949D5402,Negative,YES,Right Lower Outer Quadrant,,NO,,,,,Negative,,BLACK OR AFRICAN AMERICAN,YES,YES,1,Female,Breast,Axillary lymph node dissection alone,,,,Lumpectomy,E2,TUMOR FREE
TCGA-E9-A1N3,70,M0,N2,Stage IIIA,7th,T1c,,,0,34.79,0:DiseaseFree,,,,,,NOT HISPANIC OR LATINO,,5/26/11,,,,,,,,,,,Mixed Histology (please specify),Infiltrating ductal and lobular carcinoma,No,No,C50.9,8522/3,C50.9,,,YES,2010,YES,7,,7,,Post (prior bilateral ovariectomy OR >12 mo since LMP with no prior hysterectomy),,,NO,Tumor resection,,NO,,,,,,,,,,,,,34.79,0:LIVING,03c143e0-d8a1-4d60-a4a3-df0501fc6b6e,Negative,,Right Upper Inner Quadrant,,YES,,,,,,,WHITE,,NO,1,Female,Breast,Axillary lymph node dissection alone,,,,Modified Radical Mastectomy,E9,TUMOR FREE
TCGA-E9-A1N4,41,M0,N2,Stage IIIA,7th,T2,,,0,32.85,0:DiseaseFree,,,,Positive,,NOT HISPANIC OR LATINO,,5/26/11,,,,,,,,,,,Mixed Histology (please specify),Infiltrating ductal and lobular carcinoma,No,No,C50.9,8520/3,C50.9,Positive,,YES,2010,YES,4,0,7,,Pre (<6 months since LMP AND no prior bilateral ovariectomy AND not on estrogen replacement),,,NO,Tumor resection,,NO,,,,,,,,,,,,,32.85,0:LIVING,69a68fbc-e43d-4652-85ee-693211bded47,Negative,,Left Upper Inner Quadrant,,YES,,,,,Positive,,WHITE,,NO,1,Female,Breast,Axillary lymph node dissection alone,,,,,E9,TUMOR FREE
TCGA-E9-A1N5,45,M0,N1,Stage IIB,7th,T2,,,0,36.79,0:DiseaseFree,,,,Positive,,NOT HISPANIC OR LATINO,,6/23/11,,,,,,,,,,,Mixed Histology (please specify),Infiltrating ductal and lobular carcinoma,No,No,C50.9,8522/3,C50.9,Positive,,YES,2010,YES,2,0,11,,Post (prior bilateral ovariectomy OR >12 mo since LMP with no prior hysterectomy),,,NO,Tumor resection,,NO,,,,,,,,,,,,,36.79,0:LIVING,f954de05-1b44-4087-8933-6cc72d81028d,Negative,,Left Upper Outer Quadrant,,YES,,,,,Positive,,WHITE,,NO,1,Female,Breast,Axillary lymph node dissection alone,,,,,E9,TUMOR FREE
TCGA-E9-A1N6,52,M0,N1,Stage IIB,7th,T2,,,0,22.08,1:Recurred/Progressed,,,,Positive,,NOT HISPANIC OR LATINO,,6/23/11,,,,,,,,,,,Infiltrating Ductal Carcinoma,,No,No,C50.9,8500/3,C50.9,Positive,,YES,2010,YES,2,0,10,,Post (prior bilateral ovariectomy OR >12 mo since LMP with no prior hysterectomy),,,NO,Tumor resection,,NO,,,,,,,,,,,,,22.27,1:DECEASED,955d4263-61f7-42e8-8a6e-772a0d6c209d,Negative,,Left Upper Outer Quadrant,,YES,,,,,Positive,,WHITE,,NO,1,Female,Breast,Axillary lymph node dissection alone,,,,,E9,TUMOR FREE
TCGA-E9-A1N8,48,M0,N0,Stage IIA,7th,T2,,,0,34.13,0:DiseaseFree,,,,Negative,,NOT HISPANIC OR LATINO,,6/23/11,,,,,,,,,,,Infiltrating Ductal Carcinoma,,No,No,C50.9,8500/3,C50.9,Negative,,YES,2010,YES,0,0,8,,Post (prior bilateral ovariectomy OR >12 mo since LMP with no prior hysterectomy),,,NO,Tumor resection,,NO,,,,,,,,,,,,,34.13,0:LIVING,ac075bc0-1b59-4557-beea-541694faee03,Negative,,Right Upper Outer Quadrant,,YES,,,,,,,WHITE,,NO,1,Female,Breast,Axillary lymph node dissection alone,,,,,E9,TUMOR FREE
TCGA-E9-A1N9,58,M0,N0,Stage IIA,7th,T2,,,0,36.17,0:DiseaseFree,,,,Negative,,NOT HISPANIC OR LATINO,,6/23/11,,,,,,,,,,,Mixed Histology (please specify),Infiltrating ductal and lobular carcinoma,No,No,C50.9,8522/3,C50.9,Positive,,YES,2011,YES,0,0,8,,Post (prior bilateral ovariectomy OR >12 mo since LMP with no prior hysterectomy),,,NO,Tumor resection,,YES,,,,,,,,,,,,,36.17,0:LIVING,994ca1f5-ad10-44ec-aa21-71fc2940653b,Negative,,Right Lower Outer Quadrant,,YES,,,,,Positive,,WHITE,,NO,1,Female,Breast,Axillary lymph node dissection alone,,,,,E9,TUMOR FREE
TCGA-E9-A1NA,58,M0,N0,Stage IIA,7th,T2,,,0,36.53,0:DiseaseFree,,,,Positive,,NOT HISPANIC OR LATINO,,6/23/11,,,,,,,,,,,Mixed Histology (please specify),Infiltrating ductal and lobular carcinoma,No,No,C50.9,8522/3,C50.9,Positive,,YES,2011,YES,0,0,11,,Post (prior bilateral ovariectomy OR >12 mo since LMP with no prior hysterectomy),,,NO,Tumor resection,,YES,,,,,,,,,,,,,36.53,0:LIVING,af577366-0258-49e7-b6af-e70056c081a4,Negative,,Left Lower Outer Quadrant,,YES,,,,,Positive,,WHITE,,NO,1,Female,Breast,Axillary lymph node dissection alone,,,,,E9,TUMOR FREE
TCGA-E9-A1NC,61,M0,N1,Stage IIB,7th,T2,,,0,39.52,0:DiseaseFree,,,,Negative,,NOT HISPANIC OR LATINO,,6/23/11,,,,,,,,,,,Mixed Histology (please specify),Infiltrating ductal and lobular carcinoma,No,No,C50.9,8522/3,C50.9,Positive,,YES,2011,YES,1,0,9,,Post (prior bilateral ovariectomy OR >12 mo since LMP with no prior hysterectomy),,,NO,Tumor resection,,YES,,,,,,,,,,,,,39.52,0:LIVING,e74aea7c-ca14-49df-b5cf-dacb839ac27a,Negative,,Right Upper Inner Quadrant,,YES,,,,,Positive,,WHITE,,NO,1,Female,Breast,Axillary lymph node dissection alone,,,,,E9,TUMOR FREE
TCGA-E9-A1ND,75,M0,N1,Stage IIB,7th,T2,,,0,41.59,0:DiseaseFree,,,,Negative,,NOT HISPANIC OR LATINO,,6/23/11,,,,,,,,,,,Infiltrating Ductal Carcinoma,,No,No,C50.9,8500/3,C50.9,Positive,,YES,2011,YES,1,0,11,,Post (prior bilateral ovariectomy OR >12 mo since LMP with no prior hysterectomy),,,NO,Tumor resection,,YES,,,,,,,,,,,,,41.59,0:LIVING,f06f09f3-8133-4a92-ac86-fbe64295e0d8,Negative,,Left Upper Outer Quadrant,,YES,,,,,Negative,,WHITE,,NO,1,Female,Breast,Axillary lymph node dissection alone,,,,,E9,TUMOR FREE
TCGA-E9-A1NE,28,M0,N1,Stage IIB,7th,T2,,,0,35.74,0:DiseaseFree,,,,Positive,,NOT HISPANIC OR LATINO,,6/23/11,,,,,,,,,,,Infiltrating Ductal Carcinoma,,No,No,C50.9,8522/3,C50.9,Negative,,YES,2011,YES,1,0,2,,Pre (<6 months since LMP AND no prior bilateral ovariectomy AND not on estrogen replacement),,,NO,Tumor resection,,YES,,,,,,,,,,,,,35.74,0:LIVING,3d676bba-154b-4d22-ab59-d4d4da051b94,Negative,,Right Lower Outer Quadrant,,YES,,,,,Positive,,WHITE,,NO,1,Female,Breast,Axillary lymph node dissection alone,,,,,E9,TUMOR FREE
TCGA-E9-A1NF,60,M0,N0,Stage IIA,7th,T2,,,0,2.96,1:Recurred/Progressed,,,,Positive,,NOT HISPANIC OR LATINO,,6/23/11,,,,,,,,,,,Mixed Histology (please specify),Infiltrating ductal and lobular carcinoma,No,No,C50.9,8522/3,C50.9,Negative,,YES,2011,YES,0,0,9,,Post (prior bilateral ovariectomy OR >12 mo since LMP with no prior hysterectomy),,,NO,Tumor resection,,YES,,,,,,,,,,,,,35.22,1:DECEASED,a8b1f6e7-2bcf-460d-b1c6-1792a9801119,Negative,,Right Upper Outer Quadrant,,YES,,,,,Positive,,WHITE,,NO,1,Female,Breast,Axillary lymph node dissection alone,,,,,E9,TUMOR FREE
TCGA-E9-A1NG,62,M0,N0,Stage IIA,7th,T2,,,0,,,,,,Positive,,NOT HISPANIC OR LATINO,,6/23/11,,,,,,,,,,,Infiltrating Ductal Carcinoma,,No,No,C50.9,8500/3,C50.9,Negative,,YES,2011,YES,0,0,5,,Post (prior bilateral ovariectomy OR >12 mo since LMP with no prior hysterectomy),,,NO,Tumor resection,,YES,,,,,,,,,,,,,25.82,1:DECEASED,659b0170-e914-45ff-aa55-fcb8d3dc7b8a,Negative,,Right Upper Outer Quadrant,,YES,,,,,Positive,,WHITE,,NO,1,Female,Breast,Axillary lymph node dissection alone,,,,,E9,TUMOR FREE
TCGA-E9-A1NH,71,M0,N1,Stage IIB,7th,T2,,,0,18.92,0:DiseaseFree,,,,Positive,,NOT HISPANIC OR LATINO,,6/23/11,,,,,,,,,,,Infiltrating Ductal Carcinoma,,No,No,C50.9,8500/3,C50.9,Negative,,YES,2011,YES,3,0,5,,Post (prior bilateral ovariectomy OR >12 mo since LMP with no prior hysterectomy),,,NO,Tumor resection,,YES,,,,,,,,,,,,,18.92,0:LIVING,b2aac45b-2073-4c7a-adb9-769a4fdcc111,Negative,,Left Upper Inner Quadrant,,YES,,,,,Positive,,WHITE,,NO,1,Female,Breast,Axillary lymph node dissection alone,,,,Modified Radical Mastectomy,E9,TUMOR FREE
TCGA-E9-A1NI,51,M0,N0,Stage IIA,7th,T2,,,0,9.86,0:DiseaseFree,,,,Positive,,NOT HISPANIC OR LATINO,,6/23/11,,,,,,,,,,,Mixed Histology (please specify),Infiltrating ductal and lobular carcinoma,No,No,C50.9,8522/3,C50.9,Negative,,YES,2011,YES,0,0,4,,Post (prior bilateral ovariectomy OR >12 mo since LMP with no prior hysterectomy),,,NO,Tumor resection,,YES,,,,,,,,,,,,,9.86,0:LIVING,c65b835a-2d38-4250-a173-0780d2c2cf58,Negative,,Left Upper Outer Quadrant,,YES,,,,,Positive,,WHITE,,NO,1,Female,Breast,Axillary lymph node dissection alone,,,,,E9,TUMOR FREE
TCGA-E9-A1QZ,61,M0,N0,Stage IIA,7th,T2,,,0,24.8,0:DiseaseFree,,,,,,NOT HISPANIC OR LATINO,,7/28/11,,,,,,,,,,,Infiltrating Ductal Carcinoma,,No,No,C50.9,8500/3,C50.9,,,YES,2011,YES,0,,19,,Post (prior bilateral ovariectomy OR >12 mo since LMP with no prior hysterectomy),,,NO,Tumor resection,,,,,,,,,,,,,,,24.8,0:LIVING,b6b932ce-6856-4d94-9e6c-16dfbe51906f,Negative,,Left Lower Inner Quadrant,,YES,,,,,,,WHITE,,NO,1,Female,Breast,Axillary lymph node dissection alone,,,,,E9,TUMOR FREE
TCGA-E9-A1R0,58,M0,N1,Stage IIA,7th,T1c,,,0,28.25,0:DiseaseFree,,,,,,NOT HISPANIC OR LATINO,,7/28/11,,,,,,,,,,,Infiltrating Ductal Carcinoma,,No,No,C50.9,8500/3,C50.9,,,YES,2011,YES,1,,12,,Post (prior bilateral ovariectomy OR >12 mo since LMP with no prior hysterectomy),,,NO,Tumor resection,,,,,,,,,,,,,,,28.25,0:LIVING,f2da1d3f-f226-4c99-a97e-9b26f67d7a5d,,,Left Upper Outer Quadrant,,YES,,,,,,,WHITE,,NO,1,Female,Breast,Axillary lymph node dissection alone,,,,,E9,TUMOR FREE
TCGA-E9-A1R2,51,MX,N3,Stage IIIC,7th,T2,,74,0,34.92,0:DiseaseFree,,Two-tier,,Positive,90-99%,NOT HISPANIC OR LATINO,,7/28/11,,,,114,,Negative,90-99%,,,,Infiltrating Ductal Carcinoma,,No,No,C50.9,8500/3,C50.9,Equivocal,4,YES,2011,YES,17,,19,,Post (prior bilateral ovariectomy OR >12 mo since LMP with no prior hysterectomy),,,NO,Core needle biopsy,,NO,,,,,,,,,,,,,34.92,0:LIVING,8631969d-4ac6-4fe1-9db3-d47db604494a,Positive,,Left Upper Outer Quadrant,,YES,,,Two-tier,,Negative,,WHITE,,NO,1,Female,Breast,Axillary lymph node dissection alone,,,,Lumpectomy,E9,TUMOR FREE
TCGA-E9-A1R3,70,M0,N3,Stage IIIC,7th,T2,,,0,2.56,0:DiseaseFree,,,,,,NOT HISPANIC OR LATINO,,7/28/11,,,,,,,,,,,Infiltrating Ductal Carcinoma,,No,No,C50.9,8500/3,C50.9,,,YES,2010,YES,10,,10,,Post (prior bilateral ovariectomy OR >12 mo since LMP with no prior hysterectomy),,,NO,Core needle biopsy,,NO,,,,,,,,,,,,,2.56,0:LIVING,4922cddc-575c-4b8a-8245-ce5f6876760c,Negative,,Right Upper Outer Quadrant,,YES,,,,,,,WHITE,,NO,1,Female,Breast,Axillary lymph node dissection alone,,,,Modified Radical Mastectomy,E9,TUMOR FREE
TCGA-E9-A1R4,66,M0,N0,Stage IA,7th,T1c,,,0,6.11,0:DiseaseFree,,,,,,NOT HISPANIC OR LATINO,,7/28/11,,,,,,,,,,,Infiltrating Ductal Carcinoma,,No,No,C50.9,8500/3,C50.9,,,YES,2011,YES,0,,10,,Post (prior bilateral ovariectomy OR >12 mo since LMP with no prior hysterectomy),,,NO,"Other method, specify:",Lumpectomy,NO,,,,,,,,,,,,,6.11,0:LIVING,b7a4df9a-4e25-4550-9c10-338ca1921c2f,Negative,,Left Upper Outer Quadrant,,YES,,,,,,,WHITE,,NO,1,Female,Breast,Axillary lymph node dissection alone,,,,,E9,TUMOR FREE
TCGA-E9-A1R5,63,M0,N0,Stage IA,7th,T1c,,,0,3.02,0:DiseaseFree,,,,,,NOT HISPANIC OR LATINO,,7/28/11,,,,,,,,,,,Infiltrating Ductal Carcinoma,,No,No,C50.9,8500/3,C50.9,,,YES,2011,YES,0,,10,,Post (prior bilateral ovariectomy OR >12 mo since LMP with no prior hysterectomy),,,NO,Cytology (e.g. Peritoneal or pleural fluid),,NO,,,,,,,,,,,,,3.02,0:LIVING,23c21dea-3713-408f-ba56-f7c586e9f206,Negative,,Right Upper Outer Quadrant,,YES,,,,,,,WHITE,,NO,1,Female,Breast,Axillary lymph node dissection alone,,,,Lumpectomy,E9,TUMOR FREE
TCGA-E9-A1R6,63,M0,N0,Stage IIA,7th,T2,,,0,11.14,0:DiseaseFree,,,,,,NOT HISPANIC OR LATINO,,7/28/11,,,,,,,,,,,Infiltrating Ductal Carcinoma,,No,No,C50.9,8500/3,C50.9,,,YES,2010,YES,0,,10,,Post (prior bilateral ovariectomy OR >12 mo since LMP with no prior hysterectomy),,,NO,Cytology (e.g. Peritoneal or pleural fluid),,NO,,,,,,,,,,,,,11.14,0:LIVING,4842bac3-abaa-4900-871f-f2c3ba6457f5,Negative,,Right Upper Outer Quadrant,,YES,,,,,,,WHITE,,NO,1,Female,Breast,Axillary lymph node dissection alone,,,,Lumpectomy,E9,TUMOR FREE
TCGA-E9-A1R7,64,M0,N0,Stage IIA,7th,T2,,,0,48.19,0:DiseaseFree,,,,,,NOT HISPANIC OR LATINO,,7/28/11,,,,,,,,,,,Infiltrating Ductal Carcinoma,,No,No,C50.9,8500/3,C50.9,,,YES,2011,YES,0,,10,,Post (prior bilateral ovariectomy OR >12 mo since LMP with no prior hysterectomy),,,NO,Cytology (e.g. Peritoneal or pleural fluid),,NO,,,,,,,,,,,,,48.19,0:LIVING,2680da86-c977-4611-b75f-df015283c023,Negative,,Right Upper Outer Quadrant,,YES,,,,,,,WHITE,,NO,1,Female,Breast,Axillary lymph node dissection alone,,,,Lumpectomy,E9,TUMOR FREE
TCGA-E9-A1RA,48,M0,N0,Stage IA,7th,T1c,,,0,44.97,0:DiseaseFree,,,,,,NOT HISPANIC OR LATINO,,7/28/11,,,,,,,,,,,Infiltrating Ductal Carcinoma,,No,No,C50.9,8500/3,C50.9,,,YES,2011,YES,0,,10,,Pre (<6 months since LMP AND no prior bilateral ovariectomy AND not on estrogen replacement),,,NO,"Other method, specify:",Lumpectomy,NO,,,,,,,,,,,,,44.97,0:LIVING,4b4e4ea8-6eb9-49ad-b880-c5065fe6517f,Negative,,Left Upper Outer Quadrant,,YES,,,,,,,WHITE,,NO,1,Female,Breast,Axillary lymph node dissection alone,,,,,E9,TUMOR FREE
TCGA-E9-A1RB,40,M0,N0,Stage IIA,7th,T2,,,0,,,,,,,,NOT HISPANIC OR LATINO,,7/28/11,,,,,,,,,,,Infiltrating Ductal Carcinoma,,No,No,C50.9,8500/3,C50.9,,,YES,2011,YES,0,0,10,,Pre (<6 months since LMP AND no prior bilateral ovariectomy AND not on estrogen replacement),,,NO,Cytology (e.g. Peritoneal or pleural fluid),,NO,,,,,,,,,,,,,32.06,1:DECEASED,94b95984-b2fb-4e42-8887-45e7086c3179,Negative,,Left Upper Inner Quadrant,,YES,,,,,,,WHITE,,NO,1,Female,Breast,Axillary lymph node dissection alone,,,,Modified Radical Mastectomy,E9,TUMOR FREE
TCGA-E9-A1RC,56,M0,N3,Stage IIIC,7th,T4b,,,0,40.21,0:DiseaseFree,,,,,,NOT HISPANIC OR LATINO,,7/28/11,,,,,,,,,,,Mixed Histology (please specify),Infiltrating ductal and lobular carcinoma,No,No,C50.9,8522/3,C50.9,,,YES,2007,YES,10,0,10,,Post (prior bilateral ovariectomy OR >12 mo since LMP with no prior hysterectomy),,,NO,Cytology (e.g. Peritoneal or pleural fluid),,NO,,,,,,,,,,,,,40.21,0:LIVING,5cdae21d-eee5-478f-932a-0f51fcf5f031,Negative,,Right Upper Outer Quadrant,,YES,,,,,,,WHITE,,NO,1,Female,Breast,Axillary lymph node dissection alone,,,,Modified Radical Mastectomy,E9,TUMOR FREE
TCGA-E9-A1RD,67,M0,N0,Stage IIA,7th,T2,,,0,1.12,0:DiseaseFree,,,,,,NOT HISPANIC OR LATINO,,7/28/11,,,,,,,,,,,Infiltrating Ductal Carcinoma,,No,No,C50.9,8500/3,C50.9,,,YES,2011,YES,0,,10,,Post (prior bilateral ovariectomy OR >12 mo since LMP with no prior hysterectomy),,,NO,Cytology (e.g. Peritoneal or pleural fluid),,NO,,,,,,,,,,,,,1.12,0:LIVING,5fe3c51f-65e2-4da6-8924-a6fae17c022d,Negative,,Right Lower Inner Quadrant,,YES,,,,,,,WHITE,,NO,1,Female,Breast,Axillary lymph node dissection alone,,,,Modified Radical Mastectomy,E9,TUMOR FREE
TCGA-E9-A1RE,74,M0,N2,Stage IIIA,7th,T2,,,0,46.62,0:DiseaseFree,,,,,,NOT HISPANIC OR LATINO,,7/28/11,,,,,,,,,,,Infiltrating Ductal Carcinoma,,No,No,C50.9,8500/3,C50.9,,,YES,2011,YES,9,,10,,Post (prior bilateral ovariectomy OR >12 mo since LMP with no prior hysterectomy),,,NO,Cytology (e.g. Peritoneal or pleural fluid),,NO,,,,,,,,,,,,,46.62,0:LIVING,24046547-d038-4616-b190-52ac93f4965f,Negative,,Left Upper Outer Quadrant,,YES,,,,,,,WHITE,,NO,1,Female,Breast,Axillary lymph node dissection alone,,,,Modified Radical Mastectomy,E9,TUMOR FREE
TCGA-E9-A1RF,68,M0,N2,Stage IIIA,7th,T2,,,0,6.57,0:DiseaseFree,,,,,,NOT HISPANIC OR LATINO,,8/2/11,,,,,,,,,,,Infiltrating Ductal Carcinoma,,No,No,C50.9,8500/3,C50.9,,,YES,2011,YES,5,,10,,Post (prior bilateral ovariectomy OR >12 mo since LMP with no prior hysterectomy),,,NO,Cytology (e.g. Peritoneal or pleural fluid),,NO,,,,,,,,,,,,,6.57,0:LIVING,c694615c-b1c6-499c-8058-995633ebf948,Negative,,Left Upper Outer Quadrant,,YES,,,,,,,WHITE,,NO,1,Female,Breast,Axillary lymph node dissection alone,,,,Modified Radical Mastectomy,E9,TUMOR FREE
TCGA-E9-A1RG,62,M0,N2,Stage IIIA,7th,T1c,,,0,21.25,0:DiseaseFree,,,,,,NOT HISPANIC OR LATINO,,8/2/11,,,,,,,,,,,Infiltrating Ductal Carcinoma,,No,No,C50.9,8500/3,C50.9,,,YES,2011,YES,4,,10,,Post (prior bilateral ovariectomy OR >12 mo since LMP with no prior hysterectomy),,,NO,Cytology (e.g. Peritoneal or pleural fluid),,NO,,,,,,,,,,,,,21.25,0:LIVING,8744733a-7b46-43aa-bdef-64876816adbb,Negative,,Right Upper Outer Quadrant,,YES,,,,,,,WHITE,,NO,1,Female,Breast,Axillary lymph node dissection alone,,,,Lumpectomy,E9,TUMOR FREE
TCGA-E9-A1RH,63,M0,N0,Stage IIA,7th,T2,,,0,46.55,0:DiseaseFree,,,,,,NOT HISPANIC OR LATINO,,8/2/11,,,,,,,,,,,Infiltrating Ductal Carcinoma,,No,No,C50.9,8500/3,C50.9,,,YES,2011,YES,0,,10,,Post (prior bilateral ovariectomy OR >12 mo since LMP with no prior hysterectomy),,,NO,Cytology (e.g. Peritoneal or pleural fluid),,NO,,,,,,,,,,,,,46.55,0:LIVING,408cb583-6dc3-4698-8bd2-e284042bd5ef,Negative,,Right Lower Outer Quadrant,,YES,,,,,,,WHITE,,NO,1,Female,Breast,Axillary lymph node dissection alone,,,,Lumpectomy,E9,TUMOR FREE
TCGA-E9-A1RI,43,M0,N2,Stage IIIA,7th,T1c,,,0,47.6,0:DiseaseFree,,,,,,NOT HISPANIC OR LATINO,,7/28/11,,,,,,,,,,,Mixed Histology (please specify),Infiltrating ductal and lobular carcinoma,No,No,C50.9,8522/3,C50.9,,,YES,2011,YES,5,,10,,Pre (<6 months since LMP AND no prior bilateral ovariectomy AND not on estrogen replacement),,,NO,Cytology (e.g. Peritoneal or pleural fluid),,NO,,,,,,,,,,,,,47.6,0:LIVING,dd3bfb26-b534-4917-9c4d-9fe7b6477762,Negative,,Left Upper Outer Quadrant,,YES,,,,,,,WHITE,,NO,1,Female,Breast,Axillary lymph node dissection alone,,,,Modified Radical Mastectomy,E9,TUMOR FREE
TCGA-E9-A226,45,M0,N2,Stage IIIA,7th,T2,,,0,25.95,1:Recurred/Progressed,,,,,,NOT HISPANIC OR LATINO,,8/3/11,,,,,,,,,,,Infiltrating Ductal Carcinoma,,No,No,C50.9,8500/3,C50.9,,,YES,2011,YES,6,,10,,Pre (<6 months since LMP AND no prior bilateral ovariectomy AND not on estrogen replacement),,,NO,Cytology (e.g. Peritoneal or pleural fluid),,NO,,,,,,,,,,,,,34.43,1:DECEASED,dd67408e-46ba-4573-9415-d4814e9f84de,Negative,,Left Lower Inner Quadrant,,YES,,,,,,,WHITE,,NO,1,Female,Breast,Axillary lymph node dissection alone,,,,Modified Radical Mastectomy,E9,TUMOR FREE
TCGA-E9-A227,42,M0,N1,Stage IIB,7th,T2,,,0,32.03,0:DiseaseFree,,Two-tier,,Positive,90-99%,NOT HISPANIC OR LATINO,,7/28/11,,,,,,,,,,,Infiltrating Ductal Carcinoma,,No,No,C50.9,8500/3,C50.9,Negative,4,YES,2011,YES,1,,17,Negative,Pre (<6 months since LMP AND no prior bilateral ovariectomy AND not on estrogen replacement),,,NO,Core needle biopsy,,NO,,,,,,,,,,,,,32.03,0:LIVING,89a8da07-4487-47c6-8d3c-442a87e4f632,Positive,,Left Upper Outer Quadrant,,YES,,4+,Two-tier,,Positive,80-89%,WHITE,,NO,1,Female,Breast,Sentinel lymph node biopsy plus axillary dissection,,Other,Re-excision of original lumpectomy site,Lumpectomy,E9,WITH TUMOR
TCGA-E9-A228,58,M0,N1,Stage IIB,7th,T2,,,0,42.21,0:DiseaseFree,,,,,,NOT HISPANIC OR LATINO,,8/2/11,,,,,,,,,,,Infiltrating Ductal Carcinoma,,No,No,C50.9,8500/3,C50.9,,,YES,2011,YES,2,,12,,Post (prior bilateral ovariectomy OR >12 mo since LMP with no prior hysterectomy),,,NO,Tumor resection,,,,,,,,,,,,,,,42.21,0:LIVING,b95eef8a-205f-4cf8-9d3c-ae51d406e1e0,Negative,,Right Lower Inner Quadrant,,YES,,,,,,,WHITE,,NO,1,Female,Breast,Axillary lymph node dissection alone,,,,,E9,TUMOR FREE
TCGA-E9-A229,37,M0,N0,Stage IA,7th,T1c,,,0,37.71,0:DiseaseFree,,,,,,NOT HISPANIC OR LATINO,,8/2/11,,,,,,,,,,,Infiltrating Ductal Carcinoma,,No,No,C50.9,8500/3,C50.9,,,YES,2011,YES,0,,14,,Pre (<6 months since LMP AND no prior bilateral ovariectomy AND not on estrogen replacement),,,NO,Tumor resection,,,,,,,,,,,,,,,37.71,0:LIVING,cea9d8f9-e18c-4947-a461-5f712e3c1e6d,Negative,,Right Lower Inner Quadrant,,YES,,,,,,,WHITE,,NO,1,Female,Breast,Axillary lymph node dissection alone,,,,,E9,TUMOR FREE
TCGA-E9-A22A,74,M0,N0,Stage IIA,7th,T2,,,0,39.06,0:DiseaseFree,,,,Positive,10-19%,NOT HISPANIC OR LATINO,,8/2/11,,,,,,,,,,,Infiltrating Ductal Carcinoma,,No,No,C50.9,8500/3,C50.9,Negative,,YES,2011,YES,0,0,2,,Post (prior bilateral ovariectomy OR >12 mo since LMP with no prior hysterectomy),,,NO,Tumor resection,,YES,,,,,,,,,,,,,39.06,0:LIVING,4aacbc42-5ac5-4339-b9fa-c6e812084837,Negative,,Right Lower Outer Quadrant,,YES,,,,,Negative,,WHITE,,NO,1,Female,Breast,Axillary lymph node dissection alone,,,,,E9,TUMOR FREE
TCGA-E9-A22B,71,M0,N0,Stage IA,7th,T1c,,,0,38.34,0:DiseaseFree,,,,Positive,10-19%,NOT HISPANIC OR LATINO,,8/2/11,,,,,,,,,,,Mixed Histology (please specify),Infiltrating ductal and lobular carcinoma,No,No,C50.9,8522/3,C50.9,Negative,,YES,2011,YES,0,0,4,,Post (prior bilateral ovariectomy OR >12 mo since LMP with no prior hysterectomy),,,NO,Tumor resection,,YES,,,,,,,,,,,,,38.34,0:LIVING,b956df1b-bc77-4bdb-a5bd-5dda7b4c8da7,Negative,,Right Upper Outer Quadrant,,YES,,,,,Negative,,WHITE,,NO,1,Female,Breast,Axillary lymph node dissection alone,,,,,E9,TUMOR FREE
TCGA-E9-A22D,38,M0,N0,Stage IIA,7th,T2,,,0,41,0:DiseaseFree,,,,Positive,10-19%,NOT HISPANIC OR LATINO,,8/2/11,,,,,,,<10%,,,,Infiltrating Ductal Carcinoma,,No,No,C50.9,8500/3,C50.9,Positive,,YES,2011,YES,0,0,10,,Pre (<6 months since LMP AND no prior bilateral ovariectomy AND not on estrogen replacement),,,,Tumor resection,,YES,,,,,,,,,,,,,41,0:LIVING,cf0a3f38-5850-44e1-8574-808bd37d84a3,Negative,,Right Upper Outer Quadrant,,YES,,,,,Positive,<10%,WHITE,,NO,1,Female,Breast,Axillary lymph node dissection alone,,,,Modified Radical Mastectomy,E9,TUMOR FREE
TCGA-E9-A22E,56,M0,N2,Stage IIIA,7th,T2,,,0,41.69,0:DiseaseFree,,,,Positive,10-19%,NOT HISPANIC OR LATINO,,8/2/11,,,,,,,<10%,,,,Infiltrating Ductal Carcinoma,,No,No,C50.9,8500/3,C50.9,Positive,,YES,2011,YES,4,0,10,,Post (prior bilateral ovariectomy OR >12 mo since LMP with no prior hysterectomy),,,NO,Tumor resection,,YES,,,,,,,,,,,,,41.69,0:LIVING,64d4dfae-8d91-464b-adc3-80ba7caf54ae,Negative,,Right Upper Inner Quadrant,,YES,,,,,Positive,<10%,WHITE,,NO,1,Female,Breast,Axillary lymph node dissection alone,,,,,E9,TUMOR FREE
TCGA-E9-A22G,47,M0,N0,Stage IIA,7th,T2,,,0,40.7,0:DiseaseFree,,,,Negative,,NOT HISPANIC OR LATINO,,8/2/11,,,,,,,<10%,,,,Infiltrating Ductal Carcinoma,,No,No,C50.9,8500/3,C50.9,Positive,,YES,2011,YES,0,0,6,,Post (prior bilateral ovariectomy OR >12 mo since LMP with no prior hysterectomy),,,NO,Tumor resection,,YES,,,,,,,,,,,,,40.7,0:LIVING,56033839-35d5-4d72-8b8c-400cb345263d,Negative,,Left Upper Outer Quadrant,,YES,,,,,Negative,,WHITE,,NO,1,Female,Breast,Axillary lymph node dissection alone,,,,,E9,TUMOR FREE
TCGA-E9-A22H,42,M0,N1,Stage IIB,7th,T2,,,0,40.47,0:DiseaseFree,,,,Positive,<10%,NOT HISPANIC OR LATINO,,8/2/11,,,,,,,<10%,,,,Infiltrating Ductal Carcinoma,,No,No,C50.9,8500/3,C50.9,Positive,,YES,2011,YES,1,0,8,,Pre (<6 months since LMP AND no prior bilateral ovariectomy AND not on estrogen replacement),,,NO,Tumor resection,,YES,,,,,,,,,,,,,40.47,0:LIVING,161917b8-88ad-407b-ade6-d6b98478b359,Negative,,Left Upper Outer Quadrant,,YES,,,,,Positive,10-19%,WHITE,,NO,1,Female,Breast,Axillary lymph node dissection alone,,,,Modified Radical Mastectomy,E9,TUMOR FREE
TCGA-E9-A243,52,M0,N0 (i-),Stage IIA,7th,T2,,,0,10.02,1:Recurred/Progressed,,,,,,NOT HISPANIC OR LATINO,,8/17/11,,,,,,,,,,,Infiltrating Ductal Carcinoma,,No,No,C50.9,8500/3,C50.9,,,YES,2011,YES,0,,10,,Peri (6-12 months since last menstrual period),,,NO,Cytology (e.g. Peritoneal or pleural fluid),,NO,,,,,,,,,,,,,20.11,0:LIVING,d4a1ecdc-399c-4f82-aa7a-68a0c82ded3f,Negative,,Right Upper Inner Quadrant,,YES,,,,,,,WHITE,,NO,1,Female,Breast,Axillary lymph node dissection alone,,,,Lumpectomy,E9,TUMOR FREE
TCGA-E9-A244,54,M0,N0 (i-),Stage IIA,7th,T2,,,0,0.69,0:DiseaseFree,,,,,,NOT HISPANIC OR LATINO,,3/15/11,,,,,,,,,,,Infiltrating Ductal Carcinoma,,No,No,C50.9,8500/3,C50.9,,,YES,2011,YES,0,,10,,Post (prior bilateral ovariectomy OR >12 mo since LMP with no prior hysterectomy),,,NO,Cytology (e.g. Peritoneal or pleural fluid),,NO,,,,,,,,,,,,,0.69,0:LIVING,a4c59287-1ad5-46a5-8040-e591e6ce064f,Negative,,Left Upper Outer Quadrant,,YES,,,,,,,WHITE,,NO,1,Female,Breast,Axillary lymph node dissection alone,,,,Lumpectomy,E9,TUMOR FREE
TCGA-E9-A245,47,M0,N1,Stage IIB,7th,T2,,,0,,,,,,,,NOT HISPANIC OR LATINO,,3/16/11,,,,,,,,,,,Infiltrating Ductal Carcinoma,,No,No,C50.9,8500/3,C50.9,,,YES,2011,YES,3,,10,,Pre (<6 months since LMP AND no prior bilateral ovariectomy AND not on estrogen replacement),,,NO,Cytology (e.g. Peritoneal or pleural fluid),,NO,,,,,,,,,,,,,,1:DECEASED,8218119a-f68b-4ea7-9ee4-5e2edc2ae342,Negative,,Left Upper Outer Quadrant,,YES,,,,,,,WHITE,,NO,1,Female,Breast,Axillary lymph node dissection alone,,,,Lumpectomy,E9,TUMOR FREE
TCGA-E9-A247,59,M0,N0 (i-),Stage IA,7th,T1c,,,0,38.96,0:DiseaseFree,,,,,,NOT HISPANIC OR LATINO,,8/18/11,,,,,,,,,,,Infiltrating Ductal Carcinoma,,No,No,C50.9,8500/3,C50.9,,,YES,2011,YES,0,,10,,Post (prior bilateral ovariectomy OR >12 mo since LMP with no prior hysterectomy),,,NO,"Other method, specify:",Lumpectomy,,,,,,,,,,,,,,38.96,0:LIVING,636b0a90-c8c2-4ad6-a77d-6cd428a826d1,Negative,,Left Upper Inner Quadrant,,YES,,,,,,,WHITE,,NO,1,Female,Breast,Axillary lymph node dissection alone,,,,,E9,TUMOR FREE
TCGA-E9-A248,51,M0,N0 (i-),Stage IIA,7th,T2,,,0,1.94,0:DiseaseFree,,,,,,NOT HISPANIC OR LATINO,,3/22/11,,,,,,,,,,,Infiltrating Ductal Carcinoma,,No,No,C50.9,8500/3,C50.9,,,YES,2011,YES,0,,10,,Peri (6-12 months since last menstrual period),,,NO,Cytology (e.g. Peritoneal or pleural fluid),,NO,,,,,,,,,,,,,1.94,0:LIVING,539bbbed-43fb-4fef-9c67-6406f58b186a,Negative,,Right Upper Outer Quadrant,,YES,,,,,,,WHITE,,NO,1,Female,Breast,Axillary lymph node dissection alone,,,,Lumpectomy,E9,TUMOR FREE
TCGA-E9-A249,45,M0,N0 (i-),Stage IIA,7th,T2,,,0,7.13,0:DiseaseFree,,,,,,NOT HISPANIC OR LATINO,,3/22/11,,,,,,,,,,,Infiltrating Ductal Carcinoma,,No,No,C50.9,8500/3,C50.9,,,YES,2011,YES,0,,10,,Pre (<6 months since LMP AND no prior bilateral ovariectomy AND not on estrogen replacement),,,NO,Cytology (e.g. Peritoneal or pleural fluid),,NO,,,,,,,,,,,,,7.13,0:LIVING,fb3607eb-858e-4ecd-8477-95140658c6d2,Negative,,Left Upper Outer Quadrant,,YES,,,,,,,WHITE,,NO,1,Female,Breast,Axillary lymph node dissection alone,,,,Lumpectomy,E9,TUMOR FREE
TCGA-E9-A24A,69,M0,N1,Stage IIA,7th,T1c,,,0,24.54,0:DiseaseFree,,,,,,NOT HISPANIC OR LATINO,,3/22/11,,,,,,,,,,,Infiltrating Ductal Carcinoma,,No,No,C50.9,8500/3,C50.9,,,YES,2011,YES,1,,10,,Post (prior bilateral ovariectomy OR >12 mo since LMP with no prior hysterectomy),,,NO,"Other method, specify:",Lumpectomy,NO,,,,,,,,,,,,,24.54,0:LIVING,9f3cc92b-fa22-478e-a2e4-6b4c8afb93d6,Negative,,Right Upper Outer Quadrant,,YES,,,,,,,WHITE,,NO,1,Female,Breast,Axillary lymph node dissection alone,,,,,E9,TUMOR FREE
TCGA-E9-A295,71,M0,N0 (i-),Stage IIA,7th,T2,,,0,12.32,0:DiseaseFree,,7,,Positive,80-89%,NOT HISPANIC OR LATINO,,9/12/11,,,,,,,,1,,,Infiltrating Lobular Carcinoma,,No,No,C50.9,8520/3,C50.9,Positive,,YES,2011,YES,0,0,7,,Post (prior bilateral ovariectomy OR >12 mo since LMP with no prior hysterectomy),,,,Tumor resection,,YES,,,,,,,,,,,,,12.32,0:LIVING,fec0da58-1047-44d2-b6d1-c18cceed43dc,Negative,,Right Lower Outer Quadrant,,YES,,,7,,Positive,80-89%,WHITE,,NO,1,Female,Breast,Axillary lymph node dissection alone,,,,Modified Radical Mastectomy,E9,TUMOR FREE
TCGA-E9-A2JS,72,M0,N1,Stage IIB,7th,T2,,,0,17.21,1:Recurred/Progressed,,,,,,NOT HISPANIC OR LATINO,,12/20/11,,,,,,,,,,,Infiltrating Lobular Carcinoma,,No,No,C50.9,8520/3,C50.9,,,YES,2011,YES,1,,10,,Post (prior bilateral ovariectomy OR >12 mo since LMP with no prior hysterectomy),,,,Cytology (e.g. Peritoneal or pleural fluid),,NO,,,,,,,,,,,,,29.7,1:DECEASED,4A831893-F4CA-4357-A756-B5E954E35DD7,Negative,,Left Upper Outer Quadrant,,YES,,,,,,,WHITE,,NO,1,Female,Breast,Axillary lymph node dissection alone,,,,Lumpectomy,E9,TUMOR FREE
TCGA-E9-A2JT,63,M0,N0 (i-),Stage IIA,7th,T2,,,0,9.46,0:DiseaseFree,,,,,,NOT HISPANIC OR LATINO,,12/20/11,,,,,,,,,,,Infiltrating Lobular Carcinoma,,No,No,C50.9,8520/3,C50.9,,,YES,2011,YES,0,,10,,Post (prior bilateral ovariectomy OR >12 mo since LMP with no prior hysterectomy),,,,Cytology (e.g. Peritoneal or pleural fluid),,NO,,,,,,,,,,,,,9.46,0:LIVING,B35FBE19-0E6D-427E-B9BE-EE3527B5FCA6,Negative,,Left Upper Outer Quadrant,,YES,,,,,,,WHITE,,NO,1,Female,Breast,Axillary lymph node dissection alone,,,,Lumpectomy,E9,TUMOR FREE
TCGA-E9-A3HO,,,N0 (i-),Stage IIA,7th,T2,,,0,38.04,0:DiseaseFree,,,,,,NOT HISPANIC OR LATINO,,2/20/12,,,,,,,,,,,Infiltrating Lobular Carcinoma,,No,No,C50.9,8520/3,C50.9,,,YES,2011,YES,0,,10,,Pre (<6 months since LMP AND no prior bilateral ovariectomy AND not on estrogen replacement),,,NO,Cytology (e.g. Peritoneal or pleural fluid),,NO,,,,,,,,,,,,,38.04,0:LIVING,807B62ED-D3F7-4211-83BE-754386FF2C96,Negative,,Left Upper Outer Quadrant,,YES,,,,,,,WHITE,,NO,1,Female,Breast,Axillary lymph node dissection alone,,,,Modified Radical Mastectomy,E9,TUMOR FREE
TCGA-E9-A3Q9,78,M0,N3,Stage IIIC,7th,T3,,,0,32.88,0:DiseaseFree,,8,,Positive,40-49%,NOT HISPANIC OR LATINO,,4/30/12,,,,,,,<10%,,,,Infiltrating Lobular Carcinoma,,No,No,C50.9,8520/3,C50.9,Indeterminate,,YES,2011,YES,22,0,22,,Post (prior bilateral ovariectomy OR >12 mo since LMP with no prior hysterectomy),,,NO,Tumor resection,,YES,,,,,,,,,,,,,32.88,0:LIVING,E36E985D-2C44-4E14-854A-7DBCA4BB0304,Negative,,Right Lower Inner Quadrant,,YES,,,8,,Positive,40-49%,WHITE,,NO,1,Female,Breast,Axillary lymph node dissection alone,,,,,E9,TUMOR FREE
TCGA-E9-A3QA,33,M0,N0 (i-),Stage IIA,7th,T2,,,0,30.16,0:DiseaseFree,,,,,,NOT HISPANIC OR LATINO,,4/30/12,,,,,,,,,,,Medullary Carcinoma,,No,No,C50.9,8510/3,C50.9,,,YES,2011,YES,0,,14,,Pre (<6 months since LMP AND no prior bilateral ovariectomy AND not on estrogen replacement),,,NO,Tumor resection,,,,,,,,,,,,,,,30.16,0:LIVING,F3CB557D-23E4-4FD1-81CA-DB1A3F56D56E,Negative,,Left Lower Inner Quadrant,,YES,,,,,,,WHITE,,NO,1,Female,Breast,Axillary lymph node dissection alone,,,,,E9,TUMOR FREE
TCGA-E9-A3X8,48,M0,N1,Stage IIB,7th,T2,,,0,30.42,0:DiseaseFree,,8,,Positive,20-29%,NOT HISPANIC OR LATINO,,8/24/12,,,,,,,<10%,,,,Infiltrating Lobular Carcinoma,,No,No,C50.9,8520/3,C50.9,Positive,,YES,2011,YES,4,0,8,,Post (prior bilateral ovariectomy OR >12 mo since LMP with no prior hysterectomy),,,NO,Tumor resection,,YES,,,,,,,,,,,,,30.42,0:LIVING,95873E61-AFDB-496C-9F77-3F9BEB008CDA,Negative,,Left Upper Outer Quadrant,,YES,,,8,,Positive,20-29%,WHITE,,NO,1,Female,Breast,Axillary lymph node dissection alone,,,,Modified Radical Mastectomy,E9,TUMOR FREE
TCGA-E9-A54X,85,M0,N0 (i-),Stage IA,7th,T1b,,,0,23.88,0:DiseaseFree,,,,Positive,90-99%,NOT HISPANIC OR LATINO,,6/21/13,,,,,,,,,,,Mucinous Carcinoma,,No,No,C50.9,8480/3,C50.9,Negative,3,YES,2012,YES,0,,2,,Post (prior bilateral ovariectomy OR >12 mo since LMP with no prior hysterectomy),,,,Core needle biopsy,,NO,,,,,,,,,,,,,23.88,0:LIVING,3DBC8D60-3A97-47B2-91D0-C18FB46B4365,Negative,,Left|Left Upper Outer Quadrant,,YES,,3+,,,Positive,90-99%,WHITE,,NO,1,Female,Breast,Axillary lymph node dissection alone,,,,Lumpectomy,E9,TUMOR FREE
TCGA-E9-A54Y,63,M0,N2,Stage IIIA,7th,T2,,,0,23.82,0:DiseaseFree,,,,Positive,90-99%,NOT HISPANIC OR LATINO,,6/21/13,,,,,,,,1,,,Infiltrating Lobular Carcinoma,,No,No,C50.9,8520/3,C50.9,Negative,3,YES,2012,YES,8,,10,,Post (prior bilateral ovariectomy OR >12 mo since LMP with no prior hysterectomy),,,,Fine needle aspiration biopsy,,NO,,,,,,,,,,,,,23.82,0:LIVING,182C4BDF-2C58-4303-B034-459DA86B9D90,Negative,,Right,,YES,,3+,,,Positive,50-59%,WHITE,,NO,1,Female,Breast,Axillary lymph node dissection alone,,,,Modified Radical Mastectomy,E9,TUMOR FREE
TCGA-E9-A5FK,60,M0,N3,Stage IIIC,7th,T2,,,0,26.68,0:DiseaseFree,,,3 Point Scale,Positive,80-89%,NOT HISPANIC OR LATINO,,5/22/13,,,,,,,,,,,Infiltrating Lobular Carcinoma,,No,No,C50.9,8520/3,C50.9,Negative,3,YES,2012,YES,10,,10,,Post (prior bilateral ovariectomy OR >12 mo since LMP with no prior hysterectomy),,,,Cytology (e.g. Peritoneal or pleural fluid),,NO,NO,,,,,,,,,,,,26.68,0:LIVING,B304302A-F2B9-4CD7-AB14-C21EDF7778EA,Negative,,Right Upper Outer Quadrant,,YES,,3+,,3 Point Scale,Positive,70-79%,WHITE,,NO,1,Female,Breast,Axillary lymph node dissection alone,,,,Modified Radical Mastectomy,E9,TUMOR FREE
TCGA-E9-A5FL,65,M0,N0,Stage IIB,7th,T3,,,0,0.79,0:DiseaseFree,,,,Negative,,NOT HISPANIC OR LATINO,,5/22/13,,,,,,,,,,,Metaplastic Carcinoma,,No,No,C50.9,8575/3,C50.9,Negative,,YES,2012,YES,0,,10,,Post (prior bilateral ovariectomy OR >12 mo since LMP with no prior hysterectomy),,,,Cytology (e.g. Peritoneal or pleural fluid),,NO,NO,,,,,,,,,,,,0.79,0:LIVING,E3935CE4-64D3-4A66-BA11-D308B844B410,Negative,,Right Upper Outer Quadrant,,YES,,,,,Negative,,WHITE,,NO,1,Female,Breast,Axillary lymph node dissection alone,,,,Modified Radical Mastectomy,E9,TUMOR FREE
TCGA-E9-A5UO,41,M0,N0,Stage IIA,7th,T2,,,0,25.79,0:DiseaseFree,,,,,,NOT HISPANIC OR LATINO,Partial mastectomy,5/23/13,,,,,,,,,,,Mucinous Carcinoma,,No,No,C50.9,8480/3,C50.9,,,YES,2012,YES,0,,10,,Pre (<6 months since LMP AND no prior bilateral ovariectomy AND not on estrogen replacement),,,,Fine needle aspiration biopsy,,NO,,,,,,,,,,,,,25.79,0:LIVING,ED2617C3-5D3B-4688-9283-0F8A10E0B10D,Negative,,Right Upper Outer Quadrant,,YES,,,,,,,WHITE,,NO,1,Female,Breast,Axillary lymph node dissection alone,,,,Other,E9,TUMOR FREE
TCGA-E9-A5UP,63,M0,N0,Stage IIA,7th,T2,,,0,26.38,0:DiseaseFree,,,,,,NOT HISPANIC OR LATINO,,5/23/13,,,,,,,,,,,"Other, specify",,No,No,C50.9,8503/3,C50.9,,,YES,2012,YES,0,,10,,Post (prior bilateral ovariectomy OR >12 mo since LMP with no prior hysterectomy),,,,Tumor resection,,NO,NO,,,,,,,,,,,,26.38,0:LIVING,A412B374-4D25-491F-B76F-DDAA989ACF59,Negative,,Left Upper Outer Quadrant,,YES,,,,,,,WHITE,,NO,1,Female,Breast,Axillary lymph node dissection alone,,,,,E9,TUMOR FREE
TCGA-E9-A6HE,45,MX,N3,Stage IIIC,7th,T3,,1.7,0,27.83,0:DiseaseFree,,,,Positive,90-99%,NOT HISPANIC OR LATINO,,10/16/13,30,,1.08,1.8,,Negative,<10%,1,,,Infiltrating Lobular Carcinoma,,No,No,C50.9,8520/3,C50.9,Negative,,YES,2012,YES,12,,12,,Pre (<6 months since LMP AND no prior bilateral ovariectomy AND not on estrogen replacement),,,,Core needle biopsy,,NO,,,,,,,,,,,,,27.83,0:LIVING,7E9C8D3C-790C-46AD-8F31-B557B7C26F69,Negative,,Right,,YES,,,,,Positive,90-99%,WHITE,,NO,1,Female,Breast,Sentinel lymph node biopsy plus axillary dissection,,,,Simple Mastectomy,E9,
TCGA-EW-A1IW,80,MX,N1a,Stage IIB,7th,T2,,,0,12.19,0:DiseaseFree,,,3 Point Scale,Positive,90-99%,HISPANIC OR LATINO,total mastectomy,5/27/11,,,,,,,90-99%,3,+ or -,CISH,Infiltrating Lobular Carcinoma,,No,No,C50.9,8520/3,C50.9,Positive,3,YES,2010,YES,2,0,10,,Post (prior bilateral ovariectomy OR >12 mo since LMP with no prior hysterectomy),,,NO,Core needle biopsy,,YES,,,,,,,,,,,,,12.19,0:LIVING,5e2cbc56-97f9-4b94-ade2-a3f739bcc7be,Negative,,Right Lower Inner Quadrant|Right Lower Outer Quadrant,,NO,,3+,,3 Point Scale,Positive,90-99%,WHITE,,YES,1,Female,Breast,Sentinel lymph node biopsy plus axillary dissection,,,,Other,EW,TUMOR FREE
TCGA-EW-A1IX,48,MX,N1a,Stage IIA,6th,T1b,,,0,39.68,0:DiseaseFree,,,3 Point Scale,Positive,90-99%,HISPANIC OR LATINO,total mastectomy,6/10/11,,,,,,,<10%,,,,"Other, specify",,No,No,C50.9,8524/3,C50.9,Negative,3,YES,2008,YES,1,1,27,,Peri (6-12 months since last menstrual period),,,NO,Core needle biopsy,,YES,,,,,,,,,,,,,39.68,0:LIVING,e8614b7d-132e-4b4e-b1ae-df8bb4f2d4d4,Negative,,Right Upper Outer Quadrant,,NO,,3+,,3 Point Scale,Positive,90-99%,ASIAN,,YES,1,Female,Breast,Sentinel lymph node biopsy plus axillary dissection,,,,Other,EW,TUMOR FREE
TCGA-EW-A1IY,38,MX,N0,Stage I,6th,T1c,,,0,8.48,0:DiseaseFree,,,3 Point Scale,Positive,90-99%,NOT HISPANIC OR LATINO,,5/10/11,,,,,,,<10%,,,,Infiltrating Ductal Carcinoma,,No,No,C50.9,8500/3,C50.9,Negative,3,YES,2009,YES,0,0,6,,Pre (<6 months since LMP AND no prior bilateral ovariectomy AND not on estrogen replacement),,,NO,Core needle biopsy,,YES,,,,,,,,,,,,,8.48,0:LIVING,5ff12cbe-a3e0-4ce6-8452-12b984a1baaf,Negative,,Right Upper Inner Quadrant,,NO,,3+,,3 Point Scale,Positive,90-99%,ASIAN,,YES,1,Female,Breast,Other (specify),sentinel LN and one non sentinel LN,,,Lumpectomy,EW,TUMOR FREE
TCGA-EW-A1IZ,53,MX,N2a,Stage IIIA,7th,T2,,,0,18.2,0:DiseaseFree,,,3 Point Scale,Positive,90-99%,NOT HISPANIC OR LATINO,,5/11/11,,,,,,,<10%,,,,Infiltrating Ductal Carcinoma,,No,No,C50.9,8500/3,C50.9,Negative,3,YES,2010,YES,5,,14,,Post (prior bilateral ovariectomy OR >12 mo since LMP with no prior hysterectomy),,,NO,"Other method, specify:",stereotactic biopsy,NO,,,,,,,,,,,,,18.2,0:LIVING,c0f88fc5-56b0-4255-bbd1-9a21ced8b37b,Negative,,Left Lower Outer Quadrant,,NO,,3+,,3 Point Scale,Positive,90-99%,WHITE,,YES,1,Female,Breast,Axillary lymph node dissection alone,,,,Modified Radical Mastectomy,EW,TUMOR FREE
TCGA-EW-A1J1,38,M0,N1a,Stage IIB,7th,T2,,,0,18.89,0:DiseaseFree,,,3 Point Scale,Positive,90-99%,HISPANIC OR LATINO,,5/11/11,,,,,,,<10%,,,,Infiltrating Ductal Carcinoma,,No,No,C50.9,8500/3,C50.9,Negative,3,YES,2010,YES,1,0,17,,Pre (<6 months since LMP AND no prior bilateral ovariectomy AND not on estrogen replacement),,,NO,Core needle biopsy,,YES,,,,,,,,,,,,,18.89,0:LIVING,ed6cef77-1bd9-4e3b-b576-550a91e4253a,Negative,,Right Upper Inner Quadrant,,NO,,3+,,3 Point Scale,Positive,90-99%,WHITE,,YES,1,Female,Breast,Sentinel lymph node biopsy plus axillary dissection,,,,Lumpectomy,EW,TUMOR FREE
TCGA-EW-A1J2,50,MX,N1mi,,7th,T1c,,,0,13.24,0:DiseaseFree,,,3 Point Scale,Positive,90-99%,NOT HISPANIC OR LATINO,total mastectomy,5/27/11,,,,,,,<10%,,,,Infiltrating Lobular Carcinoma,,No,No,C50.9,8520/3,C50.9,Negative,3,YES,2010,YES,1,1,21,,Pre (<6 months since LMP AND no prior bilateral ovariectomy AND not on estrogen replacement),,,NO,Core needle biopsy,,YES,,,,,,,,,,,,,13.24,0:LIVING,a381275f-8858-4793-a8a2-0ca9db7274c8,Negative,,Right Lower Inner Quadrant,,NO,,3+,,3 Point Scale,Positive,90-99%,BLACK OR AFRICAN AMERICAN,,YES,1,Female,Breast,Sentinel lymph node biopsy plus axillary dissection,,,,Other,EW,TUMOR FREE
TCGA-EW-A1J3,61,M0,N0,Stage IA,7th,T1c,,,0,16.56,0:DiseaseFree,,,3 Point Scale,Positive,90-99%,HISPANIC OR LATINO,TOTAL MASTECTOMY,5/18/11,,,,,,,90-99%,3,,,Infiltrating Lobular Carcinoma,,No,No,C50.9,8520/3,C50.9,Positive,3,YES,2010,YES,0,0,3,,Post (prior bilateral ovariectomy OR >12 mo since LMP with no prior hysterectomy),,,NO,Core needle biopsy,,YES,,,,,,,,,,,,,16.56,0:LIVING,bb1de798-0c02-437e-b539-33cb556d3993,Negative,,Left Lower Outer Quadrant,,NO,,3+,,3 Point Scale,Positive,90-99%,WHITE,,YES,1,Female,Breast,Sentinel node biopsy alone,,,,Other,EW,TUMOR FREE
TCGA-EW-A1J5,59,M0,N0 (i-),Stage IIB,7th,T3,,,0,15.67,0:DiseaseFree,,,3 Point Scale,Positive,90-99%,NOT HISPANIC OR LATINO,total mastectomy,6/10/11,,,,,,,<10%,,,,Infiltrating Lobular Carcinoma,,No,No,C50.9,8520/3,C50.9,Negative,3,YES,2010,,0,0,1,,Post (prior bilateral ovariectomy OR >12 mo since LMP with no prior hysterectomy),,,NO,Core needle biopsy,,YES,,,,,,,,,,,,,15.67,0:LIVING,5d8ed961-a012-4b6b-bffb-9468d3953646,Negative,,Left,,NO,,3+,,3 Point Scale,Positive,90-99%,WHITE,,YES,1,Female,Breast,Sentinel node biopsy alone,,,,Other,EW,TUMOR FREE
TCGA-EW-A1J6,70,M0,N0 (i-),Stage I,6th,T1c,,,0,28.75,0:DiseaseFree,,,3 Point Scale,Positive,90-99%,HISPANIC OR LATINO,,5/11/11,,,,,,,<10%,,,,Infiltrating Ductal Carcinoma,,No,No,C50.9,8500/3,C50.9,Negative,3,YES,2009,YES,0,0,3,,Post (prior bilateral ovariectomy OR >12 mo since LMP with no prior hysterectomy),,,NO,Core needle biopsy,,YES,,,,,,,,,,,,,28.75,0:LIVING,87281a89-91d2-44f7-9f80-668567ad5c72,Negative,,Right Upper Inner Quadrant,,NO,,3+,,3 Point Scale,Positive,90-99%,WHITE,,YES,1,Female,Breast,Sentinel node biopsy alone,,,,Lumpectomy,EW,TUMOR FREE
TCGA-EW-A1OV,56,MX,N1mi,Stage IIB,6th,T2,,,0,25.92,0:DiseaseFree,,,3 Point Scale,Negative,<10%,HISPANIC OR LATINO,,5/27/11,,,1.8,,,Negative,<10%,,,,Infiltrating Ductal Carcinoma,,No,No,C50.9,8500/3,C50.9,Negative,,YES,2009,YES,0,1,6,Negative,Post (prior bilateral ovariectomy OR >12 mo since LMP with no prior hysterectomy),,,NO,Core needle biopsy,,YES,,,,,,,,,,,,,25.92,0:LIVING,ac68d219-5670-4ddd-8df6-8aa7ad59e5c7,Close,,Right Lower Outer Quadrant,,NO,,,,3 Point Scale,Negative,<10%,WHITE,,YES,1,Female,Breast,Sentinel node biopsy alone,,Modified radical mastectomy,,Lumpectomy,EW,TUMOR FREE
TCGA-EW-A1OW,58,MX,N0,Stage IIA,6th,T2,,,0,22.8,0:DiseaseFree,,,3 Point Scale,Negative,<10%,NOT HISPANIC OR LATINO,,5/18/11,,,,,,,<10%,1,,,Infiltrating Ductal Carcinoma,,No,No,C50.9,8090/3,C50.9,Negative,,YES,2009,YES,0,0,3,,Post (prior bilateral ovariectomy OR >12 mo since LMP with no prior hysterectomy),,,NO,Core needle biopsy,,YES,,,,,,,,,,,,,22.8,0:LIVING,f55dd73d-8c36-440b-84e5-9aae53107775,Negative,,Left Upper Outer Quadrant,,NO,,,,3 Point Scale,Negative,<10%,BLACK OR AFRICAN AMERICAN,,YES,1,Female,Breast,Sentinel node biopsy alone,,,,Lumpectomy,EW,TUMOR FREE
TCGA-EW-A1OX,43,MX,N0,Stage IIA,6th,T2,,,0,29.93,0:DiseaseFree,,,3 Point Scale,Positive,90-99%,HISPANIC OR LATINO,,5/18/11,,,,,,,<10%,,,,Mucinous Carcinoma,,No,No,C50.9,8523/3,C50.9,Negative,3,YES,2009,YES,0,0,4,,Pre (<6 months since LMP AND no prior bilateral ovariectomy AND not on estrogen replacement),,,NO,Core needle biopsy,,YES,,,,,,,,,,,,,29.93,0:LIVING,5fc7ff35-d3f7-4687-8759-3542bd58e988,Negative,,Right Upper Inner Quadrant,,NO,,3+,,3 Point Scale,Positive,90-99%,WHITE,,YES,1,Female,Breast,Other (specify),sentinel + non sentinel,,,Lumpectomy,EW,TUMOR FREE
TCGA-EW-A1OY,63,MX,N0,Stage IIA,6th,T2,,,0,29.83,0:DiseaseFree,,,3 Point Scale,Positive,90-99%,HISPANIC OR LATINO,,6/10/11,,,,,,Negative,<10%,,,,Infiltrating Ductal Carcinoma,,No,No,C50.9,8500/3,C50.9,Negative,3,YES,2009,YES,0,0,1,,Post (prior bilateral ovariectomy OR >12 mo since LMP with no prior hysterectomy),,,NO,Core needle biopsy,,YES,,,,,,,,,,,,,29.83,0:LIVING,53ff5893-7d5e-4bcb-be9c-665fa34b7824,Negative,,Left,,NO,,3+,,3 Point Scale,Positive,90-99%,WHITE,,YES,1,Female,Breast,Sentinel node biopsy alone,,,,Lumpectomy,EW,TUMOR FREE
TCGA-EW-A1OZ,56,M0,N0 (i-),Stage IIA,6th,T2,,2,0,40.37,0:DiseaseFree,,,3 Point Scale,Positive,90-99%,NOT HISPANIC OR LATINO,total mastectomy,5/11/11,40,,2.2,,,Positive,20-29%,2,,,Infiltrating Ductal Carcinoma,,No,No,C50.9,8500/3,C50.9,Equivocal,3,YES,2008,YES,0,0,4,,Post (prior bilateral ovariectomy OR >12 mo since LMP with no prior hysterectomy),,,NO,Core needle biopsy,,YES,,,,,,,,,,,,,40.37,0:LIVING,8f912a40-3251-4e1f-ae65-1f93d71f9881,Negative,,Left Upper Outer Quadrant,,NO,,,,3 Point Scale,Negative,<10%,BLACK OR AFRICAN AMERICAN,,YES,1,Female,Breast,Sentinel node biopsy alone,,,,Other,EW,TUMOR FREE
TCGA-EW-A1P0,55,MX,N1b,Stage IIB,6th,T2,,,0,35.94,1:Recurred/Progressed,,,3 Point Scale,Positive,90-99%,NOT HISPANIC OR LATINO,,5/10/11,,,,,,,<10%,,,,"Other, specify",,No,No,C50.9,8523/3,C50.9,Negative,3,YES,2008,YES,1,,21,,Post (prior bilateral ovariectomy OR >12 mo since LMP with no prior hysterectomy),,,YES,Core needle biopsy,,NO,,,3+,Positive,90-99%,,1+,Negative,<10%,1,Negative,<10%,41.1,0:LIVING,81e32f39-3aa0-468b-87ed-dd2eb6165ddf,Negative,,Left Upper Outer Quadrant,,NO,,,,3 Point Scale,Negative,<10%,WHITE,,YES,1,Female,Breast,Axillary lymph node dissection alone,,,,Modified Radical Mastectomy,EW,WITH TUMOR
TCGA-EW-A1P1,68,MX,N3b,Stage IIIC,6th,T2,,,0,33.31,1:Recurred/Progressed,,,3 Point Scale,Negative,<10%,HISPANIC OR LATINO,,5/27/11,,,1.8,,,Negative,<10%,2,,,Infiltrating Ductal Carcinoma,,No,No,C50.9,8500/3,C50.9,Equivocal,,YES,2008,YES,11,,32,,Post (prior bilateral ovariectomy OR >12 mo since LMP with no prior hysterectomy),,Lung,YES,Core needle biopsy,,NO,,,,Negative,<10%,,1+,Equivocal,<10%,,Negative,<10%,39.75,0:LIVING,f2e28af9-c40e-41c4-9e82-205cca38f26a,Negative,,Right Upper Outer Quadrant,,NO,,,,3 Point Scale,Negative,<10%,WHITE,,YES,1,Female,Breast,Sentinel lymph node biopsy plus axillary dissection,,,,Lumpectomy,EW,WITH TUMOR
TCGA-EW-A1P3,48,MX,N0,Stage IIA,6th,T2,,,0,52.92,0:DiseaseFree,,,3 Point Scale,Positive,90-99%,NOT HISPANIC OR LATINO,,6/10/11,,,,,,,<10%,,,,Infiltrating Ductal Carcinoma,,No,Yes,C50.9,8500/3,C50.9,Negative,3,YES,2008,YES,0,0,4,,Pre (<6 months since LMP AND no prior bilateral ovariectomy AND not on estrogen replacement),,,NO,Core needle biopsy,,YES,,,,,,,,,,,,,52.92,0:LIVING,1ff85ada-3cdd-4afb-b311-2c7befb52702,Negative,,Right Lower Outer Quadrant,,NO,,3+,,3 Point Scale,Positive,90-99%,WHITE,,YES,1,Female,Breast,Other (specify),SN+1 non sentinel node,,,Simple Mastectomy,EW,TUMOR FREE
TCGA-EW-A1P4,43,M0,N0 (i-),Stage IIA,6th,T2,,,0,29.8,0:DiseaseFree,,,3 Point Scale,Negative,<10%,HISPANIC OR LATINO,,5/11/11,,,,,,,<10%,,,,Medullary Carcinoma,,No,No,C50.9,8510/3,C50.9,Negative,,YES,2009,YES,0,0,3,,Pre (<6 months since LMP AND no prior bilateral ovariectomy AND not on estrogen replacement),,,NO,Core needle biopsy,,YES,,,,,,,,,,,,,29.8,0:LIVING,521e2140-ae5b-456f-8699-97398d009687,Negative,,Left Upper Outer Quadrant,,NO,,,,3 Point Scale,Negative,<10%,WHITE,,YES,1,Female,Breast,Sentinel node biopsy alone,,,,Simple Mastectomy,EW,TUMOR FREE
TCGA-EW-A1P5,77,M0,N1a,Stage IIB,7th,T2,,,0,23.09,0:DiseaseFree,,,3 Point Scale,Positive,90-99%,NOT HISPANIC OR LATINO,,5/11/11,,,1.12,,,Negative,<10%,,,,Infiltrating Ductal Carcinoma,,No,No,C50.9,8500/3,C50.9,Negative,3,YES,2010,YES,3,0,40,,Post (prior bilateral ovariectomy OR >12 mo since LMP with no prior hysterectomy),,,NO,Core needle biopsy,,YES,,,,,,,,,,,,,23.09,0:LIVING,53d0af48-d7ea-42c9-8695-c614b89b415b,Negative,,Right Upper Outer Quadrant,,NO,,3+,,3 Point Scale,Positive,90-99%,WHITE,,YES,1,Female,Breast,Sentinel lymph node biopsy plus axillary dissection,,,,Modified Radical Mastectomy,EW,TUMOR FREE
TCGA-EW-A1P6,64,M0,N1a,Stage IIB,7th,T2,,,0,18.46,0:DiseaseFree,,,3 Point Scale,Positive,90-99%,HISPANIC OR LATINO,,5/19/11,,,,,,,<10%,,,,Infiltrating Ductal Carcinoma,,No,No,C50.9,8500/3,C50.9,Negative,3,YES,2010,YES,2,0,25,,Post (prior bilateral ovariectomy OR >12 mo since LMP with no prior hysterectomy),,,NO,Core needle biopsy,,YES,,,,,,,,,,,,,18.46,0:LIVING,ee5744c0-a8dc-43f2-abdd-0b5529a3e9fb,Close,,Right Upper Outer Quadrant,,NO,,3+,,3 Point Scale,Positive,90-99%,WHITE,,YES,1,Female,Breast,Sentinel lymph node biopsy plus axillary dissection,,,,Lumpectomy,EW,TUMOR FREE
TCGA-EW-A1P7,59,M0,N0 (i-),Stage IIA,6th,T2,,,0,23.95,1:Recurred/Progressed,,,3 Point Scale,Negative,<10%,HISPANIC OR LATINO,,5/18/11,,,1.8,,,Negative,10-19%,2,,,Infiltrating Ductal Carcinoma,,No,No,C50.9,8500/3,C50.9,Equivocal,,YES,2009,YES,0,0,2,,Post (prior bilateral ovariectomy OR >12 mo since LMP with no prior hysterectomy),,,NO,Core needle biopsy,,YES,,,,,,,,,,,,,30.06,0:LIVING,01674b2c-5cf2-478f-84a1-f69c39f47bd4,Negative,,Right Upper Outer Quadrant,,NO,,,,3 Point Scale,Negative,<10%,WHITE,,YES,1,Female,Breast,Sentinel node biopsy alone,,,,Lumpectomy,EW,TUMOR FREE
TCGA-EW-A1P8,58,M0,N3b,Stage IIIC,7th,T2,,,0,6.8,1:Recurred/Progressed,,,3 Point Scale,Negative,<10%,NOT HISPANIC OR LATINO,,5/27/11,,,,,,,<10%,,,,Infiltrating Ductal Carcinoma,,No,No,C50.9,8500/3,C50.9,Negative,,YES,2010,YES,14,,15,,Post (prior bilateral ovariectomy OR >12 mo since LMP with no prior hysterectomy),skin,"Lung|Bone|Liver|Other, specify",YES,Fine needle aspiration biopsy,,NO,,,,Negative,<10%,,,Negative,<10%,,Negative,<10%,7.85,1:DECEASED,359f12f9-5c41-48a4-85bc-fd7e307bf7d8,Negative,,Left Upper Outer Quadrant,,NO,,,,3 Point Scale,Negative,<10%,WHITE,,YES,1,Female,Breast,Sentinel lymph node biopsy plus axillary dissection,,,,Lumpectomy,EW,WITH TUMOR
TCGA-EW-A1PA,59,M0,N1a,Stage IIB,7th,T2,,,0,18.89,0:DiseaseFree,,,3 Point Scale,Positive,90-99%,HISPANIC OR LATINO,,5/11/11,,,,,,,<10%,1,,,Infiltrating Ductal Carcinoma,,No,No,C50.9,8500/3,C50.9,Negative,3,YES,2010,YES,1,,13,,Post (prior bilateral ovariectomy OR >12 mo since LMP with no prior hysterectomy),,,NO,Core needle biopsy,,NO,,,,,,,,,,,,,18.89,0:LIVING,4cfef7f9-f1ee-401c-a2a3-c225d4adc3b6,Negative,,Left Upper Outer Quadrant,,NO,,3+,,3 Point Scale,Positive,90-99%,WHITE,,YES,1,Female,Breast,Axillary lymph node dissection alone,,,,Lumpectomy,EW,TUMOR FREE
TCGA-EW-A1PB,70,MX,N1a,Stage IIIA,6th,T3,,,0,19.97,0:DiseaseFree,,,3 Point Scale,Negative,<10%,NOT HISPANIC OR LATINO,,5/18/11,,,,,,,<10%,,,,Infiltrating Ductal Carcinoma,,No,No,C50.9,8500/3,C50.9,Negative,,YES,2009,YES,2,,8,,Post (prior bilateral ovariectomy OR >12 mo since LMP with no prior hysterectomy),,,,Core needle biopsy,,NO,,,,,,,,,,,,,19.97,0:LIVING,88db1340-e4bf-451a-87c0-6e9168296f5e,Negative,,Right Upper Outer Quadrant,,NO,,,,3 Point Scale,Negative,<10%,BLACK OR AFRICAN AMERICAN,,YES,1,Female,Breast,Axillary lymph node dissection alone,,,,Simple Mastectomy,EW,TUMOR FREE
TCGA-EW-A1PC,66,MX,N0 (i-),Stage IIB,7th,T3,,,0,6.14,0:DiseaseFree,,,3 Point Scale,Positive,90-99%,NOT HISPANIC OR LATINO,,9/28/11,,,,,,,<10%,1,,,Infiltrating Ductal Carcinoma,,No,No,C50.9,8500/3,C50.9,Negative,3,YES,2011,YES,0,0,2,,Post (prior bilateral ovariectomy OR >12 mo since LMP with no prior hysterectomy),,,NO,Core needle biopsy,,YES,,,,,,,,,,,,,6.14,0:LIVING,F45210D3-9E66-4F5E-BEF1-5EE5547CC893,Negative,,Left,,NO,,3+,,3 Point Scale,Positive,50-59%,BLACK OR AFRICAN AMERICAN,,YES,1,Female,Breast,Sentinel node biopsy alone,,,,Modified Radical Mastectomy,EW,TUMOR FREE
TCGA-EW-A1PD,61,M0,N1a,Stage IIA,7th,T1c,,,0,13.93,0:DiseaseFree,,,3 Point Scale,Positive,90-99%,HISPANIC OR LATINO,,5/18/11,,,2.2,>6.0,,Positive,20-29%,2,,,Infiltrating Ductal Carcinoma,,No,No,C50.9,8500/3,C50.9,Equivocal,3,YES,2010,YES,2,,7,,,,,NO,Core needle biopsy,,NO,,,,,,,,,,,,,13.93,0:LIVING,4dfc233b-ed03-4825-8089-e04cdee99996,Negative,,Right,,NO,,3+,,3 Point Scale,Positive,90-99%,WHITE,,YES,1,Male,Breast,Sentinel lymph node biopsy plus axillary dissection,,,,Modified Radical Mastectomy,EW,TUMOR FREE
TCGA-EW-A1PE,56,M0,N1a,Stage IIA,7th,T1c,,,0,10.51,0:DiseaseFree,,,3 Point Scale,Positive,90-99%,HISPANIC OR LATINO,,5/27/11,,,,,,,<10%,,,,Infiltrating Ductal Carcinoma,,No,No,C50.9,8507/3,C50.9,Negative,3,YES,2011,YES,1,,23,,Post (prior bilateral ovariectomy OR >12 mo since LMP with no prior hysterectomy),,,NO,,,NO,,,,,,,,,,,,,10.51,0:LIVING,f3b86c02-09a5-4e97-aa7a-86f13f7cda4b,Negative,,Left Upper Outer Quadrant,,NO,,3+,,3 Point Scale,Positive,90-99%,WHITE,,YES,1,Female,Breast,Axillary lymph node dissection alone,,,,Lumpectomy,EW,TUMOR FREE
TCGA-EW-A1PF,50,M0,N0,Stage IA,7th,T1c,,,0,14.42,0:DiseaseFree,,,3 Point Scale,Positive,90-99%,HISPANIC OR LATINO,total mastectomy,5/27/11,,,,,,,<10%,,,,Infiltrating Ductal Carcinoma,,No,No,C50.9,8500/3,C50.9,Negative,3,YES,2010,YES,0,,,,Post (prior bilateral ovariectomy OR >12 mo since LMP with no prior hysterectomy),,,NO,Core needle biopsy,,YES,,,,,,,,,,,,,14.42,0:LIVING,848773a3-2f4a-4186-ab3f-de667129accf,Negative,,Right Upper Outer Quadrant,,NO,,3+,,3 Point Scale,Positive,90-99%,WHITE,,YES,1,Female,Breast,Other (specify),sentinel + 2 non-sentinel LN,,,Other,EW,TUMOR FREE
TCGA-EW-A1PG,53,MX,N1a,Stage IIB,6th,T2,,,0,34.53,0:DiseaseFree,,,3 Point Scale,Positive,90-99%,HISPANIC OR LATINO,,5/18/11,,,1.8,<4.0,,Negative,10-19%,2,,,Infiltrating Lobular Carcinoma,,No,No,C50.9,8520/3,C50.9,Equivocal,3,YES,2008,YES,1,1,25,,Post (prior bilateral ovariectomy OR >12 mo since LMP with no prior hysterectomy),,,NO,Core needle biopsy,,YES,,,,,,,,,,,,,34.53,0:LIVING,da286247-e8bb-4941-a2af-2453fe61cd02,Negative,,Left Lower Inner Quadrant|Left Lower Outer Quadrant,,NO,,3+,,3 Point Scale,Positive,90-99%,WHITE,,YES,1,Female,Breast,Sentinel lymph node biopsy plus axillary dissection,,,,Modified Radical Mastectomy,EW,TUMOR FREE
TCGA-EW-A1PH,52,M0,N1a,Stage IIA,7th,T1c,,,0,19.94,0:DiseaseFree,,,3 Point Scale,Negative,<10%,HISPANIC OR LATINO,,5/27/11,,,,,,,<10%,,,,Infiltrating Ductal Carcinoma,,No,No,C50.9,8500/3,C50.9,Negative,,YES,2010,YES,1,0,10,,Post (prior bilateral ovariectomy OR >12 mo since LMP with no prior hysterectomy),,,NO,Core needle biopsy,,YES,,,,,,,,,,,,,19.94,0:LIVING,4da999a0-ef41-4a0b-b1d1-446b39cc855a,Negative,,Right Upper Outer Quadrant,,NO,,,,3 Point Scale,Negative,<10%,WHITE,,YES,1,Female,Breast,Sentinel lymph node biopsy plus axillary dissection,,,,Lumpectomy,EW,TUMOR FREE
TCGA-EW-A2FR,59,MX,N3a,Stage IIIC,6th,T1b,,2,0,54.96,0:DiseaseFree,,,3 Point Scale,Negative,<10%,NOT HISPANIC OR LATINO,,10/12/11,40,,3,>6,ratio > 2.2 is positive,Positive,10-19%,2,,,Infiltrating Ductal Carcinoma,,No,No,C50.9,8500/3,C50.9,Equivocal,1,YES,2008,YES,19,,21,,Post (prior bilateral ovariectomy OR >12 mo since LMP with no prior hysterectomy),,,NO,Core needle biopsy,,NO,,,,,,,,,,,,,54.96,0:LIVING,AF97E043-88CB-4F99-8F8B-9BCBCCCDF842,Negative,,Right Upper Outer Quadrant,,NO,,1+,,3 Point Scale,Negative,<10%,BLACK OR AFRICAN AMERICAN,,YES,1,Female,Breast,Axillary lymph node dissection alone,,,,Lumpectomy,EW,TUMOR FREE
TCGA-EW-A2FS,41,MX,N1mi,Stage IIB,6th,T2,,,0,52.69,0:DiseaseFree,,,3 Point Scale,Positive,90-99%,NOT HISPANIC OR LATINO,,10/12/11,,,,,,,<10%,1,,,Infiltrating Ductal Carcinoma,,No,No,C50.9,8500/3,C50.9,Negative,3,YES,2008,YES,1,,8,,Pre (<6 months since LMP AND no prior bilateral ovariectomy AND not on estrogen replacement),,,NO,Core needle biopsy,,YES,,,,,,,,,,,,,52.69,0:LIVING,D34471A1-B367-4F8A-B35A-C5901C4F5503,Negative,,Left Upper Outer Quadrant,,NO,,1+,,3 Point Scale,Negative,<10%,BLACK OR AFRICAN AMERICAN,,YES,1,Female,Breast,Sentinel node biopsy alone,,,,Lumpectomy,EW,TUMOR FREE
TCGA-EW-A2FV,39,MX,N3a,Stage IIIC,7th,T3,,,0,25.89,0:DiseaseFree,,,3 Point Scale,Positive,90-99%,HISPANIC OR LATINO,,10/5/11,,,,,,,<10%,1,,,"Other, specify",,No,No,C50.9,8507/3,C50.9,Negative,3,YES,2011,,29,,32,Negative,Pre (<6 months since LMP AND no prior bilateral ovariectomy AND not on estrogen replacement),,,NO,Excisional Biopsy,,NO,,,,,,,,,,,,,25.89,0:LIVING,F45AA0B2-F3DE-4DB5-9730-E5C6C4E2ED3A,Negative,,Left Upper Inner Quadrant,,NO,,3+,,3 Point Scale,Positive,90-99%,WHITE,,YES,1,Female,Breast,Axillary lymph node dissection alone,,,,Modified Radical Mastectomy,EW,TUMOR FREE
TCGA-EW-A2FW,52,MX,N0 (i-),Stage IIA,7th,T2,,,0,22.08,0:DiseaseFree,,,3 Point Scale,Positive,90-99%,HISPANIC OR LATINO,,10/5/11,,,,,,,<10%,1,,,"Other, specify",,,No,C50.9,8503/3,C50.9,Negative,3,YES,2011,YES,0,0,6,,Post (prior bilateral ovariectomy OR >12 mo since LMP with no prior hysterectomy),,,NO,Core needle biopsy,,YES,,,,,,,,,,,,,22.08,0:LIVING,E6F527A2-38EB-457E-BB39-3C5B9C0BCBEC,Negative,,Right Upper Outer Quadrant,,NO,,3+,,3 Point Scale,Positive,90-99%,WHITE,,YES,1,Female,Breast,Sentinel node biopsy alone,,,,Lumpectomy,EW,TUMOR FREE
TCGA-EW-A3E8,60,MX,N0,Stage IIB,7th,T3,,,0,34,0:DiseaseFree,,,,Positive,,HISPANIC OR LATINO,,2/8/13,,,,,,,,,,,Infiltrating Lobular Carcinoma,,No,No,C50.9,8520/3,C50.9,Negative,,YES,2011,YES,0,,2,,,,,,Core needle biopsy,,,NO,,,,,,,,,,,,34,0:LIVING,C0B7B798-3383-4A45-A455-9ECA5810739E,Negative,YES,Left|Left Upper Outer Quadrant,,YES,,,,,Negative,,WHITE,YES,NO,1,Female,Breast,Sentinel lymph node biopsy plus axillary dissection,,,,Simple Mastectomy,EW,TUMOR FREE
TCGA-EW-A3U0,61,M0,N1a,Stage IIIA,7th,T3,,,0,17.48,0:DiseaseFree,,,,Negative,,NOT HISPANIC OR LATINO,partial left mastectomy,5/24/12,,,,,,,,,,,Infiltrating Ductal Carcinoma,,No,No,C50.9,8500/3,C50.9,Negative,,YES,2011,YES,1,,25,,Post (prior bilateral ovariectomy OR >12 mo since LMP with no prior hysterectomy),,,NO,Core needle biopsy,,NO,,,,,,,,,,,,,17.48,0:LIVING,D9DC3B59-613D-469E-8B4F-6C5A557EB26A,Negative,,Left,,YES,,,,,Negative,,BLACK OR AFRICAN AMERICAN,,NO,1,Female,Breast,Sentinel lymph node biopsy plus axillary dissection,,,,Other,EW,TUMOR FREE
TCGA-EW-A423,75,MX,N0,Stage IIA,7th,T2,,,0,17.51,0:DiseaseFree,,,,Positive,50-59%,HISPANIC OR LATINO,,1/4/13,,,,,,,,,,,Infiltrating Lobular Carcinoma,,No,No,C50.9,8520/3,C50.9,Negative,,YES,2012,YES,0,0,2,,Post (prior bilateral ovariectomy OR >12 mo since LMP with no prior hysterectomy),,,,Core needle biopsy,,NO,NO,,,,,,,,,,,,17.51,0:LIVING,BDD08EC8-8892-4273-8F21-6FDE0F23C52D,Negative,YES,Left Upper Inner Quadrant,,YES,,,,,Positive,<10%,WHITE,YES,NO,1,Female,Breast,Sentinel node biopsy alone,,,,Lumpectomy,EW,TUMOR FREE
TCGA-EW-A424,51,MX,N1,Stage IIIA,7th,T3,,,0,23.49,0:DiseaseFree,,,,Positive,50-59%,HISPANIC OR LATINO,,3/26/13,,,,,,,,,,,Infiltrating Lobular Carcinoma,,No,No,C50.9,8520/3,C50.9,Positive,,YES,2012,YES,0,1,1,,,,,,Core needle biopsy,,YES,NO,,,,,,,,,,,,23.49,0:LIVING,A6502F17-6BEE-4D5A-8520-06364593D39C,Negative,YES,Right,,YES,,,,,Positive,,WHITE,YES,NO,1,Female,Breast,Sentinel node biopsy alone,,,,Simple Mastectomy,EW,TUMOR FREE
TCGA-EW-A6S9,34,M0,N1,Stage IIA,7th,T1c,,,0,15.21,0:DiseaseFree,,,,Positive,50-59%,NOT HISPANIC OR LATINO,,3/13/15,,,,,,,50-59%,3,,,Infiltrating Ductal Carcinoma,,No,No,C50.9,8500/3,C50.9,Positive,,YES,2013,YES,1,1,3,,,,,,Core needle biopsy,,,NO,,,,,,,,,,,,15.21,0:LIVING,9676E46B-8F29-43CD-AB65-EB6A535CCED4,,NO,Right|Right Upper Outer Quadrant,,,,,,,Positive,,BLACK OR AFRICAN AMERICAN,NO,,1,Female,Breast,,,,,Lumpectomy,EW,TUMOR FREE
TCGA-EW-A6SA,59,MX,N0 (i+),Stage II,7th,T2,,,0,16.75,0:DiseaseFree,,,,Positive,50-59%,NOT HISPANIC OR LATINO,,2/27/15,,,,,,,,,,,Infiltrating Ductal Carcinoma,,No,No,C50.9,8500/3,C50.9,Negative,,YES,2013,YES,,1,4,,,,,,Core needle biopsy,,YES,NO,,,,,,,,,,,,16.75,0:LIVING,ABA5F46A-E67A-4CD2-9C52-C0686968FF04,Negative,YES,Left|Left Lower Inner Quadrant,,YES,,,,,Negative,,BLACK OR AFRICAN AMERICAN,NO,NO,1,Male,Breast,Sentinel node biopsy alone,,,,Simple Mastectomy,EW,TUMOR FREE
TCGA-EW-A6SB,62,M0,N0,Stage II,7th,T2,,,0,24.97,0:DiseaseFree,,,,Negative,,NOT HISPANIC OR LATINO,,3/12/15,,,,,,,,,,,Infiltrating Ductal Carcinoma,,No,No,C50.9,8500/3,C50.9,Negative,,YES,2012,YES,0,0,8,,,,,,Core needle biopsy,,YES,NO,,,,,,,,,,,,24.97,0:LIVING,5C59028F-B8FA-4811-8314-BE3EAED5F364,Negative,YES,Left|Left Upper Inner Quadrant,,,,,,,Negative,,BLACK OR AFRICAN AMERICAN,YES,,1,Female,Breast,Sentinel node biopsy alone,,,,Modified Radical Mastectomy,EW,TUMOR FREE
TCGA-EW-A6SC,60,M0,N0,Stage IIA,7th,T2,,,0,31.27,0:DiseaseFree,,,,Positive,50-59%,NOT HISPANIC OR LATINO,,3/12/15,,,,,,,<10%,,,,Infiltrating Lobular Carcinoma,,No,No,C50.9,8520/3,C50.9,Negative,,YES,2012,YES,0,0,2,,,,,,Core needle biopsy,,YES,NO,,,,,,,,,,,,31.27,0:LIVING,97862B8E-9F76-4B19-A865-156A9C00FB1E,Negative,YES,Left|Left Upper Outer Quadrant,,,,,,,Positive,40-49%,BLACK OR AFRICAN AMERICAN,YES,,1,Female,Breast,Sentinel node biopsy alone,,,,Lumpectomy,EW,TUMOR FREE
TCGA-EW-A6SD,32,M0,N1a,Stage IIB,7th,T2,,,0,33.18,0:DiseaseFree,,,,Negative,<10%,HISPANIC OR LATINO,,3/14/15,,,,,,,,3,,,Infiltrating Ductal Carcinoma,,No,No,C50.9,8500/3,C50.9,,,YES,2012,YES,2,0,31,,,,,,Core needle biopsy,,,NO,,,,,,,,,,,,33.18,0:LIVING,42378DBC-A123-4CF9-8502-165E89FDA271,Negative,YES,Left|Left Upper Outer Quadrant,,YES,,,,,Negative,<10%,BLACK OR AFRICAN AMERICAN,YES,NO,1,Female,Breast,,,,,Lumpectomy,EW,TUMOR FREE
TCGA-GI-A2C8,63,MX,N0,Stage IIIB,6th,T4b,,,0,7.39,0:DiseaseFree,,,3 Point Scale,Positive,90-99%,NOT HISPANIC OR LATINO,,10/21/11,,,,,,Negative,,,,,Infiltrating Ductal Carcinoma,,Yes,No,C50.9,8500/3,C50.9,Negative,3,YES,2004,YES,0,,10,,,,,NO,,,NO,,,,,,,,,,,,,7.39,0:LIVING,33fe5833-d7a0-43d7-a03d-56985ea448a6,Negative,,Right,,NO,,2+,,3 Point Scale,Positive,<10%,WHITE,,YES,1,Female,Breast,Sentinel node biopsy alone,,,,Modified Radical Mastectomy,GI,
TCGA-GI-A2C9,58,MX,N0,Stage IIB,6th,T3,,,0,109.79,0:DiseaseFree,,,,Negative,,NOT HISPANIC OR LATINO,,10/21/11,,,,,,,,,,,Infiltrating Ductal Carcinoma,,No,No,C50.9,8500/3,C50.9,Negative,,YES,2003,YES,0,0,4,,Post (prior bilateral ovariectomy OR >12 mo since LMP with no prior hysterectomy),,,NO,Core needle biopsy,,YES,,,,,,,,,,,,,109.79,0:LIVING,9F6BE944-83DE-42AB-8738-F0022F475E61,Negative,,Right,,NO,,,,,Negative,,BLACK OR AFRICAN AMERICAN,,YES,1,Female,Breast,Sentinel lymph node biopsy plus axillary dissection,,,,Lumpectomy,GI,TUMOR FREE
TCGA-GM-A2D9,69,M0,N0 (i-),Stage I,6th,T1c,,1.93,0,44.38,1:Recurred/Progressed,,,3 Point Scale,Positive,90-99%,NOT HISPANIC OR LATINO,,9/28/11,60,,1.16,2.23,,Negative,,,,,Infiltrating Ductal Carcinoma,,No,No,C50.9,8500/3,C50.9,,3,YES,2006,YES,0,0,2,,Post (prior bilateral ovariectomy OR >12 mo since LMP with no prior hysterectomy),,Bone,YES,Core needle biopsy,,YES,,,,Positive,90-99%,,,,,,,,59.53,1:DECEASED,1133B8A9-6B11-4511-B70A-F200E3B8B5DB,Negative,,Left Upper Inner Quadrant,,NO,,3+,,3 Point Scale,Positive,40-49%,WHITE,,YES,1,Female,Breast,Sentinel node biopsy alone,,,,Lumpectomy,GM,WITH TUMOR
TCGA-GM-A2DA,46,M0,N1b,Stage IIB,4th,T2,,3.7,0,214.72,1:Recurred/Progressed,,,,Positive,90-99%,NOT HISPANIC OR LATINO,,9/28/11,60,,4.05,15,,Positive,90-99%,2,,,Infiltrating Ductal Carcinoma,,No,No,C50.9,8500/3,C50.9,Equivocal,,YES,1993,YES,2,0,13,,Post (prior bilateral ovariectomy OR >12 mo since LMP with no prior hysterectomy),,,YES,Fine needle aspiration biopsy,,NO,,,,,,,,,,,,,216.59,1:DECEASED,C07B122E-AC50-4DB2-ADD2-5617A5D0E976,Negative,,Right Upper Inner Quadrant|Right Upper Outer Quadrant,,NO,,,,,Positive,50-59%,WHITE,,YES,1,Female,Breast,Axillary lymph node dissection alone,,,,Modified Radical Mastectomy,GM,WITH TUMOR
TCGA-GM-A2DB,62,M0,N0 (i-),Stage IIA,6th,T2,,1.5,0,79.04,0:DiseaseFree,,,,Negative,<10%,NOT HISPANIC OR LATINO,,9/28/11,60,,1.11,1.67,,Negative,,1,,,Infiltrating Ductal Carcinoma,,No,No,C50.9,8500/3,C50.9,Negative,,YES,2006,YES,0,0,3,,Post (prior bilateral ovariectomy OR >12 mo since LMP with no prior hysterectomy),,,NO,Core needle biopsy,,YES,,,,,,,,,,,,,79.04,0:LIVING,6E6B7742-A562-490B-BB72-04A5653852E4,Negative,,Left Upper Outer Quadrant,,NO,,,,,Negative,<10%,WHITE,,YES,1,Female,Breast,Sentinel node biopsy alone,,,,Lumpectomy,GM,TUMOR FREE
TCGA-GM-A2DC,57,M0,N1a,Stage IIA,6th,T1c,,4.43,0,83.28,0:DiseaseFree,,,,Positive,90-99%,NOT HISPANIC OR LATINO,,9/29/11,60,,1.06,4.7,,Negative,,,,,Infiltrating Ductal Carcinoma,,No,No,C50.9,8500/3,C50.9,,,YES,2006,YES,1,0,21,,Post (prior bilateral ovariectomy OR >12 mo since LMP with no prior hysterectomy),,,NO,Core needle biopsy,,NO,,,,,,,,,,,,,83.28,0:LIVING,DD43FFD9-DA18-4AD3-ABE7-6F443C76A717,Negative,,Right Upper Outer Quadrant,,NO,,,,,Positive,90-99%,WHITE,,YES,1,Female,Breast,Axillary lymph node dissection alone,,,,Lumpectomy,GM,TUMOR FREE
TCGA-GM-A2DD,53,,N0 (i-),Stage I,6th,T1c,,1.45,0,74.97,0:DiseaseFree,,,,Negative,<10%,NOT HISPANIC OR LATINO,,9/29/11,60,,1.11,1.62,,Negative,<10%,2,,,Infiltrating Ductal Carcinoma,,No,Yes,C50.9,8500/3,C50.9,Equivocal,,YES,2007,YES,0,0,2,,Post (prior bilateral ovariectomy OR >12 mo since LMP with no prior hysterectomy),,,,Core needle biopsy,,YES,,,,,,,,,,,,,74.97,0:LIVING,B343BFE0-7C23-4C6A-8C84-9EE39DB2ECDA,Negative,,Right,,NO,,,,,Negative,<10%,WHITE,,YES,1,Female,Breast,Sentinel node biopsy alone,,,,Simple Mastectomy,GM,TUMOR FREE
TCGA-GM-A2DF,53,M0,N1a,Stage IIA,6th,T1c,,1.4,0,70.8,0:DiseaseFree,,,,Negative,<10%,NOT HISPANIC OR LATINO,,9/29/11,60,,1.12,1.57,,Negative,,1,,,Infiltrating Ductal Carcinoma,,No,No,C50.9,8500/3,C50.9,Negative,,YES,2007,YES,1,0,32,,Post (prior bilateral ovariectomy OR >12 mo since LMP with no prior hysterectomy),,,NO,Core needle biopsy,,NO,,,,,,,,,,,,,70.8,0:LIVING,D6F7AFC0-1558-43AD-ACB1-2B5311ED2264,Negative,,Left Lower Outer Quadrant,,NO,,,,,Negative,<10%,BLACK OR AFRICAN AMERICAN,,YES,1,Female,Breast,Axillary lymph node dissection alone,,,,Lumpectomy,GM,TUMOR FREE
TCGA-GM-A2DH,58,M0,N0 (i+),Stage I,6th,T1c,,2.8,0,72.04,0:DiseaseFree,,,,Negative,<10%,NOT HISPANIC OR LATINO,,9/29/11,60,,1,2.8,,Negative,,1,,,Infiltrating Ductal Carcinoma,,No,No,C50.9,8500/3,C50.9,Negative,,YES,2007,YES,0,1,2,,Post (prior bilateral ovariectomy OR >12 mo since LMP with no prior hysterectomy),,,NO,Core needle biopsy,,YES,,,,,,,,,,,,,72.04,0:LIVING,5700C1B3-922A-4401-8AB8-89028908D696,Negative,,Right Upper Outer Quadrant,,NO,,,,,Negative,<10%,WHITE,,YES,1,Female,Breast,Sentinel node biopsy alone,,,,Simple Mastectomy,GM,TUMOR FREE
TCGA-GM-A2DI,52,M0,N0 (i+),Stage I,6th,T1c,,3.33,0,85.09,0:DiseaseFree,,,,Negative,<10%,NOT HISPANIC OR LATINO,,9/29/11,60,,1.06,3.53,,Negative,,,,,Infiltrating Ductal Carcinoma,,No,No,C50.9,8500/3,C50.9,,,YES,2005,YES,0,1,9,,Pre (<6 months since LMP AND no prior bilateral ovariectomy AND not on estrogen replacement),,,NO,Core needle biopsy,,YES,,,,,,,,,,,,,85.09,0:LIVING,66FA504C-4AE4-49AC-9355-1E063776DC0D,Negative,,Left Upper Inner Quadrant,,NO,,,,,Negative,<10%,WHITE,,YES,1,Female,Breast,Sentinel node biopsy alone,,,,Simple Mastectomy,GM,TUMOR FREE
TCGA-GM-A2DK,58,M0,N0 (i-),Stage I,6th,T1c,,,0,86.89,0:DiseaseFree,,,,Positive,90-99%,NOT HISPANIC OR LATINO,,9/29/11,,,,,,,,,,,Infiltrating Ductal Carcinoma,,No,No,C50.9,8500/3,C50.9,Negative,,YES,2005,YES,0,0,1,,Post (prior bilateral ovariectomy OR >12 mo since LMP with no prior hysterectomy),,,NO,Core needle biopsy,,YES,,,,,,,,,,,,,86.89,0:LIVING,3A0775A0-61AE-43F2-B5F6-629A44355C2F,Negative,,Right Upper Outer Quadrant,,NO,,,,,Negative,<10%,WHITE,,YES,1,Female,Breast,Sentinel node biopsy alone,,,,Lumpectomy,GM,TUMOR FREE
TCGA-GM-A2DL,50,M0,N0 (i-),Stage I,6th,T1c,,,0,115.6,0:DiseaseFree,,,,Positive,90-99%,NOT HISPANIC OR LATINO,,9/29/11,,,,,,,<10%,1,,,Infiltrating Ductal Carcinoma,,No,No,C50.9,8500/3,C50.9,Negative,,YES,2003,YES,0,0,2,,Peri (6-12 months since last menstrual period),,,NO,Core needle biopsy,,YES,,,,,,,,,,,,,115.6,0:LIVING,A76774FE-7298-4D68-A2B2-C1BAD93F0C31,Negative,,Left Upper Outer Quadrant,,NO,,,,,Positive,90-99%,WHITE,,YES,1,Female,Breast,Sentinel node biopsy alone,,,,Lumpectomy,GM,TUMOR FREE
TCGA-GM-A2DM,57,M0,N0 (i-),Stage IIA,6th,T2,,,0,105.98,0:DiseaseFree,,,,Positive,40-49%,HISPANIC OR LATINO,,9/30/11,,,,,,,<10%,1,,,Infiltrating Ductal Carcinoma,,No,No,C50.9,8500/3,C50.9,Negative,,YES,2004,YES,0,0,2,,Post (prior bilateral ovariectomy OR >12 mo since LMP with no prior hysterectomy),,,NO,Core needle biopsy,,YES,,,,,,,,,,,,,105.98,0:LIVING,753D5D49-3B40-4737-9D4C-B1EC29CC2692,Negative,,Right Lower Outer Quadrant,,NO,,,,,Positive,30-39%,WHITE,,YES,1,Female,Breast,Sentinel node biopsy alone,,,,Lumpectomy,GM,TUMOR FREE
TCGA-GM-A2DN,58,M0,N0 (i-),Stage IIA,6th,T2,,,0,101.54,0:DiseaseFree,,,,Positive,90-99%,NOT HISPANIC OR LATINO,,9/30/11,,,,,,,,1,,,Infiltrating Ductal Carcinoma,,No,No,C50.9,8500/3,C50.9,Negative,,YES,2004,YES,0,0,9,,Post (prior bilateral ovariectomy OR >12 mo since LMP with no prior hysterectomy),,,NO,Core needle biopsy,,YES,,,,,,,,,,,,,101.54,0:LIVING,56BBD282-B88D-4730-9242-AB97D08DC83A,Negative,,Left Upper Outer Quadrant,,NO,,,,,Positive,90-99%,WHITE,,YES,1,Female,Breast,Sentinel lymph node biopsy plus axillary dissection,,,,Modified Radical Mastectomy,GM,TUMOR FREE
TCGA-GM-A2DO,54,M0,N0 (i-),Stage I,6th,T1c,,,0,85.28,0:DiseaseFree,,,,Positive,90-99%,NOT HISPANIC OR LATINO,,9/30/11,,,,,,,<10%,,,,Infiltrating Lobular Carcinoma,,No,No,C50.9,8520/3,C50.9,Negative,,YES,2006,YES,0,0,3,,Post (prior bilateral ovariectomy OR >12 mo since LMP with no prior hysterectomy),,,NO,Core needle biopsy,,YES,,,,,,,,,,,,,85.28,0:LIVING,5FD37868-4762-4109-9DCF-6FDBAB5B645D,Negative,,Right Upper Outer Quadrant,,NO,,,,,Positive,90-99%,BLACK OR AFRICAN AMERICAN,,YES,1,Female,Breast,Sentinel node biopsy alone,,,,Lumpectomy,GM,TUMOR FREE
TCGA-GM-A3NW,63,M0,N0 (i-),Stage IIA,6th,T2,,1.57,0,110.41,0:DiseaseFree,,,,Negative,,NOT HISPANIC OR LATINO,,1/3/12,60,,1.15,1.8,,Negative,30-39%,1,,,Infiltrating Lobular Carcinoma,,No,No,C50.9,8520/3,C50.9,Equivocal,,YES,2003,YES,0,0,4,,Post (prior bilateral ovariectomy OR >12 mo since LMP with no prior hysterectomy),,,NO,Core needle biopsy,,YES,,,,,,,,,,,,,110.41,0:LIVING,6DDAEE34-46EB-490C-BD13-F0AB963C4322,Negative,,Left Upper Inner Quadrant,,NO,,,,,Positive,20-29%,WHITE,,YES,1,Female,Breast,Sentinel node biopsy alone,,,,Simple Mastectomy,GM,TUMOR FREE
TCGA-GM-A3NY,72,M0,N1a,Stage IIB,6th,T2,,,0,38.17,0:DiseaseFree,,,,Positive,90-99%,NOT HISPANIC OR LATINO,,1/3/12,,,,,,,,,,,Infiltrating Lobular Carcinoma,,No,No,C50.9,8520/3,C50.9,Negative,,YES,2009,YES,1,0,13,,Post (prior bilateral ovariectomy OR >12 mo since LMP with no prior hysterectomy),,,NO,Core needle biopsy,,NO,,,,,,,,,,,,,38.17,0:LIVING,BD5374C9-7F36-457F-B66B-7CC7FF64224E,Negative,,Left Upper Outer Quadrant,,NO,,,,,Positive,20-29%,WHITE,,YES,1,Female,Breast,Axillary lymph node dissection alone,,,,Lumpectomy,GM,TUMOR FREE
TCGA-GM-A3XG,46,M0,N1a,Stage IIIA,6th,T3,,1.67,0,43.69,0:DiseaseFree,,,,Positive,90-99%,NOT HISPANIC OR LATINO,,10/1/12,60,,1.04,1.73,,Negative,,1,,,Infiltrating Lobular Carcinoma,,No,No,C50.9,8520/3,C50.9,Negative,,YES,2009,YES,3,0,26,,Pre (<6 months since LMP AND no prior bilateral ovariectomy AND not on estrogen replacement),,,,Core needle biopsy,,YES,NO,,,,,,,,,,,,43.69,0:LIVING,6F0FD68F-ED6A-4C9E-BE02-C97BA4950F76,Negative,YES,Right|Right Upper Outer Quadrant,,NO,,,,,Positive,90-99%,WHITE,YES,YES,1,Female,Breast,Sentinel lymph node biopsy plus axillary dissection,,,,Modified Radical Mastectomy,GM,TUMOR FREE
TCGA-GM-A3XL,49,M0,N0 (i-),Stage IIA,6th,T2,,,0,69.25,0:DiseaseFree,,,,Negative,<10%,NOT HISPANIC OR LATINO,,10/1/12,,,0.99,,,Negative,,,,,Infiltrating Ductal Carcinoma,,No,No,C50.9,8500/3,C50.9,,,YES,2007,YES,0,0,4,,Post (prior bilateral ovariectomy OR >12 mo since LMP with no prior hysterectomy),,,,Core needle biopsy,,YES,NO,,,,,,,,,,,,69.25,0:LIVING,65CAC997-4D39-4501-85EC-4FCB328A8EB5,Negative,YES,Right|Right Upper Outer Quadrant,,NO,,,,,Negative,<10%,BLACK OR AFRICAN AMERICAN,YES,YES,1,Female,Breast,Sentinel node biopsy alone,,,,Lumpectomy,GM,TUMOR FREE
TCGA-GM-A3XN,44,M0,N2a,Stage IIIA,6th,T1c,,1.73,0,66.33,0:DiseaseFree,,,,Positive,80-89%,NOT HISPANIC OR LATINO,,10/1/12,60,,1.07,1.85,,Negative,,1,,,Infiltrating Lobular Carcinoma,,No,No,C50.9,8520/3,C50.9,Negative,,YES,2007,YES,5,0,34,,Post (prior bilateral ovariectomy OR >12 mo since LMP with no prior hysterectomy),,,,Incisional Biopsy,,NO,NO,,,,,,,,,,,,66.33,0:LIVING,0930E97A-72EA-4BD5-B2F0-50C76AF695F3,Negative,YES,Left|Left Upper Outer Quadrant,,NO,,,,,Positive,90-99%,WHITE,YES,YES,1,Female,Breast,Sentinel lymph node biopsy plus axillary dissection,,,,Lumpectomy,GM,TUMOR FREE
TCGA-GM-A4E0,67,M0,N3a,Stage IIIC,6th,T3,,,0,71.98,0:DiseaseFree,,,,Positive,90-99%,NOT HISPANIC OR LATINO,,11/26/12,,,,,,Negative,,,,,Infiltrating Lobular Carcinoma,,No,No,C50.9,8520/3,C50.9,,,YES,2007,YES,10,1,22,,Post (prior bilateral ovariectomy OR >12 mo since LMP with no prior hysterectomy),,,,Core needle biopsy,,YES,NO,,,,,,,,,,,,71.98,0:LIVING,6397D7BC-9CB1-4A84-81AD-76954E0A8CEE,Negative,YES,Left|Left Upper Inner Quadrant|Left Upper Outer Quadrant|Left Lower Inner Quadrant|Left Lower Outer Quadrant,,NO,,,,,Positive,90-99%,WHITE,YES,YES,1,Female,Breast,Sentinel lymph node biopsy plus axillary dissection,,,,Modified Radical Mastectomy,GM,TUMOR FREE
TCGA-GM-A5PV,63,M0,N1a,Stage IIB,7th,T2,,2.7,0,13.53,0:DiseaseFree,,,,Positive,90-99%,NOT HISPANIC OR LATINO,,4/12/13,40,,1.35,3.65,,Negative,,,,,Infiltrating Lobular Carcinoma,,No,No,C50.9,8520/3,C50.9,,,YES,2011,YES,1,,24,,Post (prior bilateral ovariectomy OR >12 mo since LMP with no prior hysterectomy),,,,Core needle biopsy,,NO,NO,,,,,,,,,,,,13.53,0:LIVING,67C8DC41-EDCB-4563-96B3-3F93F9EDCBE9,Negative,YES,Right,,NO,,,,,Positive,30-39%,WHITE,NO,YES,1,Female,Breast,Sentinel lymph node biopsy plus axillary dissection,,,,Modified Radical Mastectomy,GM,TUMOR FREE
TCGA-GM-A5PX,65,M0,N1mi,Stage IIB,7th,T2,,1.78,0,18.1,0:DiseaseFree,,,,Positive,90-99%,NOT HISPANIC OR LATINO,,4/12/13,60,,,1.98,,Negative,30-39%,1,,,Infiltrating Lobular Carcinoma,,No,No,C50.9,8520/3,C50.9,Negative,,YES,2011,YES,1,2,13,,Post (prior bilateral ovariectomy OR >12 mo since LMP with no prior hysterectomy),,,,Core needle biopsy,,YES,NO,,,,,,,,,,,,18.1,0:LIVING,F7064D01-29D8-49A2-AD60-1E0C5F148F3E,Negative,YES,Left,,NO,,,,,Positive,90-99%,WHITE,NO,YES,1,Female,Breast,Sentinel lymph node biopsy plus axillary dissection,,,,Simple Mastectomy,GM,TUMOR FREE
TCGA-HN-A2NL,56,M0,N0,Stage IIA,6th,T2,,,0,2.6,0:DiseaseFree,,,,Negative,,,,5/30/14,,,,,,,,,,,Infiltrating Lobular Carcinoma,,No,No,C50.9,8520/3,C50.9,Negative,,YES,,YES,0,0,3,,Post (prior bilateral ovariectomy OR >12 mo since LMP with no prior hysterectomy),,,,Tumor resection,,YES,,,,,,,,,,,,,2.6,0:LIVING,124B693C-77DC-4FA8-B703-54E8B5054A92,Negative,,Left Upper Outer Quadrant,,NO,,,,,Negative,,,,YES,1,Female,Breast,Sentinel node biopsy alone,,,,Simple Mastectomy,HN,TUMOR FREE
TCGA-HN-A2OB,45,M0,N1,Stage IIB,6th,T2,,1.7,0,54.96,1:Recurred/Progressed,,,,Positive,,,,9/26/13,60,,1.2,2,,Negative,,,,,Infiltrating Lobular Carcinoma,,No,No,C50.9,8520/3,C50.9,Negative,,YES,,YES,2,,10,,Pre (<6 months since LMP AND no prior bilateral ovariectomy AND not on estrogen replacement),,,,Core needle biopsy,,NO,YES,,,,,,,,,,,,62.42,1:DECEASED,61204CDF-3B1C-44A1-BDA6-0FEF1AC4A333,Negative,YES,Right|Right Lower Outer Quadrant,,NO,,,,,Positive,,,YES,YES,1,Female,Breast,Sentinel node biopsy alone,,,,Simple Mastectomy,HN,WITH TUMOR
TCGA-JL-A3YW,49,M0,N1,Stage IIB,7th,T2,,,0,11.83,0:DiseaseFree,,,3 Point Scale,Positive,30-39%,NOT HISPANIC OR LATINO,,11/8/12,,,,,,,30-39%,1,,,Infiltrating Lobular Carcinoma,,No,No,C50.9,8520/3,C50.9,Positive,3,YES,2011,YES,3,0,16,,Post (prior bilateral ovariectomy OR >12 mo since LMP with no prior hysterectomy),,,,Tumor resection,,,NO,,,,,,,,,,,,11.83,0:LIVING,A2434F47-2168-47D0-9BBB-981071597843,Negative,NO,Left,,YES,,3+,,3 Point Scale,Positive,30-39%,ASIAN,NO,NO,1,Female,Breast,Axillary lymph node dissection alone,,,,Modified Radical Mastectomy,JL,
TCGA-JL-A3YX,46,M0,N0,Stage IIA,7th,T2,,,0,11.56,0:DiseaseFree,,,3 Point Scale,Positive,30-39%,NOT HISPANIC OR LATINO,,11/8/12,,,,,,,30-39%,3,,,Infiltrating Lobular Carcinoma,,No,No,C50.9,8520/3,C50.9,Positive,2,YES,2011,YES,0,0,16,,Post (prior bilateral ovariectomy OR >12 mo since LMP with no prior hysterectomy),,,,Tumor resection,,,NO,,,,,,,,,,,,11.56,0:LIVING,75F6E476-233A-409C-A3EF-0240BE569813,Negative,NO,Left,,YES,,2+,,3 Point Scale,Positive,30-39%,ASIAN,NO,NO,1,Female,Breast,Axillary lymph node dissection alone,,,,Modified Radical Mastectomy,JL,
TCGA-LD-A66U,44,MX,N1mi,Stage IIB,7th,T2,,,0,21.22,0:DiseaseFree,,,3 Point Scale,Positive,90-99%,NOT HISPANIC OR LATINO,,6/27/13,,,,,,,<10%,,,,Infiltrating Lobular Carcinoma,,No,No,C50.9,8520/3,C50.9,Negative,3,YES,2012,YES,2,,15,,,,,,Core needle biopsy,,NO,NO,,,,,,,,,,,,21.22,0:LIVING,38DC3E09-0B0E-4A29-B318-CC0352013DAE,Negative,YES,Right Upper Outer Quadrant,,YES,,3+,,3 Point Scale,Positive,90-99%,WHITE,YES,NO,1,Female,Breast,Sentinel lymph node biopsy plus axillary dissection,,,,Modified Radical Mastectomy,LD,TUMOR FREE
TCGA-LD-A74U,79,M0,N3a,Stage IIIC,7th,T3,,,0,13.21,0:DiseaseFree,,,3 Point Scale,Positive,<10%,NOT HISPANIC OR LATINO,,12/30/13,,,,,,,,,,,"Other, specify",,No,Yes,C50.9,8524/3,C50.9,Negative,3,YES,2013,YES,11,,12,,,,,,Core needle biopsy,,,NO,,,,,,,,,,,,13.21,0:LIVING,38A4E9BD-93E9-432D-A756-3B1055B823BD,Negative,YES,Right,,YES,,,,3 Point Scale,Negative,<10%,WHITE,NO,NO,1,Female,Breast,Axillary lymph node dissection alone,,,,Lumpectomy,LD,WITH TUMOR
TCGA-LD-A7W5,52,M0,N3a,Stage IIIC,7th,T2,,,0,7.1,0:DiseaseFree,,,3 Point Scale,Positive,90-99%,NOT HISPANIC OR LATINO,,2/3/14,,,,,,,,,,,Infiltrating Ductal Carcinoma,,No,No,C50.9,8500/3,C50.9,Negative,3,YES,2013,YES,23,,23,,Pre (<6 months since LMP AND no prior bilateral ovariectomy AND not on estrogen replacement),,,,Core needle biopsy,,NO,NO,,,,,,,,,,,,7.1,0:LIVING,A06FF6AE-B0DD-4516-A75C-0DB71694B46B,Positive,YES,Left Upper Outer Quadrant,,YES,,,,3 Point Scale,Positive,,BLACK OR AFRICAN AMERICAN,NO,NO,1,Female,Breast,Axillary lymph node dissection alone,,,,Lumpectomy,LD,WITH TUMOR
TCGA-LD-A7W6,54,M0,N1a,Stage IIB,7th,T2,,,0,13.27,0:DiseaseFree,,,3 Point Scale,Positive,90-99%,NOT HISPANIC OR LATINO,,2/3/14,,,,,,,,,,,"Other, specify",,No,No,C50.2,8524/3,C50.2,Negative,3,YES,2013,YES,2,,18,,Post (prior bilateral ovariectomy OR >12 mo since LMP with no prior hysterectomy),,,,Core needle biopsy,,NO,NO,,,,,,,,,,,,13.27,0:LIVING,0B0F9938-CE1E-4814-8821-0132D137EB9E,Negative,YES,Right|Right Upper Inner Quadrant,,YES,,,,3 Point Scale,Positive,,WHITE,NO,NO,1,Female,Breast,Axillary lymph node dissection alone,,,,Modified Radical Mastectomy,LD,TUMOR FREE
TCGA-LD-A9QF,73,M0,N0,Stage IA,7th,T1c,,,0,10.61,0:DiseaseFree,,,,Negative,,NOT HISPANIC OR LATINO,,5/7/14,,,,,,,90-99%,3,,,Infiltrating Ductal Carcinoma,,No,No,C50.9,8500/3,C50.9,Positive,,YES,2013,YES,0,,14,,Post (prior bilateral ovariectomy OR >12 mo since LMP with no prior hysterectomy),,,,Core needle biopsy,,YES,,,,,,,,,,,,,10.61,0:LIVING,95C53ECF-D8F1-4BCB-9B1A-C9A0542939F0,Negative,,Left,,YES,,,,,Negative,,BLACK OR AFRICAN AMERICAN,,NO,1,Female,Breast,Sentinel node biopsy alone,,,,Simple Mastectomy,LD,TUMOR FREE
TCGA-LL-A440,61,MX,N0 (i-),Stage IA,7th,T1c,,46,0,24.93,0:DiseaseFree,,,3 Point Scale,Positive,90-99%,NOT HISPANIC OR LATINO,,10/26/12,20,,1.7,79,,Negative,,2,,,Infiltrating Lobular Carcinoma,,No,Yes,C50.9,8520/3,C50.9,Equivocal,3,YES,2012,YES,0,0,4,,Post (prior bilateral ovariectomy OR >12 mo since LMP with no prior hysterectomy),,,,Core needle biopsy,,YES,NO,,,,,,,,,,,,24.93,0:LIVING,00B11CA8-8540-4A3D-B602-EC754B00230B,Negative,NO,Left Upper Outer Quadrant,,YES,,3+,,3 Point Scale,Positive,90-99%,WHITE,NO,NO,1,Female,Breast,Sentinel node biopsy alone,,,,Simple Mastectomy,LL,TUMOR FREE
TCGA-LL-A441,62,MX,N0,Stage IA,7th,T1c,,,0,32.72,0:DiseaseFree,,,3 Point Scale,Negative,,NOT HISPANIC OR LATINO,,11/5/12,,,,,,,,1,,,Infiltrating Ductal Carcinoma,,No,No,C50.9,8500/3,C50.9,Negative,,YES,2012,YES,0,0,4,,Post (prior bilateral ovariectomy OR >12 mo since LMP with no prior hysterectomy),,,,Core needle biopsy,,YES,NO,,,,,,,,,,,,32.72,0:LIVING,69FC24FC-CFE2-487A-935F-1A954B30B709,Negative,YES,Right Upper Outer Quadrant,,YES,,,,3 Point Scale,Negative,,BLACK OR AFRICAN AMERICAN,NO,NO,1,Female,Breast,Sentinel lymph node biopsy plus axillary dissection,,,,Lumpectomy,LL,TUMOR FREE
TCGA-LL-A442,56,MX,N0 (i-),Stage IIA,7th,T2,,35,0,29.2,0:DiseaseFree,,,3 Point Scale,Positive,90-99%,NOT HISPANIC OR LATINO,,10/26/12,20,,1.7,60,,Negative,,2,,,Infiltrating Ductal Carcinoma,,No,Yes,C50.9,8500/3,C50.9,Equivocal,3,YES,2012,YES,0,0,4,,Post (prior bilateral ovariectomy OR >12 mo since LMP with no prior hysterectomy),,,,Core needle biopsy,,YES,NO,,,,,,,,,,,,29.2,0:LIVING,3F56D67F-5A9C-4353-9408-E7F60EB6477B,Negative,YES,Left Lower Outer Quadrant,,YES,,3+,,3 Point Scale,Positive,90-99%,BLACK OR AFRICAN AMERICAN,NO,NO,1,Female,Breast,Sentinel node biopsy alone,,,,Simple Mastectomy,LL,TUMOR FREE
TCGA-LL-A50Y,84,MX,N0,Stage IIA,7th,T2,,2.5,0,25.03,0:DiseaseFree,,,3 Point Scale,Positive,90-99%,NOT HISPANIC OR LATINO,,3/8/13,167,,1,2.6,,Negative,,2,,,Infiltrating Lobular Carcinoma,,No,Yes,C50.9,8520/3,C50.9,Equivocal,,YES,2012,YES,0,0,8,,Post (prior bilateral ovariectomy OR >12 mo since LMP with no prior hysterectomy),,,,Core needle biopsy,,YES,NO,,,,,,,,,,,,25.03,0:LIVING,91DA548B-5C64-49C3-A44A-1EF115F53311,Negative,YES,Right Upper Outer Quadrant,,YES,,2+,,3 Point Scale,Positive,90-99%,WHITE,NO,NO,1,Female,Breast,Axillary lymph node dissection alone,,,,Modified Radical Mastectomy,LL,TUMOR FREE
TCGA-LL-A5YL,64,MX,N1a,Stage IIB,7th,T2,,2.9,0,17.05,0:DiseaseFree,,,3 Point Scale,Positive,90-99%,NOT HISPANIC OR LATINO,,6/3/13,65,,0.9,2.6,,Negative,,3,,,Infiltrating Lobular Carcinoma,,No,No,C50.9,8520/3,C50.9,Positive,3,YES,2012,YES,3,0,23,,Post (prior bilateral ovariectomy OR >12 mo since LMP with no prior hysterectomy),,,,Core needle biopsy,,,NO,,,,,,,,,,,,17.05,0:LIVING,1D75E89D-4B01-443C-BE54-749C7A667BF4,Negative,YES,Right|Right Upper Inner Quadrant,,YES,,,,3 Point Scale,Negative,<10%,WHITE,NO,NO,1,Female,Breast,Sentinel lymph node biopsy plus axillary dissection,,,,Simple Mastectomy,LL,
TCGA-LL-A5YM,88,M0,NX,Stage IIIB,7th,T4b,,54,0,8.48,1:Recurred/Progressed,,,3 Point Scale,Positive,90-99%,NOT HISPANIC OR LATINO,partial mastectomy,6/3/13,20,,3.2,172,,Positive,,2,,,Infiltrating Ductal Carcinoma,,No,No,C50.9,8541/3,C50.9,Equivocal,3,YES,2012,NO,,,,Negative,Post (prior bilateral ovariectomy OR >12 mo since LMP with no prior hysterectomy),,,,Core needle biopsy,,,NO,,,,,,,,,,,,15.31,0:LIVING,E9A12DF9-024E-4CBC-B6BF-E4E87485FA90,Positive,NO,Left|Left Upper Inner Quadrant,,YES,,3+,,3 Point Scale,Positive,90-99%,BLACK OR AFRICAN AMERICAN,NO,NO,1,Female,Breast,No axillary staging,,Mastectomy NOS,,Other,LL,WITH TUMOR
TCGA-LL-A5YN,46,M0,N0 (i-),Stage IIA,7th,T2,,54,0,14.68,0:DiseaseFree,,,3 Point Scale,Positive,90-99%,NOT HISPANIC OR LATINO,,5/20/13,20,,3.2,172,,Positive,,2,,,Infiltrating Ductal Carcinoma,,No,No,C50.9,8500/3,C50.9,Equivocal,3,YES,2013,YES,0,0,5,,Post (prior bilateral ovariectomy OR >12 mo since LMP with no prior hysterectomy),,,,Core needle biopsy,,NO,NO,,,,,,,,,,,,14.68,0:LIVING,EF1B3332-CD7F-41BB-A2D3-2538E7BECC5C,Negative,YES,Right|Right Upper Inner Quadrant,,YES,,3+,,3 Point Scale,Positive,90-99%,BLACK OR AFRICAN AMERICAN,NO,NO,1,Female,Breast,Sentinel node biopsy alone,,,,Lumpectomy,LL,
TCGA-LL-A5YO,50,MX,N0,Stage IA,7th,T1b,,,0,14.45,0:DiseaseFree,,,,Negative,,NOT HISPANIC OR LATINO,,5/8/13,,,,,,,,1,,,Infiltrating Ductal Carcinoma,,No,No,C50.9,8500/3,C50.9,Negative,,YES,2013,YES,0,0,1,,Pre (<6 months since LMP AND no prior bilateral ovariectomy AND not on estrogen replacement),,,,Core needle biopsy,,YES,NO,,,,,,,,,,,,14.45,0:LIVING,B8AEFC48-4A6E-4254-A57F-5F688399B582,Negative,YES,Left Upper Outer Quadrant,,YES,,,,,Negative,,BLACK OR AFRICAN AMERICAN,NO,NO,1,Female,Breast,Sentinel node biopsy alone,,,,Lumpectomy,LL,TUMOR FREE
TCGA-LL-A5YP,49,M0,N1a,Stage IIB,7th,T2,,35,0,14.78,0:DiseaseFree,,,3 Point Scale,Positive,<10%,NOT HISPANIC OR LATINO,,5/20/13,20,,3.4,118,,Positive,<10%,1,,,Infiltrating Ductal Carcinoma,,No,Yes,C50.9,8500/3,C50.9,Negative,3,YES,2013,YES,2,,12,,Post (prior bilateral ovariectomy OR >12 mo since LMP with no prior hysterectomy),,,,Core needle biopsy,,NO,NO,,,,,,,,,,,,14.78,0:LIVING,6D24E675-2FA4-4102-861F-7516650B3049,Negative,YES,Right|Right Lower Inner Quadrant,,YES,,,,3 Point Scale,Negative,<10%,BLACK OR AFRICAN AMERICAN,NO,NO,1,Female,Breast,Sentinel lymph node biopsy plus axillary dissection,,,,Modified Radical Mastectomy,LL,
TCGA-LL-A6FP,90,MX,NX,Stage IIA,7th,T2,,3.1,0,22.24,0:DiseaseFree,,,3 Point Scale,Positive,90-99%,NOT HISPANIC OR LATINO,,9/3/13,549,,0.9,2.6,,Negative,,2,,,Infiltrating Lobular Carcinoma,,Yes,No,C50.9,8520/3,C50.9,Equivocal,3,YES,2012,NO,,,,,Post (prior bilateral ovariectomy OR >12 mo since LMP with no prior hysterectomy),,,,Core needle biopsy,,NO,NO,,,,,,,,,,,,22.24,0:LIVING,5C9D8163-A68E-43CE-9CBA-EFFB7405761E,Negative,YES,Right Upper Outer Quadrant,,YES,,1+,,3 Point Scale,Positive,20-29%,WHITE,NO,NO,1,Female,Breast,No axillary staging,,,,Simple Mastectomy,LL,TUMOR FREE
TCGA-LL-A6FQ,77,MX,N2a,Stage IIIA,7th,T2,,,0,2.63,0:DiseaseFree,,,3 Point Scale,Positive,90-99%,NOT HISPANIC OR LATINO,,8/30/13,,,,,,,,1,,,Infiltrating Ductal Carcinoma,,No,No,C50.9,8500/3,C50.9,Negative,3,YES,2013,YES,7,0,18,,Post (prior bilateral ovariectomy OR >12 mo since LMP with no prior hysterectomy),,,,Core needle biopsy,,YES,,,,,,,,,,,,,2.63,0:LIVING,92B842C5-F71B-4EF7-BA86-358D28E0966F,Negative,NO,Right Upper Outer Quadrant,,YES,,2+,,3 Point Scale,Positive,80-89%,BLACK OR AFRICAN AMERICAN,NO,NO,1,Female,Breast,Axillary lymph node dissection alone,,,,Modified Radical Mastectomy,LL,
TCGA-LL-A6FR,50,MX,N0 (i-),Stage IIA,7th,T2,,,0,16.06,0:DiseaseFree,,,,Negative,,NOT HISPANIC OR LATINO,,8/30/13,20,,2.7,,,Positive,,2,,,Infiltrating Ductal Carcinoma,,No,No,C50.9,8500/3,C50.9,Equivocal,,YES,2013,YES,0,0,1,,Post (prior bilateral ovariectomy OR >12 mo since LMP with no prior hysterectomy),,,,Core needle biopsy,,YES,NO,,,,,,,,,,,,16.06,0:LIVING,1347C23D-8D6E-4C15-9461-640249838C96,Negative,YES,Right|Right Lower Inner Quadrant,,YES,,1+,,3 Point Scale,Positive,<10%,BLACK OR AFRICAN AMERICAN,NO,NO,1,Female,Breast,Sentinel node biopsy alone,,,,Lumpectomy,LL,TUMOR FREE
TCGA-LL-A73Y,67,MX,N0,Stage IA,7th,T1c,,,0,15.67,0:DiseaseFree,,,3 Point Scale,Negative,,NOT HISPANIC OR LATINO,,11/12/13,,,,,,,,3,,,Infiltrating Ductal Carcinoma,,No,No,C50.9,8500/3,C50.9,Negative,3,YES,2013,YES,0,0,1,,Post (prior bilateral ovariectomy OR >12 mo since LMP with no prior hysterectomy),,,,Core needle biopsy,,NO,NO,,,,,,,,,,,,15.67,0:LIVING,EA645243-DF49-4466-A255-9F3D4321E357,Negative,YES,Right|Right Upper Inner Quadrant,,YES,,3+,,3 Point Scale,Negative,,BLACK OR AFRICAN AMERICAN,NO,NO,1,Female,Breast,Sentinel node biopsy alone,,,,Simple Mastectomy,LL,TUMOR FREE
TCGA-LL-A73Z,55,M1,NX,Stage IV,7th,T1c,,2.2,0,6.31,1:Recurred/Progressed,,,3 Point Scale,Positive,10-19%,NOT HISPANIC OR LATINO,,11/15/13,243,,1.1,2.5,,Negative,,2,,,Infiltrating Ductal Carcinoma,,No,No,C50.9,8500/3,C50.9,Equivocal,1,YES,2013,NO,,,,,Post (prior bilateral ovariectomy OR >12 mo since LMP with no prior hysterectomy),skin,"Other, specify",,Excisional Biopsy,,NO,NO,,,,,,,,,,,,7.46,1:DECEASED,3E637872-F5E5-49D3-BB0D-9C16B8713382,Positive,YES,Left|Left Lower Inner Quadrant,,YES,,1+,,3 Point Scale,Positive,<10%,BLACK OR AFRICAN AMERICAN,YES,NO,1,Female,Breast,No axillary staging,,,,Lumpectomy,LL,WITH TUMOR
TCGA-LL-A740,61,MX,N0 (i-),Stage IA,7th,T1c,,2.9,0,14.49,0:DiseaseFree,,,3 Point Scale,Negative,,NOT HISPANIC OR LATINO,,11/12/13,113,,1.2,3.3,,Negative,,2,,,Infiltrating Ductal Carcinoma,,No,No,C50.9,8500/3,C50.9,Equivocal,,YES,2013,YES,0,0,1,,Post (prior bilateral ovariectomy OR >12 mo since LMP with no prior hysterectomy),,,,Core needle biopsy,,YES,NO,,,,,,,,,,,,14.49,0:LIVING,AA60FA8D-C374-40E0-AF2D-B007701E67E3,Negative,YES,Right Upper Outer Quadrant,,YES,,,,3 Point Scale,Negative,,BLACK OR AFRICAN AMERICAN,NO,NO,1,Female,Breast,Sentinel node biopsy alone,,,,Lumpectomy,LL,TUMOR FREE
TCGA-LL-A7SZ,49,MX,N1a,Stage IIB,7th,T2,,,0,19.51,0:DiseaseFree,,,3 Point Scale,Positive,90-99%,NOT HISPANIC OR LATINO,SKIN SPARING RADICAL MASTECTOMY,1/7/14,,,,,,,,1,,,Infiltrating Ductal Carcinoma,,No,No,C50.9,8500/3,C50.9,Negative,2,YES,2013,YES,2,0,11,,Pre (<6 months since LMP AND no prior bilateral ovariectomy AND not on estrogen replacement),,,,Core needle biopsy,,YES,NO,,,,,,,,,,,,19.51,0:LIVING,09A5E9FD-D816-4F8C-BAA9-0E40BA607B16,Negative,YES,Left Upper Outer Quadrant,,YES,,2+,,3 Point Scale,Positive,90-99%,BLACK OR AFRICAN AMERICAN,NO,NO,1,Female,Breast,Axillary lymph node dissection alone,,,,Other,LL,TUMOR FREE
TCGA-LL-A7T0,70,M0,N1a,Stage IIB,7th,T2,,,0,12.35,0:DiseaseFree,,,3 Point Scale,Positive,90-99%,NOT HISPANIC OR LATINO,,1/3/14,,,,,,,,3,,,Infiltrating Ductal Carcinoma,,No,No,C50.9,8500/3,C50.9,Positive,3,YES,2013,YES,1,,4,,Post (prior bilateral ovariectomy OR >12 mo since LMP with no prior hysterectomy),,,,Tumor resection,,NO,,,,,,,,,,,,,12.35,0:LIVING,D8F8064F-02EF-4FED-942B-714CBE5E8455,Negative,NO,Left Lower Inner Quadrant,,YES,,1+,,3 Point Scale,Positive,<10%,BLACK OR AFRICAN AMERICAN,NO,NO,1,Female,Breast,Axillary lymph node dissection alone,,,,Simple Mastectomy,LL,
TCGA-LL-A8F5,61,MX,N0 (i-),Stage IIA,7th,T2,,,0,19.58,0:DiseaseFree,,,3 Point Scale,Positive,20-29%,NOT HISPANIC OR LATINO,,2/19/14,,,,,,,<10%,1,,,Infiltrating Ductal Carcinoma,,No,No,C50.9,8500/3,C50.9,Negative,1,YES,2013,YES,0,0,3,,Post (prior bilateral ovariectomy OR >12 mo since LMP with no prior hysterectomy),,,,Core needle biopsy,,YES,NO,,,,,,,,,,,,19.58,0:LIVING,E1786E78-AC46-46FD-8CE0-8F7456E46082,Negative,YES,Right|Right Upper Inner Quadrant,,YES,,,,3 Point Scale,Negative,<10%,BLACK OR AFRICAN AMERICAN,NO,NO,1,Female,Breast,Sentinel node biopsy alone,,,,Lumpectomy,LL,
TCGA-LL-A9Q3,69,MX,N3a,Stage IIIC,7th,T3,,,0,17.48,0:DiseaseFree,,,3 Point Scale,Positive,90-99%,NOT HISPANIC OR LATINO,,5/21/14,,,,,,,,3,,,Infiltrating Lobular Carcinoma,,No,No,C50.9,8520/3,C50.9,Positive,3,YES,2013,YES,28,0,28,,Post (prior bilateral ovariectomy OR >12 mo since LMP with no prior hysterectomy),,,,Core needle biopsy,,YES,NO,,,,,,,,,,,,17.48,0:LIVING,6AF6D256-A753-46D2-B611-E4094FF265AA,Negative,YES,Left Upper Outer Quadrant,,YES,,2+,,3 Point Scale,Positive,<10%,WHITE,NO,NO,1,Female,Breast,Axillary lymph node dissection alone,,,,Modified Radical Mastectomy,LL,
TCGA-LQ-A4E4,73,MX,N1a,Stage IIIA,7th,T3,,1.1,0,22.37,1:Recurred/Progressed,,,3 Point Scale,Positive,90-99%,NOT HISPANIC OR LATINO,,12/5/12,60,,1.05,1.1,,Negative,,,,,Infiltrating Lobular Carcinoma,,No,No,C50.9,8520/3,C50.9,,1,YES,2011,YES,3,0,26,,Post (prior bilateral ovariectomy OR >12 mo since LMP with no prior hysterectomy),,,,Core needle biopsy,,NO,NO,,,,,,,,,,,,27.89,0:LIVING,4F321D41-3255-46A4-AE0D-1CF39699E624,Positive,YES,Right Upper Outer Quadrant,,NO,,1+,,3 Point Scale,Positive,90-99%,WHITE,YES,YES,1,Female,Breast,Sentinel lymph node biopsy plus axillary dissection,,,,Modified Radical Mastectomy,LQ,TUMOR FREE
TCGA-MS-A51U,44,M0,N1,Stage IIB,7th,T2,,,0,22.37,0:DiseaseFree,,,,Positive,90-99%,NOT HISPANIC OR LATINO,,9/12/12,,,,,,Negative,,,,,Infiltrating Lobular Carcinoma,,No,No,C50.9,8520/3,C50.9,Negative,,YES,2012,YES,2,,18,,,,,NO,,,,,,,,,,,,,,,,22.37,0:LIVING,910655DA-2C12-4572-96B7-DED616E69B4B,Negative,,Left Upper Outer Quadrant|Left Lower Outer Quadrant|Left,,YES,,,,,Positive,20-29%,WHITE,,NO,1,Female,Breast,,,,,Modified Radical Mastectomy,MS,WITH TUMOR
TCGA-OK-A5Q2,59,MX,N1a,Stage II,7th,T2,,,0,2.1,0:DiseaseFree,,,3 Point Scale,Positive,90-99%,,,1/22/13,,,,,,,,,,,Infiltrating Lobular Carcinoma,,No,No,C50.9,8520/3,C50.9,Negative,3,YES,2012,YES,2,2,13,,,,,,,,YES,NO,,,,,,,,,,,,2.1,0:LIVING,CD7FB75E-1C2E-4201-86D3-B3BA21F476BF,Negative,,Right,,YES,,3+,,3 Point Scale,Positive,20-29%,,,NO,1,Female,Breast,Axillary lymph node dissection alone,,,,Modified Radical Mastectomy,OK,
TCGA-OL-A5D6,71,MX,N0,Stage IIA,6th,T2,,,0,,,,,,Negative,,NOT HISPANIC OR LATINO,,4/19/13,,,1.13,,,Negative,,,,,Infiltrating Ductal Carcinoma,,No,No,C50.9,8500/3,C50.9,,,YES,2009,YES,,0,2,,Post (prior bilateral ovariectomy OR >12 mo since LMP with no prior hysterectomy),,,,Fine needle aspiration biopsy,,,NO,,,,,,,,,,,,36.27,1:DECEASED,C3A981C7-F148-4252-BD50-AF8A49EC0DF8,Negative,YES,Left Lower Outer Quadrant,,NO,,,,,Negative,,BLACK OR AFRICAN AMERICAN,NO,YES,1,Female,Breast,Sentinel node biopsy alone,,,,Simple Mastectomy,OL,TUMOR FREE
TCGA-OL-A5D7,70,MX,N0,Stage IIA,6th,T2,,,0,58.48,0:DiseaseFree,,,,Negative,,NOT HISPANIC OR LATINO,,4/19/13,,,1.36,,,Negative,,,,,Infiltrating Ductal Carcinoma,,No,No,C50.9,8500/3,C50.9,,,YES,2009,YES,,0,1,,Post (prior bilateral ovariectomy OR >12 mo since LMP with no prior hysterectomy),,,,Core needle biopsy,,,NO,,,,,,,,,,,,58.48,0:LIVING,C8F39325-5382-447C-9291-A6915FC978B8,Negative,YES,Left Upper Outer Quadrant,,NO,,,,,Negative,,BLACK OR AFRICAN AMERICAN,YES,YES,1,Female,Breast,Sentinel node biopsy alone,,,,Lumpectomy,OL,TUMOR FREE
TCGA-OL-A5D8,40,MX,N0,Stage IIB,6th,T3,,2.25,0,31.96,0:DiseaseFree,,,,Positive,90-99%,NOT HISPANIC OR LATINO,,4/19/13,20,,0.8,2,,Negative,,,,,Infiltrating Ductal Carcinoma,,No,No,C50.9,8500/3,C50.9,,,YES,2009,YES,,,2,,Pre (<6 months since LMP AND no prior bilateral ovariectomy AND not on estrogen replacement),,,,Core needle biopsy,,NO,NO,,,,,,,,,,,,31.96,0:LIVING,6D4860B2-21C6-4B7B-9093-2F32700D0612,,YES,Left Lower Outer Quadrant,,NO,,,,,Positive,90-99%,BLACK OR AFRICAN AMERICAN,YES,YES,1,Female,Breast,Other (specify),axillary ultrasound,,,Simple Mastectomy,OL,TUMOR FREE
TCGA-OL-A5DA,61,MX,N0,Stage IIA,6th,T2,,,0,58.57,0:DiseaseFree,,,,Positive,60-69%,NOT HISPANIC OR LATINO,partial mastectomy,4/23/13,,1,,,,Negative,,,,,Infiltrating Lobular Carcinoma,,No,No,C50.9,8520/3,C50.9,,,YES,2009,YES,,0,1,,Post (prior bilateral ovariectomy OR >12 mo since LMP with no prior hysterectomy),,,,"Other method, specify:",Ultrasound-guided mammotome biopsy,,NO,,,,,,,,,,,,58.57,0:LIVING,4E509F73-99C7-48EB-A3A4-D34E3BFACE33,Negative,NO,Right Upper Outer Quadrant,,NO,,,,,Positive,60-69%,WHITE,NO,YES,1,Female,Breast,Sentinel node biopsy alone,,,,Other,OL,TUMOR FREE
TCGA-OL-A5RU,63,MX,N1,Stage IIA,7th,T1c,,,0,40.05,0:DiseaseFree,,,,Positive,90-99%,,,5/16/13,,,1.02,,,Negative,,,,,Infiltrating Ductal Carcinoma,,No,No,C50.9,8500/3,C50.9,,,YES,2010,YES,1,,15,,Post (prior bilateral ovariectomy OR >12 mo since LMP with no prior hysterectomy),,,,Core needle biopsy,,,NO,,,,,,,,,,,,40.05,0:LIVING,B8A44FDF-9CB9-4123-9AB0-4BC198921FEE,Negative,YES,Left Upper Outer Quadrant,,NO,,,,,Positive,80-89%,BLACK OR AFRICAN AMERICAN,YES,YES,1,Female,Breast,Sentinel node biopsy alone,,,,Modified Radical Mastectomy,OL,TUMOR FREE
TCGA-OL-A5RV,43,MX,N3,Stage IIIC,7th,T2,,,0,34.89,0:DiseaseFree,,,,Positive,90-99%,,,5/16/13,,,1,,,Negative,,,,,Infiltrating Ductal Carcinoma,,No,No,C50.9,8500/3,C50.9,,,YES,2011,YES,20,,29,,Pre (<6 months since LMP AND no prior bilateral ovariectomy AND not on estrogen replacement),,,,Core needle biopsy,,NO,NO,,,,,,,,,,,,34.89,0:LIVING,1D38D356-D126-4476-94D0-26616B9375B1,Negative,YES,Right Upper Outer Quadrant,,NO,,,,,Positive,90-99%,BLACK OR AFRICAN AMERICAN,YES,YES,1,Female,Breast,Axillary lymph node dissection alone,,,,Modified Radical Mastectomy,OL,TUMOR FREE
TCGA-OL-A5RW,40,MX,N1,Stage IIA,7th,T1c,,,0,36.33,0:DiseaseFree,,,,Negative,,,,5/16/13,,,1.91,,,Negative,,,,,Infiltrating Ductal Carcinoma,,No,No,C50.9,8500/3,C50.9,,,YES,2010,YES,1,,4,,Pre (<6 months since LMP AND no prior bilateral ovariectomy AND not on estrogen replacement),,,,Excisional Biopsy,,,NO,,,,,,,,,,,,36.33,0:LIVING,A82D0A57-4383-473D-B334-D13B278404B1,Negative,YES,Right Upper Outer Quadrant,,NO,,,,,Negative,,BLACK OR AFRICAN AMERICAN,YES,YES,1,Female,Breast,Sentinel lymph node biopsy plus axillary dissection,,,,Lumpectomy,OL,TUMOR FREE
TCGA-OL-A5RX,51,MX,N0,Stage IA,7th,T1c,,,0,28.84,0:DiseaseFree,,,,Positive,90-99%,,,5/16/13,,,1,,,Negative,,,,,Infiltrating Ductal Carcinoma,,No,No,C50.9,8500/3,C50.9,,,YES,2011,YES,,,4,,Pre (<6 months since LMP AND no prior bilateral ovariectomy AND not on estrogen replacement),,,,Core needle biopsy,,,NO,,,,,,,,,,,,28.84,0:LIVING,43C0BEC6-6FAC-47B1-83CB-200A15A932BE,Negative,NO,Right Upper Outer Quadrant,,NO,,,,,Positive,90-99%,BLACK OR AFRICAN AMERICAN,NO,YES,1,Female,Breast,Sentinel node biopsy alone,,,,Simple Mastectomy,OL,TUMOR FREE
TCGA-OL-A5RY,52,MX,N1,Stage IIA,7th,T1c,,,0,24.7,0:DiseaseFree,,,,Positive,10-19%,,,5/16/13,,,7.6,,,Positive,,,,,Infiltrating Ductal Carcinoma,,No,No,C50.9,8500/3,C50.9,,,YES,2011,YES,1,,25,Negative,Post (prior bilateral ovariectomy OR >12 mo since LMP with no prior hysterectomy),,,,"Other method, specify:",Ultrasound-guided biopsy,,NO,,,,,,,,,,,,24.7,0:LIVING,8360CEC6-DAF6-41C9-9A4F-7FC03C958DCC,Positive,YES,Right,,NO,,,,,Negative,,BLACK OR AFRICAN AMERICAN,YES,YES,1,Female,Breast,Sentinel node biopsy alone,,Mastectomy NOS,,Lumpectomy,OL,WITH TUMOR
TCGA-OL-A5RZ,57,MX,N0,Stage IA,7th,T1b,,2,0,22.31,0:DiseaseFree,,,,Positive,30-39%,,,5/16/13,,,10.3,21,,Positive,,,,,Infiltrating Ductal Carcinoma,,No,No,C50.9,8500/3,C50.9,,,YES,2012,YES,,,3,,Post (prior bilateral ovariectomy OR >12 mo since LMP with no prior hysterectomy),,,,Core needle biopsy,,,NO,,,,,,,,,,,,22.31,0:LIVING,7E8713BD-0B17-4F09-9696-BC29707D862B,Negative,YES,Left Upper Outer Quadrant,,NO,,,,,Negative,<10%,BLACK OR AFRICAN AMERICAN,NO,YES,1,Female,Breast,Sentinel lymph node biopsy plus axillary dissection,,,,Simple Mastectomy,OL,TUMOR FREE
TCGA-OL-A5S0,66,MX,N1a,Stage IIB,7th,T2,,,0,20.37,0:DiseaseFree,,,,Positive,30-39%,,,5/16/13,,,3.8,,,Positive,,,,,Infiltrating Ductal Carcinoma,,No,No,C50.9,8500/3,C50.9,,,YES,2012,YES,2,,12,,Post (prior bilateral ovariectomy OR >12 mo since LMP with no prior hysterectomy),,,,Core needle biopsy,,,NO,,,,,,,,,,,,20.37,0:LIVING,43B3BF47-7313-4DFB-952A-EC0B9D48E16C,Negative,YES,Right,,NO,,,,,Negative,,BLACK OR AFRICAN AMERICAN,YES,YES,1,Female,Breast,Axillary lymph node dissection alone,,,,Modified Radical Mastectomy,OL,TUMOR FREE
TCGA-OL-A66H,,MX,N1mi,Stage IB,7th,T1c,,1.7,,,0:DiseaseFree,,,,Positive,90-99%,NOT HISPANIC OR LATINO,,6/11/13,,,1.03,1.8,,Negative,,,,,Mucinous Carcinoma,,No,No,C50.9,8480/3,C50.9,,,YES,,YES,,,1,,Post (prior bilateral ovariectomy OR >12 mo since LMP with no prior hysterectomy),,,,Fine needle aspiration biopsy,,,NO,,,,,,,,,,,,26.56,0:LIVING,76BD9BB9-9A8B-4A90-BB7C-EAFE76472EE4,Negative,NO,Right,,NO,,,,,Positive,80-89%,BLACK OR AFRICAN AMERICAN,YES,YES,1,Female,Breast,,,,,Lumpectomy,OL,TUMOR FREE
TCGA-OL-A66I,36,MX,N1mi,Stage IIA,6th,T1c,,,0,23.46,0:DiseaseFree,,,,Negative,,NOT HISPANIC OR LATINO,,6/11/13,,,1.04,,,Negative,,,,,Infiltrating Ductal Carcinoma,,No,No,C50.9,8500/3,C50.9,,,YES,2008,YES,0,,13,,,,,,Core needle biopsy,,,NO,,,,,,,,,,,,23.46,0:LIVING,35BD694D-1DD2-466F-AB27-03320614B40E,Negative,YES,Right Upper Outer Quadrant,,NO,,,,,Negative,,BLACK OR AFRICAN AMERICAN,YES,YES,1,Female,Breast,Sentinel node biopsy alone,,,,Lumpectomy,OL,TUMOR FREE
TCGA-OL-A66J,80,MX,N0,Stage I,6th,T1c,,,0,65.57,0:DiseaseFree,,,,Positive,90-99%,NOT HISPANIC OR LATINO,,6/11/13,,,1.5,,,Negative,,,,,Infiltrating Lobular Carcinoma,,No,No,C50.9,8520/3,C50.9,,,YES,2008,YES,0,,4,,Post (prior bilateral ovariectomy OR >12 mo since LMP with no prior hysterectomy),,,,Core needle biopsy,,,NO,,,,,,,,,,,,65.57,0:LIVING,96E1FC6D-693F-4F4F-B5F7-8D6E1C6C43F8,Negative,NO,Right Upper Outer Quadrant,,NO,,,,,Positive,50-59%,WHITE,YES,YES,1,Female,Breast,Sentinel node biopsy alone,,,,Lumpectomy,OL,TUMOR FREE
TCGA-OL-A66K,72,MX,N0,Stage IIA,7th,T2,,,0,,,,,,Positive,70-79%,NOT HISPANIC OR LATINO,,6/11/13,,,1.23,,,Negative,,2,,,Infiltrating Lobular Carcinoma,,No,No,C50.9,8520/3,C50.9,Equivocal,,YES,2010,YES,,,2,,Post (prior bilateral ovariectomy OR >12 mo since LMP with no prior hysterectomy),,,,Core needle biopsy,,,NO,,,,,,,,,,,,41.89,1:DECEASED,2AB1B35B-9E56-475C-AC9B-15ED0A422683,Negative,NO,Right Upper Outer Quadrant,,NO,,,,,Positive,90-99%,WHITE,NO,YES,1,Female,Breast,Sentinel node biopsy alone,,,,Simple Mastectomy,OL,TUMOR FREE
TCGA-OL-A66L,71,MX,N0,Stage IA,7th,T1c,,,0,42.74,0:DiseaseFree,,,,Positive,90-99%,NOT HISPANIC OR LATINO,,6/11/13,,,1.1,,,Negative,,,,,Infiltrating Ductal Carcinoma,,No,No,C50.9,8500/3,C50.9,,,YES,2010,YES,,,2,,Post (prior bilateral ovariectomy OR >12 mo since LMP with no prior hysterectomy),,,,Core needle biopsy,,,NO,,,,,,,,,,,,42.74,0:LIVING,AF0ACAA9-A61C-4E57-BC0D-453AD5BF193A,Negative,NO,Right Lower Inner Quadrant,,NO,,,,,Positive,90-99%,BLACK OR AFRICAN AMERICAN,YES,YES,1,Female,Breast,,,,,Lumpectomy,OL,TUMOR FREE
TCGA-OL-A66N,59,MX,N3,Stage IIIC,7th,T3,,,0,26.02,0:DiseaseFree,,,,Positive,80-89%,NOT HISPANIC OR LATINO,,6/11/13,,,1.1,,,Negative,,,,,Infiltrating Lobular Carcinoma,,No,No,C50.9,8520/3,C50.9,,,YES,2011,YES,13,,15,,Post (prior bilateral ovariectomy OR >12 mo since LMP with no prior hysterectomy),,,,Core needle biopsy,,,NO,,,,,,,,,,,,26.02,0:LIVING,E9002F4E-BA0B-4738-9368-DD9614A5DA8A,Negative,NO,Left,,NO,,,,,Negative,,WHITE,YES,YES,1,Female,Breast,Sentinel node biopsy alone,,,,Modified Radical Mastectomy,OL,TUMOR FREE
TCGA-OL-A66O,39,MX,N1a,Stage IIB,7th,T2,,,0,17.35,0:DiseaseFree,,,,Positive,90-99%,NOT HISPANIC OR LATINO,,6/11/13,,,1.2,,,Negative,,,,,Infiltrating Ductal Carcinoma,,No,No,C50.9,8500/3,C50.9,,,YES,2012,YES,3,,17,,Pre (<6 months since LMP AND no prior bilateral ovariectomy AND not on estrogen replacement),,,,Core needle biopsy,,,NO,,,,,,,,,,,,17.35,0:LIVING,A45833E1-7CC9-4273-B408-620F74679A12,Negative,YES,Right Upper Outer Quadrant,,NO,,,,,Positive,90-99%,BLACK OR AFRICAN AMERICAN,YES,YES,1,Female,Breast,Sentinel node biopsy alone,,,,Modified Radical Mastectomy,OL,TUMOR FREE
TCGA-OL-A66P,75,MX,N0,Stage IIA,7th,T2,,,0,14.06,0:DiseaseFree,,,,Negative,,NOT HISPANIC OR LATINO,,6/11/13,,,1.13,,,Negative,,,,,Infiltrating Ductal Carcinoma,,No,No,C50.9,8500/3,C50.9,,,YES,2013,YES,,,2,,,,,,Core needle biopsy,,,NO,,,,,,,,,,,,14.06,0:LIVING,F81AC8A2-4CE6-439E-B027-1C0BFC88CEAA,Negative,YES,Right,,NO,,,,,Negative,,BLACK OR AFRICAN AMERICAN,NO,YES,1,Female,Breast,Sentinel node biopsy alone,,,,Simple Mastectomy,OL,
TCGA-OL-A6VO,43,MX,N0,Stage IA,7th,T1c,,,0,28.19,0:DiseaseFree,,,,Negative,,NOT HISPANIC OR LATINO,,12/5/13,,,1.23,,,Negative,,,,,Infiltrating Ductal Carcinoma,,No,No,C50.9,8500/3,C50.9,Negative,,YES,2012,YES,0,,7,,,,,,Core needle biopsy,,,NO,,,,,,,,,,,,28.19,0:LIVING,398FB71B-CA83-44E7-BF0D-B1CA464B0283,Negative,YES,Right|Right Lower Outer Quadrant,,NO,,,,,Negative,,BLACK OR AFRICAN AMERICAN,YES,YES,1,Female,Breast,Sentinel node biopsy alone,,,,Lumpectomy,OL,TUMOR FREE
TCGA-OL-A6VQ,49,MX,N0,Stage IIA,7th,T2,,,0,19.71,0:DiseaseFree,,,,Positive,90-99%,NOT HISPANIC OR LATINO,,2/20/14,,,1.05,,,Negative,,,,,Infiltrating Lobular Carcinoma,,No,No,C50.9,8520/3,C50.9,,,YES,2012,YES,0,,1,Negative,Pre (<6 months since LMP AND no prior bilateral ovariectomy AND not on estrogen replacement),,,,,,,NO,,,,,,,,,,,,19.71,0:LIVING,34126CD5-CC38-4198-8582-C14FB5DB7ACB,Positive,,Right,,NO,,,,,Positive,10-19%,WHITE,,YES,1,Female,Breast,,,Mastectomy NOS,,Lumpectomy,OL,TUMOR FREE
TCGA-OL-A6VR,48,MX,N0,Stage IA,7th,T1b,,,0,40.08,0:DiseaseFree,,,,Positive,30-39%,NOT HISPANIC OR LATINO,,12/5/13,,,1.23,,,Negative,,,,,Infiltrating Ductal Carcinoma,,No,No,C50.9,8500/3,C50.9,Negative,,YES,2011,YES,0,,2,,,,,,Core needle biopsy,,,NO,,,,,,,,,,,,40.08,0:LIVING,DB3E1CE8-4A05-4BFC-B5AE-13CF789369E1,Negative,NO,Right,,NO,,,,,Positive,90-99%,BLACK OR AFRICAN AMERICAN,NO,YES,1,Female,Breast,Sentinel lymph node biopsy plus axillary dissection,,,,Simple Mastectomy,OL,TUMOR FREE
TCGA-OL-A97C,67,M0,N0,Stage IIB,7th,T3,,,0,9.03,1:Recurred/Progressed,,,,Negative,,NOT HISPANIC OR LATINO,,3/18/14,,,,,,Negative,,,,,"Other, specify",,No,No,C50.9,9020/3,C50.9,,,YES,2013,YES,0,,6,,Post (prior bilateral ovariectomy OR >12 mo since LMP with no prior hysterectomy),,,,Fine needle aspiration biopsy,,,YES,,,,,,,,,,,,8.9,0:LIVING,6FFD1B8C-6F0B-456A-9160-E0C8021E5897,,,Left,,NO,,,,,Negative,,BLACK OR AFRICAN AMERICAN,NO,YES,1,Female,Breast,,,,,Simple Mastectomy,OL,TUMOR FREE
TCGA-PE-A5DC,72,M0,N2a,Stage IIIA,6th,T2,,,0,,,,,,Positive,,NOT HISPANIC OR LATINO,,4/30/13,,,,,,,,,,,Infiltrating Lobular Carcinoma,,No,No,C50.9,8520/3,C50.9,Positive,,YES,2005,YES,5,,31,,Post (prior bilateral ovariectomy OR >12 mo since LMP with no prior hysterectomy),,,,,,,NO,,,,,,,,,,,,46.98,1:DECEASED,76099BEB-0ABE-4B56-8B4E-E4485E0402E6,,YES,Right Upper Inner Quadrant,,NO,,,,,Positive,,WHITE,YES,YES,1,Female,Breast,,,,,,PE,TUMOR FREE
TCGA-PE-A5DD,64,M0,N0,Stage IIA,6th,T2,,,0,64.16,0:DiseaseFree,,,,Positive,,NOT HISPANIC OR LATINO,Reexc of biopsy site for gross/micro residual disease,5/6/13,,,,,,Positive,,,,,Infiltrating Lobular Carcinoma,,No,No,C50.9,8520/3,C50.9,Positive,,YES,2006,YES,0,,2,,Post (prior bilateral ovariectomy OR >12 mo since LMP with no prior hysterectomy),,,,Incisional Biopsy,,,NO,,,,,,,,,,,,64.16,0:LIVING,B0700958-5F90-4546-B35F-635CD506889B,Negative,NO,Right Lower Inner Quadrant,,NO,,,,,Negative,,ASIAN,NO,YES,1,Female,Breast,,,,,Other,PE,TUMOR FREE
TCGA-PE-A5DE,41,M0,N0,Stage IIA,6th,T2,,,0,86.89,0:DiseaseFree,,,,Positive,,,Partial Mastectomy,4/24/13,,,,,,,,,,,Infiltrating Lobular Carcinoma,,No,No,C50.9,8520/3,C50.9,Negative,,YES,2007,YES,0,,1,,Pre (<6 months since LMP AND no prior bilateral ovariectomy AND not on estrogen replacement),,,,Core needle biopsy,,,NO,,,,,,,,,,,,86.89,0:LIVING,89C128B9-1C6B-4C04-A4AF-7066772E783C,,YES,Left,,NO,,,,,Positive,,WHITE,YES,YES,1,Female,Breast,,,,,Other,PE,TUMOR FREE
TCGA-PL-A8LV,54,M0,N0,Stage IIIB,7th,T4,,,0,-0.23,0:DiseaseFree,,,,,,NOT HISPANIC OR LATINO,,3/25/14,,,,,,,,,,,Medullary Carcinoma,,No,No,C50.9,8510/3,C50.9,,,YES,2013,NO,,,,,,,,,Excisional Biopsy,,,,,,,,,,,,,,,-0.23,0:LIVING,389E5B18-8F89-41A9-9FA5-EFD4172836E2,,,Right|Right Upper Outer Quadrant,,YES,,,,,,,BLACK OR AFRICAN AMERICAN,NO,NO,1,Female,Breast,No axillary staging,,,,,PL,WITH TUMOR
TCGA-PL-A8LX,35,M1,N1a,Stage IV,7th,T4,,,0,0.16,0:DiseaseFree,,,,,,NOT HISPANIC OR LATINO,,3/25/14,,,,,,,,,,,Infiltrating Ductal Carcinoma,,No,No,C50.9,8500/3,C50.9,,,YES,2013,YES,,,,,Pre (<6 months since LMP AND no prior bilateral ovariectomy AND not on estrogen replacement),,Bone|Liver,,Excisional Biopsy,,,,,,,,,,,,,,,0.16,0:LIVING,FE2CD610-AA52-4789-AC62-7683281BB22F,,NO,Left|Left Upper Outer Quadrant,,YES,,,,,,,BLACK OR AFRICAN AMERICAN,NO,NO,1,Female,Breast,,,,,,PL,WITH TUMOR
TCGA-PL-A8LY,30,M0,N0,Stage IIB,7th,T3,,,0,0.26,0:DiseaseFree,,,,,,NOT HISPANIC OR LATINO,,3/26/14,,,,,,,,,,,Infiltrating Ductal Carcinoma,,No,No,C50.9,8500/3,C50.9,,,YES,2013,NO,,,,,Pre (<6 months since LMP AND no prior bilateral ovariectomy AND not on estrogen replacement),,,,Excisional Biopsy,,,NO,,,,,,,,,,,,0.26,0:LIVING,9BA11EA8-97D3-464A-90A4-EC1151BE9088,,NO,Right|Right Upper Outer Quadrant,,YES,,,,,,,BLACK OR AFRICAN AMERICAN,NO,NO,1,Female,Breast,,,,,,PL,WITH TUMOR
TCGA-PL-A8LZ,29,M0,N2,Stage IIIB,7th,T4b,,,0,9.92,0:DiseaseFree,,,,,,NOT HISPANIC OR LATINO,,5/5/14,,,,,,,,,,,Infiltrating Ductal Carcinoma,,No,No,C50.9,8500/3,C50.9,,,YES,2013,,,,,,Pre (<6 months since LMP AND no prior bilateral ovariectomy AND not on estrogen replacement),,,,Excisional Biopsy,,,NO,,,,,,,,,,,,9.92,0:LIVING,9087585F-E792-4F33-BAAA-56FFE0F745BE,,YES,Left|Left Upper Outer Quadrant,,YES,,,,,,,BLACK OR AFRICAN AMERICAN,NO,NO,1,Female,Breast,,,,,,PL,TUMOR FREE
TCGA-S3-A6ZF,64,M0,N0,Stage IIA,7th,T2,CAP scoring guideline 2010,39,0,18.79,0:DiseaseFree,,Moderate,3 Point Scale,Positive,90-99%,NOT HISPANIC OR LATINO,,11/12/13,20,,1.5,60,,Negative,50-59%,2,CAP scoring guideline 2010,,Infiltrating Ductal Carcinoma,,No,No,C50.9,8500/3,C50.9,Equivocal,,YES,2013,YES,0,0,1,,Post (prior bilateral ovariectomy OR >12 mo since LMP with no prior hysterectomy),,,,Fine needle aspiration biopsy,,YES,NO,,,,,,,,,,,,18.79,0:LIVING,FBEE40F1-D6D8-4156-8D42-36E09BB9F095,Negative,YES,Right|Right Upper Outer Quadrant,,YES,CAP scoring guideline 2010,,moderate,3 Point Scale,Positive,40-49%,BLACK OR AFRICAN AMERICAN,NO,NO,1,Female,Breast,Sentinel node biopsy alone,,,,Simple Mastectomy,S3,TUMOR FREE
TCGA-S3-A6ZG,71,M0,N1,Stage IIB,7th,T2,CAP scoring guideline 2010,,0,18.46,0:DiseaseFree,,Moderate,3 Point Scale,Positive,90-99%,NOT HISPANIC OR LATINO,,11/12/13,,,,,,,<10%,,CAP scoring guidelines 2010,,Mixed Histology (please specify),Invasive mixed ductal and lobular carcinoma,No,No,C50.9,8520/3,C50.9,Negative,,YES,2013,YES,1,0,3,,Post (prior bilateral ovariectomy OR >12 mo since LMP with no prior hysterectomy),,,,Excisional Biopsy,,YES,NO,,,,,,,,,,,,18.46,0:LIVING,1A679332-30A3-4495-A2E5-39D299E14333,Negative,YES,Left|Left Upper Outer Quadrant,,YES,CAP scoring guideline 2010,,Moderate,3 Point Scale,Positive,80-89%,BLACK OR AFRICAN AMERICAN,NO,NO,1,Female,Breast,Sentinel node biopsy alone,,,,Lumpectomy,S3,TUMOR FREE
TCGA-S3-A6ZH,29,MX,N3a,Stage IIIC,7th,T3,,69,0,21.06,0:DiseaseFree,,Strong,3 Point Scale,Positive,90-99%,NOT HISPANIC OR LATINO,,11/12/13,20,,1.1,79,CAP scoring guideline 2010,Negative,,2,CAP scoring guideline 2010,,Infiltrating Ductal Carcinoma,,No,No,C50.9,8500/3,C50.9,Equivocal,,YES,2013,YES,14,0,21,,,,,,Core needle biopsy,,NO,NO,,,,,,,,,,,,21.06,0:LIVING,EC461EAF-F5CB-4225-A9A0-59D8E6C17EA6,Negative,YES,Left|Left Upper Outer Quadrant,,YES,CAP scoring guideline 2010,,Strong,3 Point Scale,Positive,80-89%,BLACK OR AFRICAN AMERICAN,NO,NO,1,Female,Breast,Axillary lymph node dissection alone,,,,Simple Mastectomy,S3,TUMOR FREE
TCGA-S3-AA0Z,63,M0,N1a,Stage IIB,7th,T2,CAP scoring guideline 2010,33,0,20.66,0:DiseaseFree,,moderate,3 Point Scale,Positive,90-99%,NOT HISPANIC OR LATINO,,4/18/14,20,,1.3,42,CAP scoring guideline 2010,Negative,10-19%,1,CAP scoring guideline 2010,,Infiltrating Ductal Carcinoma,,No,No,C50.9,8500/3,C50.9,Equivocal,,YES,2013,YES,2,0,12,,Post (prior bilateral ovariectomy OR >12 mo since LMP with no prior hysterectomy),,,,Core needle biopsy,,YES,NO,,,,,,,,,,,,20.66,0:LIVING,CFFE832C-8A81-4CDB-8B25-DF7F35AFAFDC,Negative,YES,Left|Left Upper Outer Quadrant,,YES,CAP scoring guideline 2010,1+,,3 Point Scale,Positive,<10%,BLACK OR AFRICAN AMERICAN,NO,NO,1,Female,Breast,Sentinel lymph node biopsy plus axillary dissection,,,,Modified Radical Mastectomy,S3,TUMOR FREE
TCGA-S3-AA10,65,M0,N0,Stage IIA,7th,T2,CAP scoring guideline 2010,,0,19.25,0:DiseaseFree,,,3 Point Scale,Negative,,NOT HISPANIC OR LATINO,,4/18/14,,,,,,,,1,CAP scoring guideline 2010,,Infiltrating Ductal Carcinoma,,No,No,C50.9,8500/3,C50.9,Negative,,YES,2013,YES,0,,4,,Post (prior bilateral ovariectomy OR >12 mo since LMP with no prior hysterectomy),,,,Fine needle aspiration biopsy,,NO,NO,,,,,,,,,,,,19.25,0:LIVING,23C31C2E-336C-4878-A476-CF8D811B4875,Negative,YES,Right|Right Upper Outer Quadrant,,YES,CAP scoring guideline 2010,,,3 Point Scale,Negative,,BLACK OR AFRICAN AMERICAN,NO,NO,1,Female,Breast,Axillary lymph node dissection alone,,,,Simple Mastectomy,S3,TUMOR FREE
TCGA-S3-AA11,67,M0,N0,Stage IIA,7th,T2,CAP scoring guideline 2010,40,0,13.83,0:DiseaseFree,,,4 Point Scale,Positive,90-99%,NOT HISPANIC OR LATINO,,4/18/14,20,,1.5,59,CAP scoring guideline 2010,Negative,<10%,2,CAP scoring guideline 2010,,Infiltrating Ductal Carcinoma,,No,No,C50.9,8500/3,C50.9,Equivocal,3,YES,2013,YES,0,0,1,,Post (prior bilateral ovariectomy OR >12 mo since LMP with no prior hysterectomy),,,,Core needle biopsy,,YES,NO,,,,,,,,,,,,13.83,0:LIVING,0DD8DBC1-C48B-4E7C-B401-57101F724967,Negative,YES,Right,,YES,CAP scoring guideline 2010,2+,,3 Point Scale,Positive,60-69%,BLACK OR AFRICAN AMERICAN,YES,NO,1,Female,Breast,Sentinel node biopsy alone,,,,Lumpectomy,S3,TUMOR FREE
TCGA-S3-AA12,82,MX,N1a,Stage IIIA,7th,T3,CAP SCORING GUIDELINE 2010,,0,18.86,0:DiseaseFree,,MODERATE,3 Point Scale,Positive,90-99%,NOT HISPANIC OR LATINO,,4/18/14,,,,,CAP SCORING GUIDELINE 2007,Negative,,1,CAP SCORING GUIDELINE 2010,,Infiltrating Ductal Carcinoma,,No,Yes,C50.9,8500/3,C50.9,Negative,2,YES,2013,YES,2,0,16,,Post (prior bilateral ovariectomy OR >12 mo since LMP with no prior hysterectomy),left adrenal gland,"Lung|Other, specify",,Core needle biopsy,,NO,NO,,,,,,,,,,,,18.86,0:LIVING,2BCACFD1-6A45-4B96-9B80-2AD569B1AB45,Negative,YES,Left|Left Upper Inner Quadrant|Left Lower Inner Quadrant,,YES,CAP SCORING GUIDELINE 2010,2+,MODERATE,3 Point Scale,Negative,,BLACK OR AFRICAN AMERICAN,NO,NO,1,Female,Breast,Sentinel lymph node biopsy plus axillary dissection,,,,Simple Mastectomy,S3,TUMOR FREE
TCGA-S3-AA14,47,cM0 (i+),N0 (i+),Stage I,7th,T1,CAP SCORING GUIDELINE 2010,,0,17.38,0:DiseaseFree,,,3 Point Scale,Positive,70-79%,NOT HISPANIC OR LATINO,EXCISION WITH NEEDLE WIRE LOCALIZATION,4/18/14,,,,,,,70-79%,3,CAP SCORING GUIDELINE 2010,,Infiltrating Ductal Carcinoma,,No,No,C50.9,8500/3,C50.9,Positive,3,YES,2013,YES,0,3,4,,Post (prior bilateral ovariectomy OR >12 mo since LMP with no prior hysterectomy),,,,Core needle biopsy,,YES,NO,,,,,,,,,,,,17.38,0:LIVING,929ACC67-B8BF-4F65-9110-380E44AB66B7,Negative,YES,Right,,YES,CAP SCORING GUIDELINE 2010,3+,,3 Point Scale,Positive,70-79%,BLACK OR AFRICAN AMERICAN,YES,NO,1,Female,Breast,Sentinel node biopsy alone,,,,Other,S3,TUMOR FREE
TCGA-S3-AA15,51,cM0 (i+),N1a,Stage IIB,7th,T2,CAP SCORING GUIDELINE 2010,,0,17.25,0:DiseaseFree,,,,Negative,,NOT HISPANIC OR LATINO,,4/18/14,,,,,,,,,CAP SCORING GUIDELINE 2010,,Infiltrating Ductal Carcinoma,,No,No,C50.9,8500/3,C50.9,Negative,,YES,2013,YES,2,0,13,,Post (prior bilateral ovariectomy OR >12 mo since LMP with no prior hysterectomy),,,,Core needle biopsy,,YES,NO,,,,,,,,,,,,17.25,0:LIVING,E783E518-C1E5-4EAC-8EAF-E2D65CCD9692,Negative,YES,Right|Right Upper Inner Quadrant,,YES,CAP SCORING GUIDELINE 2010,,,3 Point Scale,Negative,,BLACK OR AFRICAN AMERICAN,NO,NO,1,Female,Breast,Sentinel lymph node biopsy plus axillary dissection,,,,Simple Mastectomy,S3,TUMOR FREE
TCGA-S3-AA17,64,cM0 (i+),N1mi,Stage IIB,7th,T2,CAP SCORING GUIDELINE 2010,35,0,13.93,0:DiseaseFree,,STRONG,3 Point Scale,Positive,90-99%,NOT HISPANIC OR LATINO,,4/21/14,20,,1.7,61,CAP SCORING GUIDELINE 2010,Negative,,2,CAP SCORING GUIDELINE 2010,,Infiltrating Ductal Carcinoma,,No,Yes,C50.9,8500/3,C50.9,Equivocal,3,YES,2013,YES,0,1,2,,Post (prior bilateral ovariectomy OR >12 mo since LMP with no prior hysterectomy),,,,Core needle biopsy,,YES,NO,,,,,,,,,,,,13.93,0:LIVING,49A2FD48-744D-4D88-B9B4-8C778D4F48FD,Negative,YES,Right|Right Lower Outer Quadrant,,YES,CAP SCORING GUIDELINE 2010,2+,MODERATE,3 Point Scale,Positive,70-79%,BLACK OR AFRICAN AMERICAN,YES,NO,1,Female,Breast,Sentinel node biopsy alone,,,,Simple Mastectomy,S3,TUMOR FREE
TCGA-UL-AAZ6,73,MX,N0,Stage IIA,7th,T2,,,0,17.02,0:DiseaseFree,,,3 Point Scale,Positive,90-99%,NOT HISPANIC OR LATINO,,8/28/14,,,,,,,,,,,Infiltrating Ductal Carcinoma,,No,No,C50.9,8500/3,C50.9,Positive,3,YES,2013,,,,,,Post (prior bilateral ovariectomy OR >12 mo since LMP with no prior hysterectomy),,,,,,,NO,,,,,,,,,,,,17.02,0:LIVING,4B54E06E-A280-4981-A4E1-9AEA154341B4,,YES,Right,,YES,,,,,Positive,<10%,BLACK OR AFRICAN AMERICAN,YES,NO,1,Female,Breast,,,,,,UL,TUMOR FREE
TCGA-UU-A93S,63,M1,N3b,Stage IV,7th,T4d,,,0,,,,,,Negative,,NOT HISPANIC OR LATINO,,11/11/14,,,,,,,90-99%,3,,,Infiltrating Ductal Carcinoma,,No,No,C50.9,8500/3,C50.9,Positive,,YES,2013,NO,,,,,Post (prior bilateral ovariectomy OR >12 mo since LMP with no prior hysterectomy),,Bone|Liver,,Core needle biopsy,,YES,NO,,,,,,,,,,,,3.81,1:DECEASED,45013972-2DFD-4F82-A076-E3E4AF1B43B8,Positive,NO,Right|Right Upper Inner Quadrant|Right Upper Outer Quadrant|Right Lower Inner Quadrant|Right Lower Outer Quadrant,,YES,,,,,Negative,,BLACK OR AFRICAN AMERICAN,NO,NO,1,Female,Breast,No axillary staging,,,,Modified Radical Mastectomy,UU,WITH TUMOR
TCGA-V7-A7HQ,75,M0,N2a,Stage IIIA,6th,T1c,,1,0,66.79,0:DiseaseFree,,Moderate to strong,3 Point Scale,Positive,60-69%,NOT HISPANIC OR LATINO,,3/31/15,20,,1.1,1.1,,Negative,,,,,Infiltrating Ductal Carcinoma,,No,No,C50.9,8500/3,C50.9,,,YES,2009,YES,5,,18,Negative,Post (prior bilateral ovariectomy OR >12 mo since LMP with no prior hysterectomy),,,,Tumor resection,,NO,NO,,,,,,,,,,,,66.79,0:LIVING,1285EB55-415C-494A-AA58-936F0427CDD0,Positive,NO,Right Lower Outer Quadrant,,NO,,3+,,3 Point Scale,Positive,80-89%,BLACK OR AFRICAN AMERICAN,NO,YES,1,Female,Breast,Sentinel lymph node biopsy plus axillary dissection,,Other,Additional resection/ margins (taken after first margin positive),Modified Radical Mastectomy,V7,TUMOR FREE
TCGA-W8-A86G,66,MX,N0 (i-),Stage IIA,7th,T2a,,,0,11.4,0:DiseaseFree,,,3 Point Scale,Positive,90-99%,NOT HISPANIC OR LATINO,,1/29/14,,,,,,,,1,,,Infiltrating Lobular Carcinoma,,No,Yes,C50.9,8520/3,C50.9,Negative,1,YES,2013,YES,0,0,1,Negative,Post (prior bilateral ovariectomy OR >12 mo since LMP with no prior hysterectomy),,,,Core needle biopsy,,YES,NO,,,,,,,,,,,,11.4,0:LIVING,90FF48C3-B14B-4A8B-94A1-98C0BAB0D27B,Negative,YES,Left|Left Lower Inner Quadrant,,YES,,1+,,3 Point Scale,Positive,70-79%,WHITE,NO,NO,1,Female,Breast,Sentinel node biopsy alone,,Other,Mastectomy,Lumpectomy,W8,TUMOR FREE
TCGA-WT-AB41,55,MX,N1mi,Stage IIB,7th,T2,,,0,52.92,0:DiseaseFree,,,3 Point Scale,Positive,90-99%,NOT HISPANIC OR LATINO,,7/16/14,,,,,,,,,,,Infiltrating Ductal Carcinoma,,No,Yes,C50.9,8500/3,C50.9,,3,YES,2010,YES,1,,2,,Post (prior bilateral ovariectomy OR >12 mo since LMP with no prior hysterectomy),,,,Core needle biopsy,,,NO,,,,,,,,,,,,52.92,0:LIVING,E7DB08A7-B439-4230-8DC4-1B54AF4736C4,Negative,YES,Left Upper Outer Quadrant|Left Lower Inner Quadrant|Left Lower Outer Quadrant,,NO,,1+,,3 Point Scale,Positive,<10%,BLACK OR AFRICAN AMERICAN,NO,YES,1,Female,Breast,No axillary staging,,,,Modified Radical Mastectomy,WT,TUMOR FREE
TCGA-WT-AB44,77,MX,N0 (i-),Stage IA,7th,T1c,,,0,29.01,0:DiseaseFree,,,3 Point Scale,Positive,90-99%,NOT HISPANIC OR LATINO,,7/16/14,,,,,,,,1,,,Infiltrating Lobular Carcinoma,,No,No,C50.9,8520/3,C50.9,Negative,3,YES,2012,YES,0,,4,,Post (prior bilateral ovariectomy OR >12 mo since LMP with no prior hysterectomy),,,,Core needle biopsy,,,NO,,,,,,,,,,,,29.01,0:LIVING,5CD79093-1571-4F71-8136-0D84CCABDCAC,Negative,YES,Left,,NO,,3+,,3 Point Scale,Positive,90-99%,WHITE,YES,YES,1,Female,Breast,No axillary staging,,,,Lumpectomy,WT,TUMOR FREE
TCGA-XX-A899,46,MX,N2a,Stage IIIA,7th,T1c,,,0,15.34,0:DiseaseFree,,strong,,Positive,90-99%,NOT HISPANIC OR LATINO,,2/21/14,,,,,,,,,,,Infiltrating Lobular Carcinoma,,No,No,C50.9,8520/3,C50.9,Negative,,YES,2013,YES,5,0,22,,Post (prior bilateral ovariectomy OR >12 mo since LMP with no prior hysterectomy),,,,Core needle biopsy,,NO,NO,,,,,,,,,,,,15.34,0:LIVING,F89588E9-CA73-4465-A7FB-7246EDB45E3A,Negative,YES,Right Lower Outer Quadrant,,NO,,,strong,,Positive,70-79%,WHITE,YES,YES,1,Female,Breast,Sentinel lymph node biopsy plus axillary dissection,,,,Modified Radical Mastectomy,XX,TUMOR FREE
TCGA-XX-A89A,68,MX,N0,Stage IIB,7th,T3,,,0,16.03,0:DiseaseFree,,moderately to strongly,,Positive,70-79%,NOT HISPANIC OR LATINO,,2/21/14,,,,,,,,,,,Infiltrating Lobular Carcinoma,,No,No,C50.9,8520/3,C50.9,Negative,,YES,2013,YES,0,,11,,Post (prior bilateral ovariectomy OR >12 mo since LMP with no prior hysterectomy),,,,Core needle biopsy,,,NO,,,,,,,,,,,,16.03,0:LIVING,CA20249F-B7EA-4FD9-9ECB-34F74755AE35,Negative,NO,Left Upper Outer Quadrant,,NO,,,moderately to strongly,,Positive,70-79%,WHITE,YES,YES,1,Female,Breast,,,,,Simple Mastectomy,XX,TUMOR FREE
TCGA-Z7-A8R5,61,MX,N1a,Stage IIIA,6th,T3,,,0,107.98,1:Recurred/Progressed,,,4 Point Scale,Positive,,NOT HISPANIC OR LATINO,Segmental Mastectomy,7/9/14,,,,,,,,,,,Infiltrating Lobular Carcinoma,,No,Yes,C50.9,8520/3,C50.9,Negative,2,YES,2005,YES,3,3,5,,Post (prior bilateral ovariectomy OR >12 mo since LMP with no prior hysterectomy),,,,Core needle biopsy,,YES,YES,,,,,,,,,,,,107.98,0:LIVING,23F438BD-1DBB-4D46-972F-1E8E74DDBD37,Positive,YES,Left Upper Outer Quadrant,,NO,,1+,,4 Point Scale,Positive,,WHITE,NO,YES,1,Female,Breast,Sentinel lymph node biopsy plus axillary dissection,,,,Other,Z7,TUMOR FREE
TCGA-Z7-A8R6,46,M0,N0,Stage I,6th,T1c,,,0,106.96,0:DiseaseFree,,,4 Point Scale,Positive,,NOT HISPANIC OR LATINO,,7/9/14,,,,,,,,1,,,Infiltrating Lobular Carcinoma,,No,No,C50.8,8022/3,C50.8,Negative,2,YES,2005,YES,0,0,2,,Pre (<6 months since LMP AND no prior bilateral ovariectomy AND not on estrogen replacement),,,,Tumor resection,,YES,NO,,,,,,,,,,,,106.96,0:LIVING,B1D44C81-747D-471F-9093-AEB262A17975,Negative,YES,Left Upper Outer Quadrant,,NO,,2+,,4 Point Scale,Positive,,WHITE,NO,YES,1,Female,Breast,Sentinel lymph node biopsy plus axillary dissection,,,,Lumpectomy,Z7,TUMOR FREE
